eleccion,codigo_localidad,localidad,nombre_puesto,votos_totales,votos_ph,pct_ph,sitio_oficial,direccion,latitud,longitud
Alcaldía 2023,00,NACIONAL,CARCEL DISTRITAL,144,67,46.53,,,,
Alcaldía 2023,00,NACIONAL,CARCEL DISTRITAL JUDICIAL MODELO,98,21,21.43,,,,
Alcaldía 2023,00,NACIONAL,PENITENCIARIA LA PICOTA,206,59,28.64,,,,
Alcaldía 2023,00,NACIONAL,PUESTO CENSO(FERIA EXPOSICION),27399,5150,18.8,,,,
Alcaldía 2023,00,NACIONAL,RECLUSION DE MUJERES EL BUEN PASTOR,38,8,21.05,,,,
Alcaldía 2023,01,LOCALIDAD 1 USAQUEN,ALESSANDRO VOLTA,5033,298,5.92,Colegio Alessandro Volta,CLL 119 # 4 - 79,4.694216800000049,-74.02790711999995
Alcaldía 2023,01,LOCALIDAD 1 USAQUEN,ANGLO AMERICANO,2776,264,9.51,Colegio Anglo Americano,CLL 170 # 8 - 80 /CLL 170 # 8 - 70,4.747961740000051,-74.02898538999995
Alcaldía 2023,01,LOCALIDAD 1 USAQUEN,BUENAVISTA,3677,668,18.17,Colegio Distrital Nuevo Horizonte Sede A,CRA 5 B # 189 B - 30,4.766856690000054,-74.02579166999993
Alcaldía 2023,01,LOCALIDAD 1 USAQUEN,CALAZANS,5141,605,11.77,,,,
Alcaldía 2023,01,LOCALIDAD 1 USAQUEN,CANAIMA,1785,218,12.21,Vía pública,CLL 195 # 19 - 50 Vía Pública / CLL 195 # 20 - 91 Vía Pública,4.772747020000054,-74.04098847999995
Alcaldía 2023,01,LOCALIDAD 1 USAQUEN,CARULLA 140,4688,307,6.55,Almacén Carulla CLL 140 - Parqueadero,CRA 11  # 140 - 20 /CLL 140 # 11 - 20,4.71926086000002,-74.03542253999996
Alcaldía 2023,01,LOCALIDAD 1 USAQUEN,CEDRO GOLF,6339,622,9.81,Parque Cedro Golf,CRA 7 A # 150 - 85,4.725494390000051,-74.02642591999995
Alcaldía 2023,01,LOCALIDAD 1 USAQUEN,CENTRO COMERCIAL BELAIRE PLAZA,1447,165,11.4,Centro Comercial Belaire Plaza,CRA 7 # 152 - 54,4.72691406000007,-74.02445669999997
Alcaldía 2023,01,LOCALIDAD 1 USAQUEN,CENTRO COMERCIAL CEDRITOS 151,12037,939,7.8,Parqueadero Centro Comercial Cedritos 151,CLL 150 # 16 - 56,4.7314900900000225,-74.04181592999998
Alcaldía 2023,01,LOCALIDAD 1 USAQUEN,CENTRO COMERCIAL HACIENDA SANTA BARBARA,7967,334,4.19,Centro Comercial Hacienda Santa Bárbara,CLL 114 CRA 6 Entrada Zona C /CRA 6 # 115 - 65 Entrada F,4.692593030000069,-74.03165672999995
Alcaldía 2023,01,LOCALIDAD 1 USAQUEN,CENTRO COMERCIAL PALATINO,6791,420,6.18,Centro Comercial Palatino,CRA 7 # 138 - 33,4.715298940000025,-74.02903810999999
Alcaldía 2023,01,LOCALIDAD 1 USAQUEN,CENTRO COMERCIAL UNICENTRO,16886,716,4.24,Parqueadero Unicentro,AV CRA 15 # 124 - 30,4.7023787700000526,-74.04262499999999
Alcaldía 2023,01,LOCALIDAD 1 USAQUEN,COLEGIO AGUSTIN FERNANDEZ SEDE A,5925,832,14.04,Colegio Distrital Agustín Fernández - Sede A,CRA 7 # 155 - 20,4.7295440200000485,-74.02379497999993
Alcaldía 2023,01,LOCALIDAD 1 USAQUEN,COLEGIO AQUILEO PARRA SEDE BACHILLERATO,7888,1205,15.28,Colegio Distrital Aquileo Parra,CRA 18 A # 187 - 75 /CRA 18 A # 187 - 97,4.766259870000056,-74.03911764999998
Alcaldía 2023,01,LOCALIDAD 1 USAQUEN,COLEGIO BUEN CONSEJO,6506,230,3.54,Colegio Buen Consejo,CLL 104 # 17 - 22entrada por la CLL 105 con CRA 17,4.68997384000005,-74.04904848999996
Alcaldía 2023,01,LOCALIDAD 1 USAQUEN,COLEGIO CAMPESTRE SAN JOSE,3542,184,5.19,Colegio Campestre San José,CLL 128 B # 20 - 80,4.7132078200000365,-74.04955777999999
Alcaldía 2023,01,LOCALIDAD 1 USAQUEN,COLEGIO CARDENAL SANCHA,3619,171,4.73,Colegio Cardenal Sancha,CLL 127 B Bis # 21 - 02,4.709756000000027,-74.05093978999997
Alcaldía 2023,01,LOCALIDAD 1 USAQUEN,COLEGIO COLSUBSIDIO NORTE USAQUEN,8029,674,8.39,Colegio Colsubsidio Norte,CLL 151 # 15 - 70,4.732726000000071,-74.04059599999994
Alcaldía 2023,01,LOCALIDAD 1 USAQUEN,COLEGIO DISTRITAL CRISTOBAL COLON,3227,458,14.19,Colegio Distrital Cristóbal Colón,CLL 165 # 8 A - 03,4.741343000000029,-74.02593299999995
Alcaldía 2023,01,LOCALIDAD 1 USAQUEN,COLEGIO DISTRITAL DIVINO MAESTRO SEDE A,3428,456,13.3,Colegio Distrital Divino Maestro - Sede A,CRA 8 C # 163 B - 20,4.739852820000067,-74.02774595999995
Alcaldía 2023,01,LOCALIDAD 1 USAQUEN,COLEGIO DISTRITAL DIVINO MAESTRO SEDE B,1604,258,16.08,Colegio Distrital Divino Maestro - Sede B,CLL 164 # 7 F - 08 / CRA 7 F # 164 - 51,4.7402532100000485,-74.02522372999994
Alcaldía 2023,01,LOCALIDAD 1 USAQUEN,COLEGIO DISTRITAL LA EQUIDAD SALUDCOOP,289,26,9.0,Colegio Distrital La Equidad SALUDCOOP,CRA 1 Este # 163 - 60,4.735055420000037,-74.01616506999994
Alcaldía 2023,01,LOCALIDAD 1 USAQUEN,COLEGIO DISTRITAL SALUDCOOP NORTE,3223,530,16.44,Colegio Distrital Salud Coop Norte,CLL 181 # 18 B - 83,4.757606000000067,-74.04041199999995
Alcaldía 2023,01,LOCALIDAD 1 USAQUEN,COLEGIO DISTRITAL TOBERIN SEDE A,7426,935,12.59,,,,
Alcaldía 2023,01,LOCALIDAD 1 USAQUEN,COLEGIO DISTRITAL USAQUEN SEDE A,3764,165,4.38,Colegio Distrital Usaquén - Sede A,CLL 127 C # 9 A - 03,4.707009080000034,-74.03447423999995
Alcaldía 2023,01,LOCALIDAD 1 USAQUEN,COLEGIO ESCLAVAS DEL SAGRADO CORAZON,2215,237,10.7,Colegio Esclavas del Sagrado Corazón,CLL 175 # 20 A - 26Entrada por detrás del CC PANAMA,4.755656320000071,-74.04309303999997
Alcaldía 2023,01,LOCALIDAD 1 USAQUEN,COLEGIO FRIEDRICH NAUMANN SEDE A,962,127,13.2,,,,
Alcaldía 2023,01,LOCALIDAD 1 USAQUEN,COLEGIO FRIEDRICH NAUMANN SEDE B,840,172,20.48,,,,
Alcaldía 2023,01,LOCALIDAD 1 USAQUEN,COLEGIO GENERAL SANTANDER USAQUEN,3262,433,13.27,Parque Alta Blanca,CRA 8A # 158 - 04,4.7344863200000304,-74.02905374999995
Alcaldía 2023,01,LOCALIDAD 1 USAQUEN,COLEGIO LA ESTRELLITA,1160,201,17.33,Colegio La Estrellita (antes Don Bosco III),CRA 26 # 187 B - 37 /CLL 187C # 4A - 30 /CRA 4 # 187 D - 09,4.764576000000034,-74.02449415999996
Alcaldía 2023,01,LOCALIDAD 1 USAQUEN,COLEGIO MARIA AUXILIADORA NORTE,955,97,10.16,Colegio María Auxiliadora Norte,CRA 8 G # 166 - 70,4.744558520000055,-74.02956340999998
Alcaldía 2023,01,LOCALIDAD 1 USAQUEN,COLEGIO MAYOR JOSE CELESTINO MUTIS,304,52,17.11,Colegio Mayor José Celestino Mutis,CRA 11 # 185 B - 88,4.7630960000000755,-74.03262163999995
Alcaldía 2023,01,LOCALIDAD 1 USAQUEN,COLEGIO MONTERROSALES,873,182,20.85,Colegio Monterrosales,KM 4.5 Vía La Calera,4.67414296000004,-74.01973278999998
Alcaldía 2023,01,LOCALIDAD 1 USAQUEN,COLEGIO NUEVO HORIZONTE SEDE D TORCA,189,23,12.17,,,,
Alcaldía 2023,01,LOCALIDAD 1 USAQUEN,COLEGIO PROVINMA,4909,427,8.7,Colegio PROVINMA,CLL 145 # 11 - 40,4.723774540000022,-74.03497694999999
Alcaldía 2023,01,LOCALIDAD 1 USAQUEN,COLEGIO PUREZA DE MARIA,4931,407,8.25,Colegio Privado Pureza de María,CRA 7  # 147 - 02,4.722543740000049,-74.02603038999996
Alcaldía 2023,01,LOCALIDAD 1 USAQUEN,COLEGIO SAN FRANCISCO CL 186,2101,353,16.8,,,,
Alcaldía 2023,01,LOCALIDAD 1 USAQUEN,COLEGIO SANS FACON,1933,205,10.61,,,,
Alcaldía 2023,01,LOCALIDAD 1 USAQUEN,"COLEGIO TOBERIN ""B""",3853,538,13.96,,,,
Alcaldía 2023,01,LOCALIDAD 1 USAQUEN,ESCUELA COLOMBIANA DE REHABILITACION,3760,321,8.54,Escuela Colombiana de Rehabilitación,AV CRA 15 # 151 - 68,4.732884050000052,-74.03997240999996
Alcaldía 2023,01,LOCALIDAD 1 USAQUEN,FUNDACION ANA RESTREPO DEL CORRAL,305,37,12.13,Fundación Ana Restrepo del Corral,CLL 130 # 1 – 10 Este,4.705022530000065,-74.02224767999996
Alcaldía 2023,01,LOCALIDAD 1 USAQUEN,I E AQUILEO PARRA SEDE PRIMARIA,329,42,12.77,Colegio Distrital Aquileo Parra Sede Primaria,TRV 18 B # 187 - 43,4.765408610000065,-74.03934941999995
Alcaldía 2023,01,LOCALIDAD 1 USAQUEN,INSTITUTO PEDAGOGICO NACIONAL,6170,344,5.58,Instituto Pedagógico Nacional,AV CLL 127 # 11 - 20,4.704392980000023,-74.03444789999998
Alcaldía 2023,01,LOCALIDAD 1 USAQUEN,LIJACA,5636,829,14.71,Colegio Distrital Unión Colombia - Sede B,CLL 189 # 7 - 05,4.765537420000044,-74.02799442999998
Alcaldía 2023,01,LOCALIDAD 1 USAQUEN,PARQUE CEDRITOS,6940,573,8.26,Parque Cedritos,CRA 9 Entre CLL 145 y 146 / CRA 11 # 145 - 60,4.723401710000076,-74.03252395999993
Alcaldía 2023,01,LOCALIDAD 1 USAQUEN,PLAZA MEXICO,7136,283,3.97,Parqueadero Plaza México,CRA 19 A con CLL 117,4.699343850000048,-74.05045573999996
Alcaldía 2023,01,LOCALIDAD 1 USAQUEN,SALON COMUNAL SAN CRISTOBAL NORTE,671,72,10.73,Salón Comunal San Cristóbal Norte,CLL 162 # 7 G - 37,4.737904300000025,-74.02651205999996
Alcaldía 2023,01,LOCALIDAD 1 USAQUEN,SALON COMUNAL TIBABITA,299,52,17.39,Salón Comunal Tibabita,CRA 8 B # 191 - 04,4.768201210000029,-74.02949775999997
Alcaldía 2023,01,LOCALIDAD 1 USAQUEN,SALON COMUNAL VILLA NIDIA,152,25,16.45,Salón Comunal Villa Nidia,CRA 4 # 160B - 23,4.734658380000042,-74.02081487999999
Alcaldía 2023,01,LOCALIDAD 1 USAQUEN,SAN ANTONIO UNIÓN COLOMBIA,6131,862,14.06,Colegio Distrital Unión Colombia - Sede A,CRA 7 A # 182 A - 07,4.759461830000021,-74.02751643999994
Alcaldía 2023,01,LOCALIDAD 1 USAQUEN,SANTA PAULA,5940,185,3.11,Parqueadero,CRA 13 A # 107 A - 10,4.690482880000047,-74.04258361999996
Alcaldía 2023,01,LOCALIDAD 1 USAQUEN,SANTO TOMAS DE AQUINO,8647,571,6.6,Colegio Santo Tomás de Aquino,CRA 21 # 132 – 46,4.717314540000075,-74.04961493999997
Alcaldía 2023,01,LOCALIDAD 1 USAQUEN,SERVITA,11782,1539,13.06,Centro de Atención Distrital Especializado Servitá,CLL 165 # 7 - 38 /CLL 165 # 7 - 52,4.7414059700000735,-74.02346389999997
Alcaldía 2023,01,LOCALIDAD 1 USAQUEN,UNIVERSIDAD EL BOSQUE,8309,513,6.17,Universidad El Bosque,AV CRA 9 # 131 A – 02,4.710340760000065,-74.03238880999999
Alcaldía 2023,01,LOCALIDAD 1 USAQUEN,UNIVERSIDAD MILITAR,2451,133,5.43,Vía Pública Universidad Militar,CRA 11 con CLL 101 Esquina,4.683697680000023,-74.04260518999996
Alcaldía 2023,01,LOCALIDAD 1 USAQUEN,USAQUÉN,9520,859,9.02,Vía Pública,CRA 6A ENTRE CLL 119 Y 120A VIA PUBLICA,4.696280220000062,-74.03074327999997
Alcaldía 2023,01,LOCALIDAD 1 USAQUEN,VERBENAL SANTA MARIA,4703,731,15.54,Colegio Santa María,CRA 11 # 185 B - 17,4.762672440000074,-74.03284929999995
Alcaldía 2023,02,LOCALIDAD 2 CHAPINERO,ANTIGUO COUNTRY PLAZOLETA CARULLA,5704,332,5.82,Carulla - Plazoleta,CRA 15 con CLL 85 Esquina,4.669904140000028,-74.05568486999994
Alcaldía 2023,02,LOCALIDAD 2 CHAPINERO,BETHLEMITAS-CALLE 65,3134,397,12.67,,,,
Alcaldía 2023,02,LOCALIDAD 2 CHAPINERO,CENTRO COMERCIAL DE LA 93,2067,87,4.21,Centro Comercial de la 93,CLL 93 # 14 - 20 Entrada C,4.676842290000025,-74.05147766999994
Alcaldía 2023,02,LOCALIDAD 2 CHAPINERO,CHICO 97,741,36,4.86,,,,
Alcaldía 2023,02,LOCALIDAD 2 CHAPINERO,CHICO LICEO FRANCES LOUIS PASTEUR,8245,233,2.83,Liceo Francés Louis Pasteur,CLL 86 # 7 - 40,4.666711980000059,-74.04677355999996
Alcaldía 2023,02,LOCALIDAD 2 CHAPINERO,CHICO NORTE,5354,350,6.54,Parqueadero,AV CLL 100 # 16 - 75,4.685075570000038,-74.04965463999997
Alcaldía 2023,02,LOCALIDAD 2 CHAPINERO,CHICO RESERVADO,4383,204,4.65,Parqueadero Olímpica,CLL 97 # 10 - 45,4.6797337100000505,-74.04422465999994
Alcaldía 2023,02,LOCALIDAD 2 CHAPINERO,COLEGIO CAMPESTRE MONTEVERDE SAN LUIS,2756,627,22.75,Colegio Distrital Campestre Monteverde,CRA 5 C Este # 98 A - 55,4.670209740000075,-74.02153894999998
Alcaldía 2023,02,LOCALIDAD 2 CHAPINERO,COLEGIO DEL ROSARIO DE SANTO DOMINGO,460,27,5.87,Colegio del Rosario de Santo Domingo,CLL 68 # 0 - 51 Este /CLL 68 # 1 - 51 Este,4.647583970000028,-74.05235526999996
Alcaldía 2023,02,LOCALIDAD 2 CHAPINERO,COLEGIO LICEO DE CERVANTES EL RETIRO,2047,65,3.18,Colegio Liceo de Cervantes El Retiro,CRA 8 # 83 - 29 /CRA 8 # 84A - 37,4.664575900000045,-74.04943287999998
Alcaldía 2023,02,LOCALIDAD 2 CHAPINERO,COLEGIO NUEVO GIMNASIO,985,100,10.15,Colegio Nuevo Gimnasio,CLL 81  # 11 - 71 / CLL 80 # 11 - 70,4.664884250000057,-74.05461493999996
Alcaldía 2023,02,LOCALIDAD 2 CHAPINERO,COLEGIO SIMON RODRIGUEZ SEDE A,2944,503,17.09,Colegio Distrital  Simón Rodríguez Sede A,CLL 69 # 11 - 27,4.654052440000044,-74.06109617999994
Alcaldía 2023,02,LOCALIDAD 2 CHAPINERO,EL AQUINATE U. SANTO TOMAS,1415,265,18.73,,,,
Alcaldía 2023,02,LOCALIDAD 2 CHAPINERO,GRANADA COLEGIO SIMON RODRIGUEZ SEDE B,1648,268,16.26,Colegio Distrital Simón Rodríguez - Sede B,CLL 65 Bis # 4 - 90,4.648396260000027,-74.05664862999998
Alcaldía 2023,02,LOCALIDAD 2 CHAPINERO,MARISCAL SUCRE SEDE B,329,81,24.62,,,,
Alcaldía 2023,02,LOCALIDAD 2 CHAPINERO,MUSEO DEL CHICO,2524,79,3.13,Museo del Chico,CRA 7 # 93 - 01 / AV CRA 7 # 93 - 51,4.6728828500000645,-74.04334129999995
Alcaldía 2023,02,LOCALIDAD 2 CHAPINERO,PARQUEADERO CHICO CALLE 90,1643,86,5.23,,,,
Alcaldía 2023,02,LOCALIDAD 2 CHAPINERO,SALON COMUNAL PARAISO EL TROPIHUECO,561,145,25.85,Vía Pública Salón Comunal Paraíso El Tropihueco,TRV 1 Este # 40 B - 90,4.626993920000075,-74.06058271999996
Alcaldía 2023,02,LOCALIDAD 2 CHAPINERO,SENA CALLE 52,3761,770,20.47,,,,
Alcaldía 2023,02,LOCALIDAD 2 CHAPINERO,SENA CALLE 65,2767,511,18.47,,,,
Alcaldía 2023,02,LOCALIDAD 2 CHAPINERO,U. SANTO TOMAS CLAUSTRO,2302,466,20.24,,,,
Alcaldía 2023,02,LOCALIDAD 2 CHAPINERO,UNIVERSIDAD AREA ANDINA,326,60,18.4,Universidad Área Andina,AV Caracas # 69 - 44,4.655955820000031,-74.06230299999999
Alcaldía 2023,02,LOCALIDAD 2 CHAPINERO,UNIVERSIDAD CATOLICA,2135,417,19.53,Universidad Católica de Colombia,CRA 14 # 47 - 44,4.634848980000072,-74.06707901999994
Alcaldía 2023,02,LOCALIDAD 2 CHAPINERO,UNIVERSIDAD DE LA SALLE,2440,395,16.19,Universidad de La Salle,CRA 5 # 59 A - 44,4.644731880000052,-74.06006504999993
Alcaldía 2023,02,LOCALIDAD 2 CHAPINERO,UNIVERSIDAD DISTRITAL,3932,911,23.17,Universidad Distrital,CRA 8 # 40 B - 62 / 64,4.628189520000035,-74.06579504999996
Alcaldía 2023,02,LOCALIDAD 2 CHAPINERO,UNIVERSIDAD EAN,5757,250,4.34,Universidad EAN,CLL 79 # 11 - 45 / CRA 11 # 78 - 47,4.663431080000066,-74.05480024999997
Alcaldía 2023,02,LOCALIDAD 2 CHAPINERO,UNIVERSIDAD JAVERIANA,697,136,19.51,Universidad Javeriana,CLL 40 B # 5 - 37,4.626828340000031,-74.06433563999997
Alcaldía 2023,02,LOCALIDAD 2 CHAPINERO,UNIVERSIDAD KONRAD LORENZ,4554,710,15.59,Fundación Universitaria Konrad Lorenz,CRA 9 Bis # 62 - 43,4.648417560000041,-74.06145695999999
Alcaldía 2023,02,LOCALIDAD 2 CHAPINERO,UNIVERSIDAD PEDAGOGICA NACIONAL,4120,653,15.85,Universidad Pedagógica Nacional,CLL 72 # 11 - 86,4.657867380000027,-74.05929988999998
Alcaldía 2023,02,LOCALIDAD 2 CHAPINERO,UNIVERSIDAD PILOTO,2522,500,19.83,Universidad Piloto de Colombia,CRA 9 # 45 A - 25,4.632772360000047,-74.06547381999997
Alcaldía 2023,02,LOCALIDAD 2 CHAPINERO,UNIVERSIDAD SERGIO ARBOLEDA,3936,417,10.59,Universidad Sergio Arboleda,CLL 74 # 14 - 14,4.660894640000038,-74.05979578999995
Alcaldía 2023,03,LOCALIDAD 3 SANTA FE,CAMILO TORRES,2320,592,25.52,Colegio Distrital Externado Camilo Torres,CRA 7 # 33 - 64,4.620288450000032,-74.06658511999996
Alcaldía 2023,03,LOCALIDAD 3 SANTA FE,CENTRO COMERCIAL SAN MARTIN,3197,793,24.8,Centro Comercial San Martín,CRA 7 # 32 - 84 / CLL 33 # 6B - 95,4.619655990000069,-74.06767179999997
Alcaldía 2023,03,LOCALIDAD 3 SANTA FE,CENTRO ORIENTE,1633,390,23.88,Centro Comunitario Lourdes,CRA 2 # 4 - 10 /CRA 2 # 4 - 12,4.589504470000065,-74.07394484999998
Alcaldía 2023,03,LOCALIDAD 3 SANTA FE,COLEGIO LA GIRALDA,2032,544,26.77,Colegio Distrital la Giralda,CLL 1 # 3 - 58 /CLL 1 # 3 - 60,4.583296250000046,-74.07918392999994
Alcaldía 2023,03,LOCALIDAD 3 SANTA FE,COLEGIO RAMON JIMENO,102,29,28.43,Colegio Ramón Jimeno,CLL 26 # 2 - 44 /CRA 3 # 26A - 04,4.609487350000052,-74.06499823999997
Alcaldía 2023,03,LOCALIDAD 3 SANTA FE,EL CONSUELO,3016,692,22.94,Colegio Distrital Aulas Colombianas - Sede A,CRA 11 Este # 1 A - 85,4.5808390800000325,-74.07114749999994
Alcaldía 2023,03,LOCALIDAD 3 SANTA FE,EL GRAN SAN,1312,250,19.05,Centro Comercial El Gran San,CRA 10 # 9 - 37,4.598662970000021,-74.07912582999995
Alcaldía 2023,03,LOCALIDAD 3 SANTA FE,EL VERJON,239,27,11.3,Colegio Distrital El Verjón Alto - Sede B (Verjón),KM 13 Vía a Choachí,4.605824590000054,-74.02245576999997
Alcaldía 2023,03,LOCALIDAD 3 SANTA FE,FACULTAD DE ARTES - ASAB,1287,301,23.39,Biblioteca Distrital Antonio Nariño,CRA 13 # 14 - 69,4.604598850000059,-74.07837072999996
Alcaldía 2023,03,LOCALIDAD 3 SANTA FE,GIRARDOT,1841,422,22.92,Colegio Distrital Jorge Soto del Corral - Sede A,CLL 3 # 1 B - 09 Este /CLL 3 # 2 - 64 Este,4.587580040000034,-74.07299619999998
Alcaldía 2023,03,LOCALIDAD 3 SANTA FE,LA PERSEVERANCIA,2365,664,28.08,Colegio Distrital Manuel Elkin Patarroyo,CLL 32 A # 3 C - 37,4.617778000000044,-74.06450466999996
Alcaldía 2023,03,LOCALIDAD 3 SANTA FE,LAS AGUAS,1580,424,26.84,Parqueadero primer piso edificio Julio Mario Santo Domingo Universidad de los Andes,CLL 21 # 1 - 20,4.60414564000007,-74.06592859999995
Alcaldía 2023,03,LOCALIDAD 3 SANTA FE,LAS CRUCES,3222,711,22.07,Colegio Distrital Antonio José Uribe,CLL 3 # 9 - 70,4.592220080000061,-74.08225487999994
Alcaldía 2023,03,LOCALIDAD 3 SANTA FE,LAS NIEVES,2315,632,27.3,Colegio Distrital República de Argentina - Sede B (Policarpa Salavarrieta),CLL 20 # 4 - 68,4.6050135900000555,-74.06913089999995
Alcaldía 2023,03,LOCALIDAD 3 SANTA FE,LOS LACHES,3718,880,23.67,Colegio Distrital Efraín Cañavera - Sede B (Los Pinos),CRA 7 Este # 5 - 20,4.587465470000041,-74.06663596999994
Alcaldía 2023,03,LOCALIDAD 3 SANTA FE,MEDICINA LEGAL,822,157,19.1,Antigua Escuela Santa Ines,CRA 12 A # 7 - 07,4.597536170000069,-74.08290337999995
Alcaldía 2023,03,LOCALIDAD 3 SANTA FE,PALACIO SAN FRANCISCO,3288,999,30.38,Palacio San Francisco,CLL 13 (AV Jiménez) # 7 - 56,4.601961520000032,-74.07359543999996
Alcaldía 2023,03,LOCALIDAD 3 SANTA FE,POLICARPA SALAVARRIETA,1845,558,30.24,Colegio Distrital Popicarpa Salavarrieta - Sede A,CLL 28 # 5 A - 06,4.614912220000065,-74.06780814999996
Alcaldía 2023,03,LOCALIDAD 3 SANTA FE,SAN BERNARDO,1836,370,20.15,Colegio Distrital Los Ángeles - Sede B (Santa Inés),CLL 3 # 11 B - 40 / CRA 12 # 3 - 04,4.593608140000072,-74.08471557999997
Alcaldía 2023,03,LOCALIDAD 3 SANTA FE,UNIVERSIDAD ANTONIO NARIÑO,479,132,27.56,,,,
Alcaldía 2023,03,LOCALIDAD 3 SANTA FE,UNIVERSIDAD CENTRAL,2213,557,25.17,Universidad Central,CRA 5 # 21 - 38,4.606374050000056,-74.06934481999997
Alcaldía 2023,03,LOCALIDAD 3 SANTA FE,UNIVERSIDAD INCCA DE COLOMBIA,422,97,22.99,Universidad INCCA de Colombia Sede XXX Aniversario,CLL 24 A # 13 - 72,4.611820390000048,-74.07312631999997
Alcaldía 2023,03,LOCALIDAD 3 SANTA FE,UNIVERSIDAD JORGE TADEO LOZANO,2213,583,26.34,Universidad Jorge Tadeo Lozano (Parqueadero),CRA 4 # 22 Int. 1 Ed Módulo 21 / CLL 23 # 4 - 47,4.60739540000003,-74.06791988999998
Alcaldía 2023,04,LOCALIDAD 4 SAN CRISTOBAL,20 DE JULIO SEDE B,4670,1161,24.86,Colegio Distrital 20 de Julio Sede A,CRA 7 A # 24 - 01 Sur /CLL 25 Sur # 7 - 76,4.571464270000035,-74.09452944999998
Alcaldía 2023,04,LOCALIDAD 4 SAN CRISTOBAL,AGUAS CLARAS,687,198,28.82,Colegio Distrital Aguas Claras,CLL 14 Sur # 25 - 05 Este,4.562157230000025,-74.06739883999995
Alcaldía 2023,04,LOCALIDAD 4 SAN CRISTOBAL,ALTAMIRA,5723,1352,23.62,Colegio Distrital Altamira Sur Oriental - Sede A,CLL 42 A Sur # 12 A - 27 Este,4.545385690000046,-74.08484395999994
Alcaldía 2023,04,LOCALIDAD 4 SAN CRISTOBAL,ARBOLEDA SUR,2643,601,22.74,Colegio Distrital Aldemar Rojas Plazas,CRA 9 A # 14 -04 Sur,4.579195660000039,-74.09111476999993
Alcaldía 2023,04,LOCALIDAD 4 SAN CRISTOBAL,ATENAS,1202,275,22.88,,,,
Alcaldía 2023,04,LOCALIDAD 4 SAN CRISTOBAL,BELLAVISTA SAN CRISTOBAL,4262,937,21.98,Colegio Distrital Los Alpes,CRA 9 Este # 36 G - 80 Sur,4.552632460000041,-74.08445703999996
Alcaldía 2023,04,LOCALIDAD 4 SAN CRISTOBAL,BELLO HORIZONTE,4676,1100,23.52,Colegio Distrital José Castro Martínez - Sede A,CLL 31 D Bis Sur # 2 - 24 Este /CLL 31 D Bis Sur # 2 - 25 Este,4.559956490000047,-74.09247452999995
Alcaldía 2023,04,LOCALIDAD 4 SAN CRISTOBAL,CANADA GUIRA,1375,323,23.49,Colegio Distrital Canadá Guira - Sede C,CLL 48 Sur # 2 - 27 Este,4.544384960000059,-74.09879300999995
Alcaldía 2023,04,LOCALIDAD 4 SAN CRISTOBAL,CDC LA VICTORIA,9283,2002,21.57,Centro de Desarrollo Comunitario La Victoria,CLL 37 Bis B Sur # 2 - 81 Este,4.554597520000073,-74.09505745999996
Alcaldía 2023,04,LOCALIDAD 4 SAN CRISTOBAL,COLEGIO LA VICTORIA SEDE A,738,146,19.78,Colegio Distrital La Victoria Sede A,CRA 3 B Este # 38 - 25 Sur,4.552257040000029,-74.09342702999999
Alcaldía 2023,04,LOCALIDAD 4 SAN CRISTOBAL,COLISEO DEPORTIVO PRIMERA DE MAYO,2323,556,23.93,Coliseo Deportivo Primera de Mayo,CRA 5 Bis # 18 A - 14 Sur / CL 19 S # 5 - 40,4.573732100000029,-74.08919654999994
Alcaldía 2023,04,LOCALIDAD 4 SAN CRISTOBAL,EL PORTAL,1662,400,24.07,Colegio Distrital Francisco Javier Matiz Sede B,CRA 3B # 30A - 42 Sur,4.565800000000024,-74.09489999999994
Alcaldía 2023,04,LOCALIDAD 4 SAN CRISTOBAL,EL QUINDIO,1885,464,24.62,Colegio Distrital El Quindío - Sede B,CLL 46 G Sur # 16 A - 01 Este,4.537394020000022,-74.08281201999995
Alcaldía 2023,04,LOCALIDAD 4 SAN CRISTOBAL,EL RODEO SEDE A,499,112,22.44,Colegio Distrital El Rodeo Sede A,CLL 40 A Sur # 2 - 56 Este,4.551325330000054,-74.09524105999998
Alcaldía 2023,04,LOCALIDAD 4 SAN CRISTOBAL,EL RODEO SEDE B LA GLORIA,717,184,25.66,,,,
Alcaldía 2023,04,LOCALIDAD 4 SAN CRISTOBAL,ENTRE NUBES SEDE A,223,62,27.8,Colegio Distrital Entre Nubes Sur  Oriental Sede A - Anibal Fernández de Soto,CRA 1 D Este # 43 B - 28 Sur,4.547742930000027,-74.09763957999996
Alcaldía 2023,04,LOCALIDAD 4 SAN CRISTOBAL,ESCUELA LA VICTORIA B,2506,637,25.42,Colegio Distrital La Victoria Sede B,CRA 3 A Este # 35 - 37 Sur /CRA 3 A Este # 37 A - 59 Sur,4.554348810000022,-74.09391078999994
Alcaldía 2023,04,LOCALIDAD 4 SAN CRISTOBAL,GUACAMAYAS II,1923,548,28.5,Colegio Distrital Alemania Unificada Sede A,CLL 37 A Bis Sur # 2 A - 04,4.555739480000057,-74.09673592999997
Alcaldía 2023,04,LOCALIDAD 4 SAN CRISTOBAL,JUAN DEL RIZZO,5687,1162,20.43,Colegio privado Salesiano Juan del Rizzo Sede B,CLL 27 Sur # 2 B - 59 / CLL 27 A Sur # 2 B - 59,4.567028210000046,-74.09322578999996
Alcaldía 2023,04,LOCALIDAD 4 SAN CRISTOBAL,JUAN REY,3509,844,24.05,Colegio Distrital Juan Rey - Sede A,CLL 70 Sur # 13 B - 27 Este,4.522433830000068,-74.08995579999998
Alcaldía 2023,04,LOCALIDAD 4 SAN CRISTOBAL,JUANA ESCOBAR SEDE A,1461,398,27.24,Colegio Distrital Juana Escobar,CRA 15 A Este # 57 A - 16 Sur,4.530567480000059,-74.08541718999999
Alcaldía 2023,04,LOCALIDAD 4 SAN CRISTOBAL,LA BELLEZA,1028,298,28.99,Colegio Distrital Los Libertadores - Sede A,CLL 64 Sur # 10 A 39 Este,4.530444760000023,-74.09219882999997
Alcaldía 2023,04,LOCALIDAD 4 SAN CRISTOBAL,LA CASTAÑA,524,123,23.47,Salón Comunal La Castaña,CLL 20 A Sur # 12 - 20 Este,4.566594820000034,-74.07984100999994
Alcaldía 2023,04,LOCALIDAD 4 SAN CRISTOBAL,LA GLORIA,4227,1065,25.2,Colegio Distrital  Altamira - Sede B,CLL 48 B Sur # 11 - 14 Este,4.541038680000042,-74.08928989999998
Alcaldía 2023,04,LOCALIDAD 4 SAN CRISTOBAL,LA GLORIA- ESCUELA ALTAMIRA,2403,652,27.13,,,,
Alcaldía 2023,04,LOCALIDAD 4 SAN CRISTOBAL,LAS BRISAS,1900,515,27.11,Colegio Distrital República del Ecuador I.E.D.,CRA 1 A # 6 C - 50 Sur /CRA 1 C Este # 6 C - 85 Sur,4.576838520000024,-74.08007908999997
Alcaldía 2023,04,LOCALIDAD 4 SAN CRISTOBAL,LAS MERCEDES,4321,989,22.89,Colegio Distrital San Critóbal - Sede B,CLL 19 Sur # 10C - 44 Este,4.569269680000048,-74.08081978999996
Alcaldía 2023,04,LOCALIDAD 4 SAN CRISTOBAL,LAS MERCEDES II,1207,221,18.31,Colegio Distrital San Cristóbal Sur - Sede A,CRA 10 D Este # 17 B - 46 Sur,4.569659070000057,-74.07942861999999
Alcaldía 2023,04,LOCALIDAD 4 SAN CRISTOBAL,LOS LIBERTADORES,3630,755,20.8,Colegio Distrital Los Libertadores,CLL 55 Sur # 10 A - 29 Este,4.534402600000021,-74.09086296999999
Alcaldía 2023,04,LOCALIDAD 4 SAN CRISTOBAL,MONTEBELLO,5542,1261,22.75,Colegio Distrital Montebello,CLL 24 A Sur # 1 A - 95 Este,4.5667468200000485,-74.08799157999994
Alcaldía 2023,04,LOCALIDAD 4 SAN CRISTOBAL,MONTEBELLO SEDE B,860,231,26.86,Colegio Distrital Montebello Sede B,CLL 28 Sur # 1 A - 37 Este,4.563757250000037,-74.08962596999999
Alcaldía 2023,04,LOCALIDAD 4 SAN CRISTOBAL,MORALBA,336,97,28.87,Colegio Distrital Moralba Sede A,CRA 16 A Este # 42 C - 80 Sur,4.543021550000049,-74.08128967999994
Alcaldía 2023,04,LOCALIDAD 4 SAN CRISTOBAL,NUEVA DELHI,583,146,25.04,Colegio Distrital Nueva Delhi,CLL 62 A Sur # 14 I - 33 Este,4.5281640500000435,-74.08716430999993
Alcaldía 2023,04,LOCALIDAD 4 SAN CRISTOBAL,PARQUEADERO GUACAMAYAS,2759,635,23.02,Colegio Distrital Alemania Unificada - Sede B,CRA 2 L # 38 A - 11 Sur,4.557598890000065,-74.10010721999998
Alcaldía 2023,04,LOCALIDAD 4 SAN CRISTOBAL,PRIMERA DE MAYO,3759,954,25.38,Colegio Distrital José Félix Restrepo - Sede A,CRA 6 A # 18 A - 04 Sur / CRA 6 # 18 - 02 Sur *,4.574318480000045,-74.09008011999998
Alcaldía 2023,04,LOCALIDAD 4 SAN CRISTOBAL,RAMAJAL,2227,515,23.13,Colegio Distrital José Acevedo y Gómez - Sede A,CRA 9 B Este # 28 - 81 Sur,4.562173590000043,-74.08363440999995
Alcaldía 2023,04,LOCALIDAD 4 SAN CRISTOBAL,RAMAJAL AMAPOLAS,597,137,22.95,,,,
Alcaldía 2023,04,LOCALIDAD 4 SAN CRISTOBAL,REPUBLICA DEL CANADA,2887,684,23.69,Colegio Distrital Juana Escobar - Sede C,CRA 13 D Bis Este # 50 - 07 Sur,4.535771780000061,-74.08732729999997
Alcaldía 2023,04,LOCALIDAD 4 SAN CRISTOBAL,ROMA COLSUBSIDIO,387,114,29.46,Colegio Nueva Roma I.D.E.,CLL 48 Sur # 4 - 85 Este,4.541079740000043,-74.09591548999998
Alcaldía 2023,04,LOCALIDAD 4 SAN CRISTOBAL,SALON COMUNAL LA ROCA,491,163,33.2,Salón Comunal La Roca,CLL 6 B Bis Sur # 5 - 29 Este,4.577924430000053,-74.07772637999994
Alcaldía 2023,04,LOCALIDAD 4 SAN CRISTOBAL,SALON COMUNAL SAN ISIDRO II SECTOR,343,55,16.03,Salón Comunal San Isidro II Sector,CRA 7 A # 35 A - 33 Sur,4.564123890000076,-74.10204283999997
Alcaldía 2023,04,LOCALIDAD 4 SAN CRISTOBAL,SAN BLAS,6382,1517,23.77,Colegio Distrital Manuelita Sáenz,CRA 3 Este # 18 A - 34 Sur,4.571123990000046,-74.08486410999996
Alcaldía 2023,04,LOCALIDAD 4 SAN CRISTOBAL,SAN CRISTOBAL SUR,5289,1322,25.0,Colegio Distrital José Félix Restrepo - Sede C,AV CLL 11 Sur # 4 - 79 Este,4.5727072500000645,-74.07945499999994
Alcaldía 2023,04,LOCALIDAD 4 SAN CRISTOBAL,SAN GERONIMO,522,124,23.75,Cancha Maracaná,CRA 18 Este # 13 - 42 Sur,4.569051080000065,-74.07476982999998
Alcaldía 2023,04,LOCALIDAD 4 SAN CRISTOBAL,SAN ISIDRO,6349,1320,20.79,Colegio Distrital San isidro Sur Oriental - Sede A,CLL 34 Sur # 7 A - 88,4.565904590000059,-74.10093585999994
Alcaldía 2023,04,LOCALIDAD 4 SAN CRISTOBAL,SAN MARTIN DE LOBA SUR,5406,1176,21.75,Colegio Distrital Juán Evangelista Gómez,DIAG 39 Sur # 2 - 10 Este  /DIAG 39 Sur # 2 - 00 Este,4.552086760000066,-74.09566884999998
Alcaldía 2023,04,LOCALIDAD 4 SAN CRISTOBAL,SAN PEDRO SUR ORIENTAL,2669,570,21.36,Colegio Distrital Tomás Rueda Vargas - Sede A - parte posterior,CRA 5 Este # 26 - 91 Sur,4.56450454000003,-74.08717514999995
Alcaldía 2023,04,LOCALIDAD 4 SAN CRISTOBAL,SAN VICENTE COLSUBSIDIO,1528,417,27.29,Colegio San Vicente I.D.E.,TRV 6 C Este # 33 - 70 Sur,4.555281000000036,-74.08769399999994
Alcaldía 2023,04,LOCALIDAD 4 SAN CRISTOBAL,SANTA ANA SUR,2829,690,24.39,Colegio Distrital José Félix Restrepo - Sede B,CLL 10 A Sur # 3 A - 61,4.577041490000056,-74.08415686999996
Alcaldía 2023,04,LOCALIDAD 4 SAN CRISTOBAL,SOSIEGO,2367,524,22.14,Colegio Distrital Rafael Nuñez,CRA 9 A # 18 - 74 Sur,4.576361590000033,-74.09301011999997
Alcaldía 2023,04,LOCALIDAD 4 SAN CRISTOBAL,SURAMERICA,686,172,25.07,Colegio Distrital Francisco Javier Matiz,CRA 2 A # 29 A - 29 Sur,4.565286380000032,-74.09360623999999
Alcaldía 2023,04,LOCALIDAD 4 SAN CRISTOBAL,TOMAS RUEDA VARGAS SEDE B,890,183,20.56,Colegio Distrital Tomás Rueda Vargas Sede B,CRA 5 Este # 29 A - 25 Sur,4.561553810000021,-74.08832799999993
Alcaldía 2023,04,LOCALIDAD 4 SAN CRISTOBAL,VILLA DE LOS ALPES,5040,1143,22.68,Polideportivo Coliseo Villa de Los Alpes,CRA 3 B  # 35 - 22 Sur / CRA 3 B # 35 - 04 Sur,4.561453490000076,-74.09844987999998
Alcaldía 2023,04,LOCALIDAD 4 SAN CRISTOBAL,VILLA DEL CERRO,2097,459,21.89,Salón Comunal Villa del Cerro,CLL 46 A Sur  # 3 B - 40 Este / CLL 46 A Sur # 3 B - 30 Este,4.544188750000046,-74.09562215999995
Alcaldía 2023,04,LOCALIDAD 4 SAN CRISTOBAL,VILLA JAVIER LA MARIA,1218,382,31.36,Parque urbanización Villa Javier,Cl 8 A S 5 A 23,4.580006590000039,-74.08477373999995
Alcaldía 2023,05,LOCALIDAD 5 USME,ALFONSO LOPEZ,3151,934,29.64,Colegio Distrital Estanislao Zuleta Sede A,CRA 7 C Este # 92 - 48 Sur/CRA 7 C Este # 90 A - 35 Sur ,4.497976000000051,-74.10086199999995
Alcaldía 2023,05,LOCALIDAD 5 USME,ALMIRANTE PADILLA,6406,1479,23.09,Colegio Distrital Almirante Padilla,CLL 76 A Sur # 8 D - 59 Este / CLL 76 A Sur # 8 D - 25,4.512266250000039,-74.11190313999998
Alcaldía 2023,05,LOCALIDAD 5 USME,BOLONIA,664,154,23.19,Jardín Infantil Entre Nubes,CLL 79 Sur # 10 - 50 Este,4.511011550000035,-74.09865008999998
Alcaldía 2023,05,LOCALIDAD 5 USME,BRASILIA,3002,807,26.88,Colegio Distrital Brasilia,CRA 12 B # 73 B - 97 Sur /CRA 12 B # 73 B - 31 Sur,4.517608740000071,-74.11643952999998
Alcaldía 2023,05,LOCALIDAD 5 USME,BRAZUELOS,1015,283,27.88,Colegio Distrital Brazuelos,CLL 104 Sur # 14 - 90,4.494948850000071,-74.11987399999998
Alcaldía 2023,05,LOCALIDAD 5 USME,CABAÑAS,920,238,25.87,Colegio Distrital Federico Lorca Sede B,CLL 80 A Sur # 5 - 15,4.509259000000043,-74.10793999999999
Alcaldía 2023,05,LOCALIDAD 5 USME,CDC JULIO CESAR SANCHEZ,1809,490,27.09,Centro de Desarrollo Comunitario Julio César Sánchez,CLL 91 Sur # 4C - 26,4.501102800000069,-74.10917208999996
Alcaldía 2023,05,LOCALIDAD 5 USME,CENTRO COMERCIAL ALTAVISTA,1597,373,23.36,Centro Comercial Altavista,CRA 1 # 65 D - 58 SurEntrada del Parqueadero / CLL 65C Sur 11 71,4.532900720000043,-74.11842795999996
Alcaldía 2023,05,LOCALIDAD 5 USME,CHUNIZA,5046,1298,25.72,Colegio Distrital Chuniza,CRA 1 G Este # 84 A - 42 Sur / CRA 9 # 84 A - 82 Sur,4.505972770000028,-74.11140448999998
Alcaldía 2023,05,LOCALIDAD 5 USME,COLEGIO ANDRES ESCOBAR,421,75,17.81,Colegio Andrés Escobar,CRA 3 B 55 B 30 Sur,4.5383862200000635,-74.11464666999996
Alcaldía 2023,05,LOCALIDAD 5 USME,COLEGIO FERNANDO GONZALEZ OCHOA,1213,349,28.77,Colegio Distrital Fernando González Ochoa,CRA 4 A # 89 - 43 Sur /CRA 4 # 89 - 43 Sur,4.5026692900000285,-74.10763076999996
Alcaldía 2023,05,LOCALIDAD 5 USME,COLEGIO JOSE EUSTASIO RIVERA,673,140,20.8,Colegio José Eustasio Rivera,CRA 3 # 136 - 98 Sur Entrada Parqueadero /CRA 14 135 05 Sur,4.475316410000062,-74.12277975999996
Alcaldía 2023,05,LOCALIDAD 5 USME,COLEGIO RURAL EL UVAL,60,12,20.0,Colegio Distrital Rural El Uval,Vereda el Uval Km. 8 Autopista al Llano,4.477590000000021,-74.10524999999996
Alcaldía 2023,05,LOCALIDAD 5 USME,EL BOSQUE,3787,795,20.99,Colegio Distrital Ofelia Uribe de Acosta,CLL 81 A Sur # 6 - 40 Este / TRV 1 Este # 85 - 86 Sur,4.5060183200000665,-74.10311553999998
Alcaldía 2023,05,LOCALIDAD 5 USME,EL CORTIJO,1642,471,28.68,Colegio Distrital El Cortijo Vianey - Sede A,CRA 2A # 74B - 00 Sur /CLL 74B Sur # 14H - 25 ,4.515102340000055,-74.11894303999998
Alcaldía 2023,05,LOCALIDAD 5 USME,EL DANUBIO AZUL,3519,695,19.75,Colegio Distrital  Fabio Lozano Simonelli - Sede B,CLL 56 A Sur # 3 A - 14,4.5377657200000385,-74.11502143999996
Alcaldía 2023,05,LOCALIDAD 5 USME,EL DESTINO,510,138,27.06,Colegio Distrital El Destino,KM 8 Vía San Juan de Sumapáz,4.408203000000071,-74.13895918999998
Alcaldía 2023,05,LOCALIDAD 5 USME,EL HATO,284,82,28.87,Colegio Distrital El Hato,Kilómetro 14 Vía San Juan de Sumapáz,4.36958887000003,-74.17951987999999
Alcaldía 2023,05,LOCALIDAD 5 USME,EL VIRREY,4860,1206,24.81,Colegio Distrital El Virrey Solís,CRA 7 # 92 A - 31 Sur,4.502502340000035,-74.11179900999997
Alcaldía 2023,05,LOCALIDAD 5 USME,GRAN YOMASA,3376,998,29.56,Colegio Distrital Gran Yomasa,CLL 81 C Sur # 8 A - 06,4.508524000000023,-74.10973399999995
Alcaldía 2023,05,LOCALIDAD 5 USME,JARDIN INFANTIL LA FORTALEZA DEL OSO,1045,247,23.64,Jardín Infantil la Fortaleza del Oso,CLL 71 D Sur # 14 - 64,4.520474620000073,-74.11828479999997
Alcaldía 2023,05,LOCALIDAD 5 USME,JUAN JOSE RONDON,1658,334,20.14,Colegio Distrital Gabriel García Marquez,CLL 88 F Sur # 12 F - 20 Este,4.503719570000044,-74.09119911999994
Alcaldía 2023,05,LOCALIDAD 5 USME,LA ALBORADA,1161,307,26.44,Colegio Distrital Estanislao Zuleta Sede B,CRA 4 Este # 90 D - 24 Sur,4.497972000000061,-74.10395699999998
Alcaldía 2023,05,LOCALIDAD 5 USME,LA AURORA,7826,1934,24.71,Colegio Distrital La Aurora,TRV 14 T # 70 - 49 Sur,4.521681540000031,-74.12113945999994
Alcaldía 2023,05,LOCALIDAD 5 USME,LA FISCALA,4146,953,22.99,Colegio Distrital Fabio Lozano Simonelli,CLL 65 Sur # 5 - 65,4.533770830000037,-74.11172753999995
Alcaldía 2023,05,LOCALIDAD 5 USME,LA FLORA,2561,490,19.13,Colegio Distrital Nueva Esperanza,CRA 14 B Este # 76 - 59 Sur /CRA 14 Este # 76 - 79 Sur,4.513564350000024,-74.09039197999994
Alcaldía 2023,05,LOCALIDAD 5 USME,LA FORTALEZA,3087,827,26.79,Colegio Distrital El Cortijo Vianey Sede B,CLL 73B Sur # 14C - 16,4.517830870000068,-74.11916043999997
Alcaldía 2023,05,LOCALIDAD 5 USME,LOS COMUNEROS,4564,1126,24.67,Colegio Distrital Los Comuneros,CLL 91 C Sur # 2 A - 49,4.498587950000058,-74.10874843999994
Alcaldía 2023,05,LOCALIDAD 5 USME,LOS TEJARES,1204,371,30.81,,,,
Alcaldía 2023,05,LOCALIDAD 5 USME,MARICHUELA,5553,1380,24.85,Colegio Distrital Miguel de Cervantes Saavedra - Sede A,CRA 14 B # 76 - 33 Sur,4.512414100000058,-74.11698187999997
Alcaldía 2023,05,LOCALIDAD 5 USME,MONTEBLANCO,4468,1235,27.64,Colegio Distrital Diego Montaño Cuellar,TRV 6 B # 100 C - 55 Sur,4.4967805500000395,-74.11504818999998
Alcaldía 2023,05,LOCALIDAD 5 USME,NUSADAL,911,232,25.47,Colegio Distrital Nuevo San Andrés de Los Altos,CLL 69 A Bis Sur # 14 C - 18,4.524796750000064,-74.12011324999997
Alcaldía 2023,05,LOCALIDAD 5 USME,PORTAL USME,5895,1540,26.12,Colegio Distrital Paulo Freire,CRA 11 # 65 C - 50 Sur,4.532631470000069,-74.11700227999995
Alcaldía 2023,05,LOCALIDAD 5 USME,SANTA LIBRADA,6863,1624,23.66,Colegio Distrital Orlando Fals Borda,CRA 1 A Este # 72 - 60 Sur / CRA 12 # 72 - 60 Sur ,4.519357660000026,-74.11594453999999
Alcaldía 2023,05,LOCALIDAD 5 USME,SANTA MARTA,3616,975,26.96,Colegio Distrital Santa Marta,CLL 69 D Sur # 8 B - 63,4.525273170000048,-74.11562807999996
Alcaldía 2023,05,LOCALIDAD 5 USME,TENERIFE,1154,352,30.5,Colegio Distrital Eduardo Mora Osejo,CLL 95 Sur # 14 B - 64,4.503935170000034,-74.11880590999994
Alcaldía 2023,05,LOCALIDAD 5 USME,USME,4445,1016,22.86,Colegio Distrital Francisco Antonio Zea - Sede A,CLL 136 Sur # 12 - 38,4.472581940000055,-74.12153515999995
Alcaldía 2023,05,LOCALIDAD 5 USME,USME - CENTRO,1919,548,28.56,Colegio Distrital Francisco Antonio Zea - Sede B,CRA 13 # 137 D - 40 Sur,4.469545080000046,-74.12533528999995
Alcaldía 2023,05,LOCALIDAD 5 USME,USMINIA,2942,707,24.03,Colegio Distrital Usminia - Sede B,CLL 102 A Sur # 5 - 06,4.4954386600000475,-74.11448729999995
Alcaldía 2023,05,LOCALIDAD 5 USME,UVAL - PUERTA AL LLANO,1744,477,27.35,Colegio Distrital Ciudad de Villavicencio Sede A,CRA 6 H Este # 114 - 88 Sur /TRV 7 Este # 107 A - 50 Sur,4.487109000000032,-74.10247699999996
Alcaldía 2023,05,LOCALIDAD 5 USME,VALLES DE CAFAM,3730,1039,27.86,Colegio Distrital Atabanzha,CLL 92 Sur # 14 D - 87,4.507653600000026,-74.11805941999995
Alcaldía 2023,05,LOCALIDAD 5 USME,VIA AL LLANO,276,84,30.43,Colegio Distrital Federico García Lorca Sede A,CRA 5 # 83 - 03 Sur,4.50731238000003,-74.10721802999996
Alcaldía 2023,05,LOCALIDAD 5 USME,VILLA ALEMANIA,1419,439,30.94,Colegio Distrital Eduardo Umaña Mendoza,CLL 111 A Sur # 4 B - 07 Este /CLL 111 A Bis Sur # 3 A - 07 *,4.489735670000073,-74.11255110999997
Alcaldía 2023,05,LOCALIDAD 5 USME,VILLA HERMOSA,3559,761,21.38,Colegio Distrital Villa Hermosa,CLL 97 F Sur # 6 F - 08 Este / CLL 97 Sur # 6 F - 08 Este *,4.4939862500000345,-74.10232047999995
Alcaldía 2023,06,LOCALIDAD 6 TUNJUELITO,ABRAHAM LINCOLN,1894,420,22.18,Colegio Distrital Cecilia de la Fuente Lleras - Sede B (Rufino José de Cuervo),CRA 8 # 53 A - 44 Sur,4.555324420000034,-74.12380750999995
Alcaldía 2023,06,LOCALIDAD 6 TUNJUELITO,CASA DE JUSTICIA DE TUNJUELITO,997,222,22.27,Casa de Justicia de Tunjuelito,CLL 51 Sur # 7 - 35,4.556095390000053,-74.12162619999998
Alcaldía 2023,06,LOCALIDAD 6 TUNJUELITO,CIUDAD BOGOTA SEDE B,1316,348,26.44,,,,
Alcaldía 2023,06,LOCALIDAD 6 TUNJUELITO,COLEGIO COOPERATIVO VENECIA,2507,523,20.86,Colegio Cooperativo Venecia,DIAG 47 A Sur # 53 A - 95,4.5928789100000245,-74.14062678999994
Alcaldía 2023,06,LOCALIDAD 6 TUNJUELITO,COOPERATIVO NUEVO MUZU,687,145,21.11,Colegio Cooperativo Nuevo MUZU,CRA 59 # 51 B - 46 Sur / CRA 61B # 51B - 46 Sur,4.587398300000075,-74.14794177999994
Alcaldía 2023,06,LOCALIDAD 6 TUNJUELITO,"EL CARMEN SUR ""A""",4378,932,21.29,,,,
Alcaldía 2023,06,LOCALIDAD 6 TUNJUELITO,"EL CARMEN SUR ""B""",1765,431,24.42,,,,
Alcaldía 2023,06,LOCALIDAD 6 TUNJUELITO,"EL TUNAL ""A""",5771,1431,24.8,,,,
Alcaldía 2023,06,LOCALIDAD 6 TUNJUELITO,"EL TUNAL ""B""",5867,1409,24.02,,,,
Alcaldía 2023,06,LOCALIDAD 6 TUNJUELITO,"FATIMA ""A""",5828,1226,21.04,,,,
Alcaldía 2023,06,LOCALIDAD 6 TUNJUELITO,"FATIMA ""B""",2297,507,22.07,,,,
Alcaldía 2023,06,LOCALIDAD 6 TUNJUELITO,INSTITUTO TECNICO PILOTO SEDE C,1722,367,21.31,Colegio Distrital Instituto Técnico Piloto Sede C,CLL 54 Sur # 37 A - 37,4.586822290000043,-74.14222782999997
Alcaldía 2023,06,LOCALIDAD 6 TUNJUELITO,ISLA DEL SOL,3331,696,20.89,Colegio Distrital Isla del Sol,CLL 67 B Sur # 63 - 19,4.589211380000052,-74.15250679999997
Alcaldía 2023,06,LOCALIDAD 6 TUNJUELITO,JARDIN INFANTIL CARMEN SUR,987,244,24.72,Jardín Infantil Carmen Sur,CRA 28 # 48 A - 17 Sur,4.582839460000059,-74.13170169999995
Alcaldía 2023,06,LOCALIDAD 6 TUNJUELITO,JARDIN INFANTIL ISLA DEL SOL,959,227,23.67,Jardín Infantil Isla del Sol,CLL 67 B Sur # 63 - 15,4.589430050000033,-74.15247371999999
Alcaldía 2023,06,LOCALIDAD 6 TUNJUELITO,JARDIN INFANTIL PABLO DE TARSO,838,139,16.59,Jardín Infantil Pablo de Tarso,DIAG 48 Sur # 51 D- 57,4.591166230000056,-74.13540603999996
Alcaldía 2023,06,LOCALIDAD 6 TUNJUELITO,LICEO CAMPESTRE CAFAM,215,49,22.79,Liceo Campestre CAFAM,DIAG 58 Sur # 29 - 26,4.577950290000047,-74.14339961999997
Alcaldía 2023,06,LOCALIDAD 6 TUNJUELITO,LICEO SANTA BERNARDITA,998,160,16.03,Liceo Santa Bernardita,DIAG 51 A Sur # 54 A - 32,4.589990420000049,-74.14308345999996
Alcaldía 2023,06,LOCALIDAD 6 TUNJUELITO,NUESTRA SEÑORA LAS VICTORIAS,206,43,20.87,,,,
Alcaldía 2023,06,LOCALIDAD 6 TUNJUELITO,"NUEVO MUZO ""B""",1197,273,22.81,,,,
Alcaldía 2023,06,LOCALIDAD 6 TUNJUELITO,"NUEVO MUZU ""A""",2684,522,19.45,,,,
Alcaldía 2023,06,LOCALIDAD 6 TUNJUELITO,PARROQUIAL SAN CARLOS,2501,563,22.51,Colegio Privado Parroquial San Carlos,CRA 18 A # 53 - 54 Sur,4.566447760000074,-74.13012682999994
Alcaldía 2023,06,LOCALIDAD 6 TUNJUELITO,PORFIRIO BARBA JACOB,671,149,22.21,Externado Porfirio Barba Jacob,CRA 18 # 54 - 14 Sur / CRA 18 # 54 - 10 Sur,4.565889020000043,-74.12999242999996
Alcaldía 2023,06,LOCALIDAD 6 TUNJUELITO,SALON COMUNAL ISLA DEL SOL,273,39,14.29,,,,
Alcaldía 2023,06,LOCALIDAD 6 TUNJUELITO,SAN BENITO,4528,862,19.04,Colegio Distrital José Antonio Ricaurte,CRA 18 # 56 A - 45 Sur,4.564414950000071,-74.13237461999995
Alcaldía 2023,06,LOCALIDAD 6 TUNJUELITO,SAN BENITO ABAD,280,70,25.0,Colegio Distrital San Benito Abad,CLL 58 # 19 B - 67 Sur / CLL 58 # 19 B - 63 Sur,4.566595380000024,-74.13704435999995
Alcaldía 2023,06,LOCALIDAD 6 TUNJUELITO,SAN CARLOS,5796,1139,19.65,Colegio Distrital San Carlos - Sede B,CRA 19 # 50 A - 37 Sur,4.569460390000074,-74.12815740999997
Alcaldía 2023,06,LOCALIDAD 6 TUNJUELITO,SAN VICENTE FERRER,6119,1325,21.65,Colegio Distrital Ciudad de Bogotá - Sede A,CRA 25 # 53 B - 32 Sur,4.57718576000002,-74.13827658999998
Alcaldía 2023,06,LOCALIDAD 6 TUNJUELITO,SANTA CECILIA DE TUNJUELITO,910,212,23.3,Colegio Santa Cecilia De Tunjuelito,CRA 11 # 52 - 41 Sur,4.558616510000036,-74.12419150999995
Alcaldía 2023,06,LOCALIDAD 6 TUNJUELITO,TUNJUELITO A,4239,906,21.37,Colegio Distrital Rufino José de Cuervo - Sede A,CRA 11 B # 52 - 53 Sur /CRA 12 # 52 - 60 Sur,4.559472670000048,-74.12478149999998
Alcaldía 2023,06,LOCALIDAD 6 TUNJUELITO,TUNJUELITO B,955,255,26.7,Centro Educativo Distrital Nuevo Tunjuelito (Rufi# José de Cuervo Sede C),CLL 58 Sur # 12A - 45 / CLL 58A Sur # 12 A - 25,4.559080650000055,-74.12936561999999
Alcaldía 2023,06,LOCALIDAD 6 TUNJUELITO,VENECIA A,6608,1376,20.82,,,,
Alcaldía 2023,06,LOCALIDAD 6 TUNJUELITO,VENECIA B,2103,424,20.16,,,,
Alcaldía 2023,07,LOCALIDAD 7 BOSA,ALFREDO NOBEL,938,248,26.44,Colegio Privado Liceo Alfredo Nóbel,TRV 80 B # 65 I - 25 Sur,4.606167820000053,-74.18766827999997
Alcaldía 2023,07,LOCALIDAD 7 BOSA,ATALAYAS,4875,1128,23.14,Colegio Distrital Santiago de las Atalayas,CLL 61 Sur # 103 - 33 / CLL 59C Sur # 89B - 45,4.629344930000059,-74.19283750999995
Alcaldía 2023,07,LOCALIDAD 7 BOSA,BICENTENARIO DE LA INDEPENDENCIA,433,79,18.24,Colegio Distrital Bicentenario de La Independencia,CLL 81 Sur # 81 - 75,4.614984480000032,-74.20381150999998
Alcaldía 2023,07,LOCALIDAD 7 BOSA,BOSA,9432,2142,22.71,Colegio Distrital Argelia,CLL 63 Sur # 81 A - 30,4.611585040000023,-74.18578012999996
Alcaldía 2023,07,LOCALIDAD 7 BOSA,BOSA BRASILIA,6117,1184,19.36,Colegio Distrital Brasilia,CLL 52 A Sur # 87 D - 45,4.6279581300000245,-74.18158176999998
Alcaldía 2023,07,LOCALIDAD 7 BOSA,BOSA PAULO VI,3528,732,20.75,Colegio Distrital Paulo de Tarso - Sede B,CLL 71 Bis Sur # 77 I - 21,4.599350290000075,-74.19443338999997
Alcaldía 2023,07,LOCALIDAD 7 BOSA,BOSA SAN JOSE,2963,702,23.69,Colegio Distrital  Albán Holguín - Sede C,CRA 89 Bis # 85 A - 20 Sur / CRA 80 K # 85 A - 33 Sur,4.613764420000052,-74.20988605999997
Alcaldía 2023,07,LOCALIDAD 7 BOSA,BOSANOVA,1223,266,21.75,Colegio Distrital Bosa Nova,CLL 59 B Sur # 87 B - 02,4.62272100000007,-74.18837299999996
Alcaldía 2023,07,LOCALIDAD 7 BOSA,CAMPO VERDE - POTRERITOS,3837,892,23.25,Colegio Distrital Kimy Pernia,CLL 82 Sur # 89 - 21,4.622137000000066,-74.20795899999996
Alcaldía 2023,07,LOCALIDAD 7 BOSA,CARBONELL,1281,321,25.06,Colegio Distrital Carlos Albán Holguín Sede B,DIAG 71 C Bis A Sur # 77 G - 15,4.599669000000063,-74.19771599999996
Alcaldía 2023,07,LOCALIDAD 7 BOSA,CARLOS ALBAN,7218,1459,20.21,Colegio Distrital Carlos Albán Holguín - Sede A,CLL 72 Sur # 79 D - 33 / CLL 72 B Sur # 79 D - 06,4.605714730000045,-74.19756532999997
Alcaldía 2023,07,LOCALIDAD 7 BOSA,CARLOS PIZARRO LEON GOMEZ,4370,983,22.49,Colegio Distrital Carlos Pizarro León Gómez - Sede A,CLL 72 Sur # 100 A - 71,4.635605660000067,-74.20486501999994
Alcaldía 2023,07,LOCALIDAD 7 BOSA,CC GRAN PLAZA BOSA,5921,1584,26.75,,,,
Alcaldía 2023,07,LOCALIDAD 7 BOSA,CEDID SAN PABLO,4032,1030,25.55,Colegio Distrital CEDID San Pablo Sede A,CRA 77L # 65J - 73 Sur,4.599800000000073,-74.18759999999997
Alcaldía 2023,07,LOCALIDAD 7 BOSA,CIUDADELA EL PORVENIR,8635,2291,26.53,Colegio Distrital Ciudadela Educativa de Bosa,CLL 52 Sur # 97 C - 35,4.640829730000064,-74.18721154999997
Alcaldía 2023,07,LOCALIDAD 7 BOSA,CLARELANDIA,340,82,24.12,Colegio Distrital La Bici,CRA 81 A # 58 J - 45 Sur,4.613736310000036,-74.18236762999999
Alcaldía 2023,07,LOCALIDAD 7 BOSA,CLARETIANO,4789,1183,24.7,Colegio Claretiano de Bosa,CLL 60 Sur # 80 K - 02 / CLL 60 Sur # 80 H - 58,4.611860410000077,-74.18399515999994
Alcaldía 2023,07,LOCALIDAD 7 BOSA,CLARETIANO EL LIBERTADOR,735,174,23.67,,,,
Alcaldía 2023,07,LOCALIDAD 7 BOSA,COLEGIO CIUDADANOS DEL FUTURO,2640,624,23.64,Colegio Mixto Ciudadanos del Futuro,CRA 88 I # 58 A - 12 Sur,4.628029750000053,-74.19070918999995
Alcaldía 2023,07,LOCALIDAD 7 BOSA,COLEGIO COLSUBSIDIO CHICALA,4036,986,24.43,Colegio Colsubsidio Chicalá,CRA 87 # 53 C - 26 Sur,4.625223080000069,-74.18101529999996
Alcaldía 2023,07,LOCALIDAD 7 BOSA,COLEGIO JORGE ISAACS,631,117,18.54,Colegio Distrital Jorge Isaacs,CLL 73 Sur # 91- 35 / CLL 73 Sur # 91- 05,4.626632610000058,-74.20192806999995
Alcaldía 2023,07,LOCALIDAD 7 BOSA,COLISEO LA PALESTINA,1255,342,27.25,Coliseo la Palestina,CLL 68 Sur # 81 G - 09,4.612073760000044,-74.19132801999996
Alcaldía 2023,07,LOCALIDAD 7 BOSA,EL PORVENIR,6725,1554,23.11,Colegio Distrital El Porvenir Sede A,CLL 51 Sur # 91 D - 56,4.635898910000037,-74.18362205999995
Alcaldía 2023,07,LOCALIDAD 7 BOSA,EL RECREO,6952,1568,22.55,Colegio Distrital Leonardo Posada Pedraza,CRA 92 # 72 - 42 Sur,4.6275335700000255,-74.20148260999997
Alcaldía 2023,07,LOCALIDAD 7 BOSA,EL RECUERDO SANTAFE,2648,611,23.07,Colegio Distrital El Porvenir - Sede B,CLL 58 Sur # 104 A - 04 / CLL 58 Sur # 104 A - 50,4.6416999600000395,-74.19774783999998
Alcaldía 2023,07,LOCALIDAD 7 BOSA,FE Y ALEGRIA SAN IGNACIO,7369,1582,21.47,Colegio Distrital Fe y Alegría San Ignacio,CLL 56 F Sur # 91 D - 14,4.633343230000037,-74.18978479999998
Alcaldía 2023,07,LOCALIDAD 7 BOSA,FRANCISCO DE PAULA SANTANDER,1668,411,24.64,Colegio Distrital Francisco de Paula Santander,CLL 61 Sur # 80 I - 40,4.610871700000075,-74.18477973999995
Alcaldía 2023,07,LOCALIDAD 7 BOSA,GIMNASIO GARABATOS DE COLORES,80,16,20.0,Colegio Privado Garabatos de Colores,CLL 65 G Sur # 79 B - 20,4.605811540000047,-74.18643815999997
Alcaldía 2023,07,LOCALIDAD 7 BOSA,GIMNASIO LOS SAUCES,1730,364,21.04,Gimnasio Los Sauces,CRA 88 F Bis # 51 C - 01 Sur / CRA 88 I # 51C - 10 Sur,4.63100380000003,-74.18228624999995
Alcaldía 2023,07,LOCALIDAD 7 BOSA,GIMNASIO REAL AMERICANO,2138,452,21.14,Gimnasio Real Americano - Sede B,CLL 62 A Sur # 91 A - 35,4.629848510000045,-74.19528366999998
Alcaldía 2023,07,LOCALIDAD 7 BOSA,HOLANDA,1653,360,21.78,Colegio Distrital Brasilia Bosa Sede B,CRA 87J # 55 - 06 Sur,4.62680000000006,-74.18559999999997
Alcaldía 2023,07,LOCALIDAD 7 BOSA,INSTITUTO GUIMARC,789,182,23.07,Instituto GUIMARC,CLL 71 C Sur # 77 M - 53,4.602298090000033,-74.19576440999998
Alcaldía 2023,07,LOCALIDAD 7 BOSA,ISLANDIA,3119,781,25.04,Colegio Distrital Alfonso Reyes EchandíaAlfonso Reyes Echandía,CRA 86 # 74 - 00 Sur,4.616162770000074,-74.20035772999995
Alcaldía 2023,07,LOCALIDAD 7 BOSA,JARDIN INFANTIL OLARTE,1271,304,23.92,Jardín Infantil Olarte – SDIS,CRA 71 D # 54 - 15 Sur,4.603148890000057,-74.16323478999993
Alcaldía 2023,07,LOCALIDAD 7 BOSA,JIMENEZ DE QUESADA,2919,625,21.41,Colegio Distrital Fernando Mazuera Villegas - Sede B,DIAG 66 Sur # 80 C - 20,4.606190850000075,-74.18843550999998
Alcaldía 2023,07,LOCALIDAD 7 BOSA,JOSE ANTONIO GALAN,4540,1025,22.58,Colegio Distrital José Antonio Galán,CRA 78 J # 58 M - 10 Sur,4.606142610000063,-74.17896635999995
Alcaldía 2023,07,LOCALIDAD 7 BOSA,JUAN MAXIMILIANO AMBROSIO,1091,261,23.92,Colegio Distrital Orlando Higuita Rojas Sede B - Juan Maximiliano Ambrosio,CLL 57 Sur # 86 F - 30,4.622818270000039,-74.18473897999996
Alcaldía 2023,07,LOCALIDAD 7 BOSA,LA ACUARELA,1124,280,24.91,Colegio Distrital Luis Lopez de Mesa - Sede Nueva,CRA 77J # 65A - 38 Sur,4.598300000000052,-74.18179999999995
Alcaldía 2023,07,LOCALIDAD 7 BOSA,LA AMISTAD,4591,946,20.61,Colegio Distrital Luis López de Meza,CLL 65 H Sur # 78 A - 03 / CLL 65 H Sur # 78 A - 05,4.600597290000053,-74.18588291999998
Alcaldía 2023,07,LOCALIDAD 7 BOSA,LA CONCEPCION,815,212,26.01,Colegio Distrital La Concepción Sede C ,CRA 87 C # 67 - 18 Sur,4.621691030000022,-74.19331433999997
Alcaldía 2023,07,LOCALIDAD 7 BOSA,LA ESPERANZA,5110,1276,24.97,Colegio Distrital La Esperanza,CLL 77 A Sur # 86 - 40 / CLL 78 Sur # 79 - 40,4.609695980000026,-74.20536969999995
Alcaldía 2023,07,LOCALIDAD 7 BOSA,LA ESTACION,5155,1171,22.72,La Estación,CRA 78 ENTRE CLL 60A Sur Y CLL 63 Sur,4.601317290000054,-74.18069716999997
Alcaldía 2023,07,LOCALIDAD 7 BOSA,LA INDEPENDENCIA,1898,463,24.39,Colegio Mixto Villa Carolina,CRA 87 C # 69 A - 80 Sur / CLL 69 B Sur # 87 B - 32,4.620748000000049,-74.19478499999997
Alcaldía 2023,07,LOCALIDAD 7 BOSA,LA LIBERTAD,10634,2076,19.52,Colegio Distrital José Francisco Socarrás,CRA 88 C # 66 A - 03 Sur,4.625125380000043,-74.19449057999998
Alcaldía 2023,07,LOCALIDAD 7 BOSA,LAURELES,5106,1188,23.27,Colegio Distrital Gran Colombiano - Sede B,CRA 80 K # 73 F - 29 Sur,4.609059010000067,-74.20015505999999
Alcaldía 2023,07,LOCALIDAD 7 BOSA,LAURELES II,3481,859,24.68,Colegio Distrital Gran Colombiano Sede A,CLL 73 F Sur # 80 N Bis - 49 / CLL 73 F Sur # 80 N - 41,4.610226670000031,-74.19991418999996
Alcaldía 2023,07,LOCALIDAD 7 BOSA,LICEO CIUDAD CAPITAL,2087,489,23.43,Liceo Ciudad Capital,CLL 65 Sur # 100 A - 51,4.637518250000028,-74.20114481999997
Alcaldía 2023,07,LOCALIDAD 7 BOSA,LICEO LOPEZ OSORIO,675,159,23.56,Colegio Privado Liceo Cultural López Osorio,CLL 71 Sur # 87N-15 /CLL 71 Sur # 87N - 21,4.622339260000047,-74.19814926999999
Alcaldía 2023,07,LOCALIDAD 7 BOSA,LLANO ORIENTAL,2141,492,22.98,Colegio Distrital Llano Oriental,CLL 73 B Sur # 78 A Bis - 15 / CLL 73 B Sur # 78 A - 15,4.603365070000052,-74.19999755999999
Alcaldía 2023,07,LOCALIDAD 7 BOSA,MANUEL ELKIN PATARROYO,1648,390,23.67,Liceo Manuel Elkin Patarroyo,CRA 81 A # 82 A - 18 Sur,4.613195070000074,-74.20602104999995
Alcaldía 2023,07,LOCALIDAD 7 BOSA,MIGUEL ANGEL ASTURIAS,672,129,19.2,Colegio Miguel Ángel Asturias,CRA 78 D # 59 A - 18 Sur,4.603579110000055,-74.18020678999994
Alcaldía 2023,07,LOCALIDAD 7 BOSA,NARANJOS,2618,740,28.27,Colegio Distrital Los Naranjos,CRA 80 M # 71 C - 31 Sur,4.609038000000055,-74.19487899999996
Alcaldía 2023,07,LOCALIDAD 7 BOSA,NUEVA ESTACION,2124,463,21.8,Nueva Estación,CLL 63 Sur # 78J - 10,4.605178690000059,-74.18230045999996
Alcaldía 2023,07,LOCALIDAD 7 BOSA,NUEVA GRANADA,889,219,24.63,Colegio Distrital CEDID San Pablo Sede C,CLL 70 Bis Sur # 77 L - 05 /CLL 70 A Sur # 77 L - 06,4.600995000000069,-74.19226099999997
Alcaldía 2023,07,LOCALIDAD 7 BOSA,NUEVO CARLOS ALBAN,2609,660,25.3,Colegio Distrital Gran Colombiano Sede D,CLL 72 A Sur # 80 J - 20 / CRA 80 J # 72 - 19 Sur,4.6081477400000495,-74.19669725999995
Alcaldía 2023,07,LOCALIDAD 7 BOSA,NUEVO CHILE,5362,1406,26.22,Colegio Distrital Nuevo Chile,CLL 56 Sur # 72 G - 20,4.603305500000033,-74.16626319999995
Alcaldía 2023,07,LOCALIDAD 7 BOSA,ORLANDO HIGUITA,6583,1241,18.85,Colegio Distrital Orlando Higuita Rojas,CLL 57 Sur # 87 H - 03 / CLL 57 Sur # 87 G - 35,4.625445100000036,-74.18696811999996
Alcaldía 2023,07,LOCALIDAD 7 BOSA,PABLO DE TARSO,3181,880,27.66,Colegio Distrital Pablo de Tarso - Sede A,CRA 78 J Bis # 65 J - 04 Sur / CLL 65 J Sur # 78 J - 21,4.603976960000068,-74.18698567999996
Alcaldía 2023,07,LOCALIDAD 7 BOSA,PALESTINA,4164,1033,24.81,Colegio Distrital Porfilio Barba Jacob,CLL 70 A Sur # 81 G - 13,4.611871830000041,-74.19364579999996
Alcaldía 2023,07,LOCALIDAD 7 BOSA,PARQUE AUTOPISTA SUR PAVCO,1742,418,24.0,Parque IDRD,CRA 72 # 57 H - 94 Sur /CRA 72 # 57 H - 92 Sur,4.596569130000034,-74.16398013999998
Alcaldía 2023,07,LOCALIDAD 7 BOSA,PARQUES DE BOGOTA,2779,569,20.47,Colegio Distrital Parques De Bogotá,CLL 85 Sur # 94 - 55,4.626093820000051,-74.21173340999997
Alcaldía 2023,07,LOCALIDAD 7 BOSA,PIAMONTE,7198,1634,22.7,Colegio Distrital Fernando Mazuera Villegas,CLL 68 A Sur # 80 H - 05,4.606868320000046,-74.19074859999995
Alcaldía 2023,07,LOCALIDAD 7 BOSA,PORTAL DE BRASIL,1305,305,23.37,Colegio Distrital German Arciniegas Sede A,CRA 88I # 54B - 44 Sur,4.6305000000000405,-74.18509999999998
Alcaldía 2023,07,LOCALIDAD 7 BOSA,RECREO MICHELSEN,6854,1788,26.09,,,,
Alcaldía 2023,07,LOCALIDAD 7 BOSA,SAN BERNARDINO,3372,784,23.25,Colegio Distrital San Bernardino,CRA 89 C # 79 - 51 Sur,4.623649620000037,-74.20614750999994
Alcaldía 2023,07,LOCALIDAD 7 BOSA,SANTA FE DE BOSA,3401,676,19.88,Colegio Distrital Villas del Progreso,CRA 102A # 56F - 34 Sur,4.64115361000006,-74.19523998999995
Alcaldía 2023,07,LOCALIDAD 7 BOSA,SOLEDAD ACOSTA DE SAMPER,1979,418,21.12,Colegio Distrital Soledad Acosta de Samper,CLL 50 Sur # 98 B - 70,4.643221320000066,-74.18609408999998
Alcaldía 2023,07,LOCALIDAD 7 BOSA,SURBANA,1635,368,22.51,SuperCADE de Bosa,AV CLL 57 R Sur # 72 D - 12,4.597031590000029,-74.16766293999996
Alcaldía 2023,07,LOCALIDAD 7 BOSA,VILLA DEL RIO,5248,1048,19.97,Salón Comunal Villa del Río,CLL 55 A # 66 - 50 Sur,4.602225420000025,-74.15738736999998
Alcaldía 2023,07,LOCALIDAD 7 BOSA,VILLA DEL RIO II,3269,667,20.4,Gimnasio Santa Rocio,CRA 68D # 54A - 31 Sur,4.602400000000046,-74.15999999999997
Alcaldía 2023,07,LOCALIDAD 7 BOSA,VILLAS DEL PROGRESO,702,191,27.21,Colegio Distrital Villas del Progreso,CRA 89 Bis A # 72 A - 13 Sur,4.625149430000022,-74.20077282999995
Alcaldía 2023,08,LOCALIDAD  8 KENNEDY,ALMENAR,2911,541,18.58,,,,
Alcaldía 2023,08,LOCALIDAD  8 KENNEDY,ALOHA,1462,253,17.31,Salón Comunal Aloha,CLL 7 A Bis # 71 A - 20,4.632901240000024,-74.13324789999996
Alcaldía 2023,08,LOCALIDAD  8 KENNEDY,BOITA,4085,876,21.44,Salón Comunal Boita 1 Sector,CLL 48 B # 72 K - 13 Sur,4.602362910000068,-74.15258212999998
Alcaldía 2023,08,LOCALIDAD  8 KENNEDY,BRITALIA,6120,1291,21.09,Colegio Distrital Gran Britalia - Sede B,CLL 47 A Sur # 82 - 99,4.625309590000029,-74.17301132999995
Alcaldía 2023,08,LOCALIDAD  8 KENNEDY,CAMPO BELLO,4374,883,20.19,,,,
Alcaldía 2023,08,LOCALIDAD  8 KENNEDY,CARLOS ARANGO VELEZ SEDE A,865,184,21.27,Colegio Distrital Carlos Arango Vélez Sede A,TRV 68 G # 35 A - 42 Sur,4.607800370000064,-74.13534320999997
Alcaldía 2023,08,LOCALIDAD  8 KENNEDY,CARLOS ARTURO TORRES,4768,913,19.15,Colegio Distrital República de Finlandia,TRV 72 B # 44 C - 19 Sur,4.599650130000043,-74.14635851999998
Alcaldía 2023,08,LOCALIDAD  8 KENNEDY,CARVAJAL II SEDE ANTONIA SANTOS II,2562,419,16.35,,,,
Alcaldía 2023,08,LOCALIDAD  8 KENNEDY,CASABLANCA 32,6656,1350,20.28,Salón Comunal Casablanca 32,CRA 79 F # 46 - 16 Sur,4.618398020000029,-74.16793259999997
Alcaldía 2023,08,LOCALIDAD  8 KENNEDY,CATALINA,5054,1094,21.65,Colegio Distrital Las Américas - Sede B (San Rafaél),CLL 52 A Sur # 77 W - 05,4.610011170000064,-74.16898937999997
Alcaldía 2023,08,LOCALIDAD  8 KENNEDY,CC PLAZA DE LAS AMERICAS,2657,365,13.74,Centro Comercial Plaza de Las Américas,CRA 71 D # 6 - 94 Sur,4.618442610000045,-74.13720238999997
Alcaldía 2023,08,LOCALIDAD  8 KENNEDY,CENTRO COMERCIAL CIUDAD TINTAL,2602,472,18.14,Centro Comercial Ciudad Tintal,CRA 94 # 6 C - 30 /CRA 93 # 6 B - 50,4.652774050000062,-74.15974955999997
Alcaldía 2023,08,LOCALIDAD  8 KENNEDY,CENTRO COMERCIAL EL EDEN,12846,2112,16.44,Centro Comercial El Edén,CRA 72 # 12 B - 48,4.646525630000042,-74.12914780999995
Alcaldía 2023,08,LOCALIDAD  8 KENNEDY,CENTRO COMERCIAL TINTAL PLAZA,10722,2493,23.25,Centro Comercial Tintal Plaza,AV CRA 86 # 6 - 37 /AV Ciudad Cali con Américas,4.6417692200000715,-74.15541177999995
Alcaldía 2023,08,LOCALIDAD  8 KENNEDY,CENTRO DE DESARROLLO COMUNITARIO KENNEDY,3245,723,22.28,,,,
Alcaldía 2023,08,LOCALIDAD  8 KENNEDY,CLASS,4818,1052,21.83,,,,
Alcaldía 2023,08,LOCALIDAD  8 KENNEDY,CODEMA,3749,809,21.58,,,,
Alcaldía 2023,08,LOCALIDAD  8 KENNEDY,COL DE TIMIZA,6367,1131,17.76,Col de Timiza,CRA 74 # 42 G - 52 Sur,4.609839340000065,-74.15855085999993
Alcaldía 2023,08,LOCALIDAD  8 KENNEDY,COL. GABRIEL BETANCOURT MEJIA,9884,1904,19.26,Colegio Distrital Gabriel Betancourt Mejía,CRA 87 A # 6 A - 23 / CRA 88 # 6 A - 28,4.644541440000069,-74.15653033999996
Alcaldía 2023,08,LOCALIDAD  8 KENNEDY,COLEGIO ALFONSO LOPEZ PUMAREJO,6425,1341,20.87,Colegio Distrital Alfonso López,CRA 72 G # 39 - 99 Sur / CLL 39 B Sur # 72 G - 62,4.608288410000057,-74.14384350999995
Alcaldía 2023,08,LOCALIDAD  8 KENNEDY,COLEGIO ALQUERIA,4704,947,20.13,Colegio Distrital Alquería,CLL 37 B Sur # 68 D - 93,4.604935280000063,-74.13617278999999
Alcaldía 2023,08,LOCALIDAD  8 KENNEDY,COLEGIO C.E.L.C.O. SAN LUCAS,3388,613,18.09,Colegio Privado C.E.L.C.O. San Lucas,CLL 35 A Sur # 78 I - 21/CRA 78 F # 35 C - 63 Sur ,4.62514187000005,-74.15123481999996
Alcaldía 2023,08,LOCALIDAD  8 KENNEDY,COLEGIO CIUDAD DE FOMEQUE,158,31,19.62,Colegio Privado Ciudad de Fómeque,CRA 93 B # 42 F -16 Sur /CRA 93 42F - 16 S,4.640719490000038,-74.17544943999997
Alcaldía 2023,08,LOCALIDAD  8 KENNEDY,COLEGIO CIUDAD DE TECHO I,785,140,17.83,,,,
Alcaldía 2023,08,LOCALIDAD  8 KENNEDY,COLEGIO CLASS I D E SEDE B ROMA,4446,1031,23.19,,,,
Alcaldía 2023,08,LOCALIDAD  8 KENNEDY,COLEGIO COOPERATIVO TIMIZA,961,233,24.25,Colegio Privado Cooperativo de Timiza,CRA 72 M # 40 F - 18 Sur,4.608652930000062,-74.15073440999998
Alcaldía 2023,08,LOCALIDAD  8 KENNEDY,COLEGIO DARIO ECHANDIA,4264,941,22.07,Colegio Distrital Darío Echandía,CLL 5 A Sur # 88 B - 08,4.642173000000071,-74.16169599999995
Alcaldía 2023,08,LOCALIDAD  8 KENNEDY,COLEGIO DEBORA ARANGO,1597,351,21.98,Colegio Distrital Debora Arango Pérez,CRA 84 A # 57 B - 04 Sur / CRA 84 A # 57 B - 22 Sur,4.61796959000003,-74.18313505999998
Alcaldía 2023,08,LOCALIDAD  8 KENNEDY,COLEGIO DISTRITAL JACKELINE,654,158,24.16,Colegio Distrital Jackeline Sede B,CRA 77 Q # 45 A - 21 Sur,4.608990300000073,-74.16273181999998
Alcaldía 2023,08,LOCALIDAD  8 KENNEDY,COLEGIO ERNESTO GUHL,193,38,19.69,Colegio Privado Ernesto Guhl,CLL 42 G Sur # 87 G - 16,4.633208070000023,-74.17243266999998
Alcaldía 2023,08,LOCALIDAD  8 KENNEDY,COLEGIO FE Y ALEGRIA,4550,893,19.63,Colegio Fe y Alegría,TRV 78 C # 6 D - 49,4.635106000000064,-74.14605599999999
Alcaldía 2023,08,LOCALIDAD  8 KENNEDY,COLEGIO GUSTAVO ROJAS PINILLA,5945,1086,18.27,Colegio Distrital Gustavo Rojas Pinilla,CLL 11 B # 80 B - 61 / CLL 11 B # 80 C - 10,4.6485090800000535,-74.14064982999997
Alcaldía 2023,08,LOCALIDAD  8 KENNEDY,COLEGIO INTEGRACION MODERNA,1490,237,15.91,Colegio Privado de Integración Moderna,CLL 4 # 71 A - 41,4.626742130000025,-74.13479141999994
Alcaldía 2023,08,LOCALIDAD  8 KENNEDY,COLEGIO JAIME GARZON,6321,1490,23.57,Colegio Distrital Jaime Garzón,TRV 85 A # 49 - 45 Sur,4.625827940000022,-74.17558464999996
Alcaldía 2023,08,LOCALIDAD  8 KENNEDY,COLEGIO JEAN PIAGET,1851,320,17.29,Colegio Privado Jean Piaget,CLL 2B # 70 - 22,4.62459608000006,-74.13168347999994
Alcaldía 2023,08,LOCALIDAD  8 KENNEDY,COLEGIO LA AMISTAD,6693,1574,23.52,Colegio Distrital La Amistad,CRA 78 # 35 - 30 Sur,4.623422550000043,-74.14812764999994
Alcaldía 2023,08,LOCALIDAD  8 KENNEDY,COLEGIO LA MAGDALENA,1329,258,19.41,Colegio Distrital La Magdalena,CLL 8A Bis # 94 - 72 / CRA 94 # 8C - 49,4.657200000000046,-74.15729999999996
Alcaldía 2023,08,LOCALIDAD  8 KENNEDY,COLEGIO LUZ Y VIDA,594,90,15.15,Gimnasio Cristiano Luz y Vida Sede C,CLL 1 Sur  # 86 - 15,4.63869569000002,-74.15926271999996
Alcaldía 2023,08,LOCALIDAD  8 KENNEDY,COLEGIO MILITAR MANUEL MURILLO TORO,434,67,15.44,,,,
Alcaldía 2023,08,LOCALIDAD  8 KENNEDY,COLEGIO NELSON MANDELA,4154,911,21.93,Colegio Disitrital Nelson Mandela,CRA 91 # 43 - 98 Sur / CRA 90 A # 46 - 50 Sur,4.635853710000049,-74.17790967999997
Alcaldía 2023,08,LOCALIDAD  8 KENNEDY,COLEGIO NUEVA CASTILLA,8884,1576,17.74,Colegio Distrital Nueva Castilla,CRA 78 C # 8 A - 43,4.640465580000068,-74.14191583999997
Alcaldía 2023,08,LOCALIDAD  8 KENNEDY,COLEGIO OEA,3626,727,20.05,Colegio Distrital OEA,CRA 72 L # 34 - 19 Sur,4.618158630000039,-74.14145867999997
Alcaldía 2023,08,LOCALIDAD  8 KENNEDY,COLEGIO OEA ANTONIA SANTOS,407,86,21.13,Colegio OEA Sede  Antonia Santos,CRA 69 # 39 - 27  Sur / CRA 69 Bis # 39 - 30 Sur,4.609080690000042,-74.14082054999994
Alcaldía 2023,08,LOCALIDAD  8 KENNEDY,COLEGIO PAULO VI SEDE A,1310,302,23.05,Colegio Distrital Paulo VI Sede A,CRA 78 N # 41 - 17/ 21 Sur / CRA 78 P # 41 - 20 Sur,4.62088803000006,-74.15802882999998
Alcaldía 2023,08,LOCALIDAD  8 KENNEDY,COLEGIO RODRIGO TRIANA,5216,1184,22.7,Colegio Distrital Rodrigo Triana Sede A (Paraiso),CLL 38 B Sur # 89 - 81 /CLL 38 Sur # 89 - 81,4.640010210000071,-74.16738578999997
Alcaldía 2023,08,LOCALIDAD  8 KENNEDY,COLEGIO SAN PEDRO CLAVER SEDE A,1980,475,23.99,Colegio Distrital San Pedro Claver Sede A,CRA 79C # 41B - 51 Sur,4.622000000000071,-74.16109999999998
Alcaldía 2023,08,LOCALIDAD  8 KENNEDY,COLEGIO SAN PEDRO CLAVER SEDE B,589,123,20.88,Colegio Distrital San Pedro Claver Sede B,CLL 42 G Sur # 87 - 06,4.631496880000043,-74.17139979999996
Alcaldía 2023,08,LOCALIDAD  8 KENNEDY,COLEGIO SAN RAFAEL SEDE A,375,97,25.87,Colegio Distrital San Rafael Sede A,TRV 78 I # 42 B - 81 Sur / CRA 78 L # 42 B - 84 Sur,4.617571590000068,-74.16240130999995
Alcaldía 2023,08,LOCALIDAD  8 KENNEDY,COLEGIO TOM ADAMS,3819,794,20.79,Colegio Distrital Tom Adams,CLL 40 J Sur # 78 - 08,4.6182880500000465,-74.15564539999997
Alcaldía 2023,08,LOCALIDAD  8 KENNEDY,DINDALITO,6512,1320,20.27,,,,
Alcaldía 2023,08,LOCALIDAD  8 KENNEDY,EL JAPON,5952,1339,22.5,Colegio Distrital El Japón,CRA 78 G # 38 C - 11 Sur,4.621697550000022,-74.15351730999998
Alcaldía 2023,08,LOCALIDAD  8 KENNEDY,EL SAUCEDAL,2341,328,14.01,Colegio Distrital La Amistad - Sede B,CRA 83 # 38 B - 12 Sur,4.633038830000032,-74.16282556999994
Alcaldía 2023,08,LOCALIDAD  8 KENNEDY,ESC.TECNOLOGICA INST. TECNICO CENTRAL,1944,388,19.96,Escuela Tecnológica Instituto Técnico Central,CLL 6 C # 94 A - 25,4.653949640000064,-74.16140759999996
Alcaldía 2023,08,LOCALIDAD  8 KENNEDY,ESTADOS UNIDOS SUPER 13,4159,880,21.16,,,,
Alcaldía 2023,08,LOCALIDAD  8 KENNEDY,FERNANDO SOTO APARICIO,514,108,21.01,Colegio Fernando Soto Aparicio – Nuevo Kennedy,TRV 73 A Bis B # 36 - 47 Sur,4.618814040000075,-74.14748936999996
Alcaldía 2023,08,LOCALIDAD  8 KENNEDY,FERNANDO SOTO APARICIO SEDE B,924,191,20.67,Colegio Fernando Soto Aparicio Sede B,CRA 80 A # 51 B - 29 Sur,4.617238000000043,-74.17262599999998
Alcaldía 2023,08,LOCALIDAD  8 KENNEDY,FLORALIA,3539,599,16.93,Salón Comunal Floralia,TRV 68 C # 31 - 26 Sur,4.608704880000062,-74.13231108999997
Alcaldía 2023,08,LOCALIDAD  8 KENNEDY,FLORESTA SUR SEDE B,983,185,18.82,Colegio Distrital La Floresta Sur Sede B,CLL 2 # 68 B - 08 Sur / CLL 2 # 68 B - 82 Sur,4.62047855000003,-74.12772212999994
Alcaldía 2023,08,LOCALIDAD  8 KENNEDY,FRANCISCO JOSE DE CALDAS - INEM SEDE B,4295,746,17.37,Colegio Distrital INEM Francisco de Paula Santander -Sede B,CLL 35 C Sur # 78 N - 10,4.626545720000024,-74.15317527999997
Alcaldía 2023,08,LOCALIDAD  8 KENNEDY,FRANCISCO MIRANDA,7351,1476,20.08,Colegio Distrital Francisco Miranda,DIAG 41 Sur # 73 A - 80,4.6125888600000735,-74.15445625999996
Alcaldía 2023,08,LOCALIDAD  8 KENNEDY,GEMA,476,95,19.96,Salón Comunal El Ruby II Sector,CLL 58 B Sur # 78 K - 21 /CLL 58 C Sur # 78 K - 21,4.607525830000043,-74.17686551999998
Alcaldía 2023,08,LOCALIDAD  8 KENNEDY,GRAN COLOMBIANO,4292,926,21.58,,,,
Alcaldía 2023,08,LOCALIDAD  8 KENNEDY,INEM FRANCISCO DE PAULA SANTANDER SEDE A,3779,883,23.37,Colegio Distrital INEM Francisco de Paula Santander,CLL 38 C Sur # 79 - 08,4.624982830000022,-74.15550350999996
Alcaldía 2023,08,LOCALIDAD  8 KENNEDY,ISABEL II,1096,243,22.17,Colegio Isabel II,DIAG 2 D # 79 C - 83,4.6335696800000505,-74.15294974999995
Alcaldía 2023,08,LOCALIDAD  8 KENNEDY,JAIRO ANIBAL NIÑO,8058,1601,19.87,,,,
Alcaldía 2023,08,LOCALIDAD  8 KENNEDY,JOHN F. KENNEDY,3641,856,23.51,Colegio Distrital Jhon F. Kennedy,CRA 74 B # 38 A - 35 Sur,4.619573280000054,-74.15025403999994
Alcaldía 2023,08,LOCALIDAD  8 KENNEDY,LA CHUCUA,5665,1108,19.56,Colegio Distrital La Chucua,CRA 72 I # 42 F - 54 Sur,4.6036399400000505,-74.14854788999997
Alcaldía 2023,08,LOCALIDAD  8 KENNEDY,LA FLORESTA SUR,5238,921,17.58,Colegio Distrital La Floresta Sur - Sede 1,CRA 68 B Bis # 1 - 09 Sur,4.620795860000044,-74.12744373999993
Alcaldía 2023,08,LOCALIDAD  8 KENNEDY,LAS AMERICAS SEDE A,4193,850,20.27,Colegio Distrital Las Américas - Sede A,CRA 73 C Bis # 38 C - 84 Sur / CLL 38C Sur # 73A - 93,4.616765260000022,-74.15062749999998
Alcaldía 2023,08,LOCALIDAD  8 KENNEDY,LAS PALMERAS,3572,712,19.93,,,,
Alcaldía 2023,08,LOCALIDAD  8 KENNEDY,LICEO EL CASTILLO,2203,334,15.16,Colegio Privado El Castillo,CRA 82 Bis # 7 D - 12,4.643894620000026,-74.14992682999997
Alcaldía 2023,08,LOCALIDAD  8 KENNEDY,LICEO REYNEL,431,70,16.24,Liceo Reynel,CLL 39 Sur # 68 F - 15,4.602634000000023,-74.13856753999994
Alcaldía 2023,08,LOCALIDAD  8 KENNEDY,LORETO DE CASTILLA,628,112,17.83,Instituto Comercial Loreto de Castilla,CLL 8 # 78 C - 60,4.639170750000062,-74.14319126999999
Alcaldía 2023,08,LOCALIDAD  8 KENNEDY,LOS HEROES,2686,502,18.69,Colegio Distrital Los Héroes,CLL 35 B Sur # 73 A - 40 Int 1,4.620540830000039,-74.14522563999998
Alcaldía 2023,08,LOCALIDAD  8 KENNEDY,LOS PERIODISTAS,3819,852,22.31,Colegio Distrital Los Periodistas,CLL 41 C Sur # 78 H - 85,4.617388220000066,-74.15832380999996
Alcaldía 2023,08,LOCALIDAD  8 KENNEDY,MANDALAY - COLEGIO KENNEDY,5664,948,16.74,Colegio Distrital Kennedy,CLL 5 Sur # 72 A - 69,4.620267630000058,-74.14082627999994
Alcaldía 2023,08,LOCALIDAD  8 KENNEDY,MANUEL CEPEDA,2820,668,23.69,Colegio Distrital Manuel Cepeda Vargas,CLL 56 Sur # 81 - 26,4.616530010000076,-74.17766229999995
Alcaldía 2023,08,LOCALIDAD  8 KENNEDY,MARIA PAZ,2994,547,18.27,Salón Comunal María Paz,CLL 5 A Sur # 82 - 63 / CLL 5 A Sur # 82 - 01,4.6368686800000205,-74.15796743999994
Alcaldía 2023,08,LOCALIDAD  8 KENNEDY,MARSELLA,5643,1005,17.81,Colegio Distrital Marsella,CRA 69 # 7 - 90,4.632151290000024,-74.12731736999996
Alcaldía 2023,08,LOCALIDAD  8 KENNEDY,METRO ALQUERIA,228,35,15.35,Almacén Metro Alquería,AV CRA 68 # 38 - 87 Sur / CRA 68 # 38A - 15,4.602679980000062,-74.13464627999997
Alcaldía 2023,08,LOCALIDAD  8 KENNEDY,MILENIO PLAZA,3136,631,20.12,Centro Comercial Milenio Plaza,AV Ciudad de Cali # 42 B - 51 Sur / AV CRA 86 # 42 B - 51 Sur,4.630349090000038,-74.16878477999995
Alcaldía 2023,08,LOCALIDAD  8 KENNEDY,NICOLAS ESGUERRA,165,33,20.0,Colegio Nicolás Esguerra,CLL 9 C # 68 - 52,4.632326110000065,-74.12260322999998
Alcaldía 2023,08,LOCALIDAD  8 KENNEDY,PATIO BONITO,9508,2052,21.58,,,,
Alcaldía 2023,08,LOCALIDAD  8 KENNEDY,PATIOS,4600,965,20.98,,,,
Alcaldía 2023,08,LOCALIDAD  8 KENNEDY,PERPETUO SOCORRO,4209,868,20.62,,,,
Alcaldía 2023,08,LOCALIDAD  8 KENNEDY,PIO XII - SEDE COLEGIO ISABEL II,3781,730,19.31,Colegio Distrital Isabel II -  Sede B,CRA 79 F # 6 B - 30 / CRA 79 F # 6 B - 34,4.635361170000067,-74.15182267999995
Alcaldía 2023,08,LOCALIDAD  8 KENNEDY,POLIDEPORTIVO CASTILLA,1225,199,16.24,Polideportivo Castilla,CLL 8 B Bis # 73 B - 1 / CRA 75 8 A - 31,4.639782510000032,-74.13941410999996
Alcaldía 2023,08,LOCALIDAD  8 KENNEDY,PROSPERO PINZON,5083,1152,22.66,Colegio Próspero Pinzón,CLL 35 C Sur #78 F - 81,4.624321240000029,-74.15109253999998
Alcaldía 2023,08,LOCALIDAD  8 KENNEDY,ROMA,9815,2152,21.93,,,,
Alcaldía 2023,08,LOCALIDAD  8 KENNEDY,SAGRADO CORAZON,370,86,23.24,Colegio Sagrado Corazón Sede Principal,CLL 54 Sur # 81 H - 15,4.620347680000066,-74.17712049999994
Alcaldía 2023,08,LOCALIDAD  8 KENNEDY,SALON COMUNAL ANDALUCIA II SECTOR,354,47,13.28,Salón Comunal Andalucia II Sector,CLL 14 A # 81 - 38,4.653618250000022,-74.13694453999994
Alcaldía 2023,08,LOCALIDAD  8 KENNEDY,SALON COMUNAL BOITA II SECTOR,1137,247,21.72,Salón Comunal Boita II Sector,CRA 72 R Bis # 48 - 11 Sur,4.604087420000042,-74.15639226999997
Alcaldía 2023,08,LOCALIDAD  8 KENNEDY,SALON COMUNAL CARVAJAL OSORIO,1061,209,19.7,Salón Comunal Carvajal Osorio,CRA 68 L  #37 D - 38 Sur /CRA 68 I # 37 D - 02 Sur / CLL 38 Sur # 68 J - 50,4.6069290000000365,-74.13835799999998
Alcaldía 2023,08,LOCALIDAD  8 KENNEDY,SALON COMUNAL MARSELLA,3205,583,18.19,Salón Comunal Marsella,CRA 69 # 8 - 28,4.632976380000059,-74.12702547999999
Alcaldía 2023,08,LOCALIDAD  8 KENNEDY,SALON COMUNAL MONTERREY,743,105,14.13,Salón Comunal Monterrey,CLL 8 Bis # 81 - 40 ,4.643097500000067,-74.14783571999999
Alcaldía 2023,08,LOCALIDAD  8 KENNEDY,SALON COMUNAL ROMA IV,1248,268,21.47,Salón Comunal Roma IV Segundo Sector,CRA 78 J # 54 - 16 Sur,4.611307110000041,-74.17060251999999
Alcaldía 2023,08,LOCALIDAD  8 KENNEDY,SALON COMUNAL SANTA CATALINA,576,111,19.27,Salón Comunal Santa Catalina,CRA 72 Q Bis #43 - 06 Sur /CLL 43 Sur # 72Q - 45,4.606108600000027,-74.15486890999995
Alcaldía 2023,08,LOCALIDAD  8 KENNEDY,SALON COMUNAL VILLA ALSACIA,1575,233,14.79,Salón Comunal Villa Alsacia,CLL 11 A # 72 D - 20,4.64346598000003,-74.13615890999995
Alcaldía 2023,08,LOCALIDAD  8 KENNEDY,SALON COMUNAL VILLA CLAUDIA,692,124,17.92,Salón Comunal Villa Claudia,CLL 9 A Sur # 68 F - 23,4.617274000000066,-74.12914228999995
Alcaldía 2023,08,LOCALIDAD  8 KENNEDY,SAN FRANCISCO EN EL TINTAL,4963,911,18.36,Colegio Gimnasio Moderno San Francisco El Tintal,CLL 6 D # 90 - 51,4.649993000000052,-74.15820999999994
Alcaldía 2023,08,LOCALIDAD  8 KENNEDY,SAN JOSE DE CASTILLA SEDE A,5689,1006,17.68,Colegio Distrital San José de Castilla - Sede A,CLL 7 C # 78 F - 20 /CRA 78 F # 7 D - 03,4.638309000000049,-74.14383999999995
Alcaldía 2023,08,LOCALIDAD  8 KENNEDY,SANTA MARIA DE KENNEDY,4307,825,19.15,Salón Comunal Urbanización Villa Andrea,CLL 51 C Sur # 82 A - 09,4.622501830000033,-74.17647343999994
Alcaldía 2023,08,LOCALIDAD  8 KENNEDY,SUPERIOR AMERICANO,8053,1255,15.58,Colegio Superior Americano,CRA 71 C # 3 A - 41,4.626186380000036,-74.13590567999995
Alcaldía 2023,08,LOCALIDAD  8 KENNEDY,TAGASTE,2437,420,17.23,,,,
Alcaldía 2023,08,LOCALIDAD  8 KENNEDY,TINTALITO,6168,1219,19.76,,,,
Alcaldía 2023,08,LOCALIDAD  8 KENNEDY,VILLA ADRIANA,2651,466,17.58,Salón Comunal Villa Adriana,CLL 20 Sur # 68 D - 36,4.612923950000038,-74.12908470999997
Alcaldía 2023,08,LOCALIDAD  8 KENNEDY,VILLA RICA,2785,607,21.8,,,,
Alcaldía 2023,08,LOCALIDAD  8 KENNEDY,VILLANUEVA,2583,518,20.05,Colegio Distrital Alfonso López Pumarejo - Sede B,CLL 40 B Sur # 57 - 26 / CRA 68I # 39D - 04 Sur,4.603200020000031,-74.14097587999998
Alcaldía 2023,08,LOCALIDAD  8 KENNEDY,VISION DE COLOMBIA,7169,1313,18.31,Colegio Distrital San José de Castilla - Sede C,CRA 79 C # 13 A - 40,4.65068339000004,-74.13528233999995
Alcaldía 2023,09,LOCALIDAD 9 FONTIBON,ACUNAR,1386,215,15.51,Jardín Infantil ACUNAR Sabana Grande,CRA 104 # 13 D - 35 / CRA 106 # 15 A - 32,4.668003800000065,-74.15744062999994
Alcaldía 2023,09,LOCALIDAD 9 FONTIBON,AGUSTINIANO SALITRE,7071,1123,15.88,,,,
Alcaldía 2023,09,LOCALIDAD 9 FONTIBON,ATAHUALPA,3279,652,19.88,Colegio Distrital Atahualpa,AV CRA 116 # 22I - 56,4.688300000000027,-74.14829999999995
Alcaldía 2023,09,LOCALIDAD 9 FONTIBON,BATAVIA,2808,541,19.27,Concentración Escolar Batavia,CRA 114 # 17 C - 07,4.6826835800000595,-74.15300323999998
Alcaldía 2023,09,LOCALIDAD 9 FONTIBON,BELEN,6866,1232,17.94,Colegio Integrado de Fontibón,CRA 106 # 18 - 77,4.678433950000056,-74.14731024999998
Alcaldía 2023,09,LOCALIDAD 9 FONTIBON,CACIQUE HYNTIBA,1656,335,20.23,Casa de La Cultura de Fontibón Cacique Hyntiba,CLL 17A # 99 - 53,4.672996710000064,-74.14514481999998
Alcaldía 2023,09,LOCALIDAD 9 FONTIBON,CASA PENSAMIENTO INTERCULTURAL,434,73,16.82,Casa de Pensamiento Intercultural,DIAG 15 D # 98 - 40,4.666352900000049,-74.15174359999997
Alcaldía 2023,09,LOCALIDAD 9 FONTIBON,CENTRO A,3726,671,18.01,Colegio Distrital Rodrigo Arenas Betancourt,CRA 97 # 16 J - 15,4.670627620000062,-74.14464347999996
Alcaldía 2023,09,LOCALIDAD 9 FONTIBON,COLEGIO LUIS ANGEL ARANGO,1101,211,19.16,Colegio Distrital Luis Ángel Arango,CLL 23 G # 103 - 60 /CRA 103 # 23 G - 01,4.681852690000028,-74.13755124999994
Alcaldía 2023,09,LOCALIDAD 9 FONTIBON,EL CHARCO,378,74,19.58,Colegio Distrital Antonio Van Üden Sede B,CLL 17 F # 128 - 45,4.692487530000051,-74.16143793999998
Alcaldía 2023,09,LOCALIDAD 9 FONTIBON,EL JARDIN,286,49,17.13,Salón Comunal San José - El Jardín,CRA 100 # 24 D - 65,4.683248640000045,-74.13252331999996
Alcaldía 2023,09,LOCALIDAD 9 FONTIBON,FERROCAJA,485,100,20.62,Vía Pública Colegio Distrital Villemar El Carmen Sede C,CRA 97 # 22 G - 15,4.676020200000039,-74.13840758999999
Alcaldía 2023,09,LOCALIDAD 9 FONTIBON,FONTIBON,11223,1612,14.36,Colegio Parroquial San Pedro Claver,CRA 99 CLL 17 A Esquina / CRA 99 # 17A - 62,4.672635170000035,-74.14450537999994
Alcaldía 2023,09,LOCALIDAD 9 FONTIBON,HAYUELOS CENTRO COMERCIAL,12740,1674,13.14,Centro Comercial Hayuelos,CLL 20 # 82 - 52,4.664203610000072,-74.13054683999997
Alcaldía 2023,09,LOCALIDAD 9 FONTIBON,HAYUELOS JUMBO,8646,1057,12.23,,,,
Alcaldía 2023,09,LOCALIDAD 9 FONTIBON,INTEGRADO SEDE B,518,108,20.85,Colegio Distrital Integrado - Sede B,CLL 22 F # 109 B - 29,4.683119410000074,-74.14624404999995
Alcaldía 2023,09,LOCALIDAD 9 FONTIBON,LA ALDEA,2249,430,19.12,Salón Comunal la Aldea,CLL 22 G # 117 A - 38,4.688916000000063,-74.15002899999996
Alcaldía 2023,09,LOCALIDAD 9 FONTIBON,LA FELICIDAD,4817,622,12.91,Colegio Distrital La Felicidad,CLL 19 # 79 - 37,4.656356410000058,-74.13059069999997
Alcaldía 2023,09,LOCALIDAD 9 FONTIBON,LA GIRALDA,4852,818,16.86,Subdirección de Integración Social,CRA 104 B # 22 J - 15 /CLL 23 # 104 B - 15,4.681725340000071,-74.14173478999999
Alcaldía 2023,09,LOCALIDAD 9 FONTIBON,LA LAGUNA,6732,1097,16.3,Colegio Distrital Pablo Neruda,CLL 16 F Bis # 102 - 70,4.672245610000061,-74.14939244999994
Alcaldía 2023,09,LOCALIDAD 9 FONTIBON,MODELIA REAL,3402,417,12.26,Colegio Gimnasio Modelia Real,CLL 24 D # 82 - 13 /CRA 82 # 24 C - 29 ,4.670602090000045,-74.12140295999995
Alcaldía 2023,09,LOCALIDAD 9 FONTIBON,MODELIA SUR,5590,674,12.06,Salón Múltiple Comunitario,CLL 25 B # 81 - 41 / CRA 81C # 24D 60,4.670049750000032,-74.11924085999993
Alcaldía 2023,09,LOCALIDAD 9 FONTIBON,MULTIPLAZA,4992,620,12.42,Centro Comercial Multiplaza,CLL 19 A # 72 - 57,4.653330240000059,-74.12499241999996
Alcaldía 2023,09,LOCALIDAD 9 FONTIBON,NAVARRA MODELIA,3505,447,12.75,Liceo Navarra,CRA 74 # 24 B - 80,4.665820000000053,-74.11706199999998
Alcaldía 2023,09,LOCALIDAD 9 FONTIBON,PABLO NERUDA,1077,199,18.48,Colegio Distrital Pablo Neruda Sede B,CLL 16 J # 99 - 95,4.672448640000027,-74.14642965999997
Alcaldía 2023,09,LOCALIDAD 9 FONTIBON,PUENTE GRANDE,2163,412,19.05,Liceo Juvenil Moravia,CRA 137 A # 17 D - 31,4.697663890000058,-74.16811639999997
Alcaldía 2023,09,LOCALIDAD 9 FONTIBON,PUERTA DE TEJA,1467,233,15.88,Colegio Distrital Costa Rica - Sede C,CLL 25 C Bis B # 96 - 56,4.6821795600000655,-74.12699895999998
Alcaldía 2023,09,LOCALIDAD 9 FONTIBON,RECODO,4205,759,18.05,Salón Social Conjunto Residencial Fontibón Reservado,CLL 14 B # 119 A - 17,4.680477450000069,-74.16613786999994
Alcaldía 2023,09,LOCALIDAD 9 FONTIBON,SALITRE PLAZA,11471,1293,11.27,Centro Comercial Salitre Plaza,CRA 68 B # 24 - 39,4.652714740000022,-74.10918051999994
Alcaldía 2023,09,LOCALIDAD 9 FONTIBON,SAN JOSE,716,110,15.36,Colegio Privado Parroquial San José ,CRA 100 # 24 - 60 ,4.681714740000075,-74.13355040999994
Alcaldía 2023,09,LOCALIDAD 9 FONTIBON,SAN PABLO LA PERLA,3350,578,17.25,Colegio Distrital Antonio Van Üden,CLL 17 D # 123 B - 37,4.688993230000051,-74.15887106999998
Alcaldía 2023,09,LOCALIDAD 9 FONTIBON,SANTA CECILIA - MODELIA,4673,637,13.63,Colegio Distrital Santa Cecilia,CLL 25 B # 83 - 14,4.671957660000032,-74.12063458999995
Alcaldía 2023,09,LOCALIDAD 9 FONTIBON,SANTA TERESA CENTRO,2301,379,16.47,Colegio Santa Teresa Centro,CRA 99 # 19 -72,4.6737940000000435,-74.14252299999998
Alcaldía 2023,09,LOCALIDAD 9 FONTIBON,TREBOLIS,1399,179,12.79,Centro Comercial Trebolis,CRA 90 # 17 - 95 /Cl 19A # 91 - 05,4.66585292000002,-74.13645248999995
Alcaldía 2023,09,LOCALIDAD 9 FONTIBON,TRES ELEFANTES- LA ESPERANZA,3548,495,13.95,,,,
Alcaldía 2023,09,LOCALIDAD 9 FONTIBON,TRES ESTANCIAS,1890,334,17.67,Salón Comunal Tres Estancias,CLL 15 # 119 - 14 /CLL 15 # 119 A - 90,4.68281458000007,-74.16417605999999
Alcaldía 2023,09,LOCALIDAD 9 FONTIBON,VAN UDEN CALLE 13,736,197,26.77,,,,
Alcaldía 2023,09,LOCALIDAD 9 FONTIBON,VERACRUZ,6593,1094,16.59,Colegio Distrital República de Costa Rica - Sede C,CRA 101 # 23 - 42,4.679446400000074,-74.13770941999996
Alcaldía 2023,09,LOCALIDAD 9 FONTIBON,VERSALLES,8012,1539,19.21,Colegio Distrital Internacional,CRA 112 # 23 - 05,4.686837270000069,-74.14523521999996
Alcaldía 2023,09,LOCALIDAD 9 FONTIBON,VILLA ANDREA,512,116,22.66,Jardín Infantil Villa Andrea,CLL 17 C # 134 - 70 Manzana 1 ,4.695402260000037,-74.16663541999998
Alcaldía 2023,09,LOCALIDAD 9 FONTIBON,VILLEMAR,7676,1246,16.23,Colegio Distrital Villemar El Carmen,CLL 20 D # 96 G - 51,4.6725942300000725,-74.13918464999995
Alcaldía 2023,09,LOCALIDAD 9 FONTIBON,ZONA FRANCA,9285,1841,19.83,Colegio Distrital Carlo Federici,CLL 14 A # 108 - 78,4.671739570000057,-74.15965762999997
Alcaldía 2023,10,LOCALIDAD 10 ENGATIVA,ALCALA SEDE B,436,79,18.12,Colegio Distrital Nestor Forero Alcala Sede B,DIAG 70 # 70 - 40,4.681993060000025,-74.09316965999994
Alcaldía 2023,10,LOCALIDAD 10 ENGATIVA,ALMAZAN ENGATIVA,7145,1409,19.72,,,,
Alcaldía 2023,10,LOCALIDAD 10 ENGATIVA,BACHUE,9099,1821,20.01,Colegio Técnico Distrital Laureano Gómez - Sede B,CLL 90 A # 95 D - 56,4.718635630000051,-74.10182822999997
Alcaldía 2023,10,LOCALIDAD 10 ENGATIVA,BACHUE II - BOCHICA I,4686,860,18.35,Sede Social Edificio Comunal Bochica 1,CLL 83 # 95 D - 04,4.712395780000065,-74.10589612999996
Alcaldía 2023,10,LOCALIDAD 10 ENGATIVA,BOCHICA,11493,2144,18.65,Centro Comercial Portal 80,TRV 100A # 80A - 20 / AV CLL 80 # 100 - 50,4.710570740000037,-74.11216228999996
Alcaldía 2023,10,LOCALIDAD 10 ENGATIVA,BOLIVIA,6475,1084,16.74,Colegio Distrital Rodolfo Llinas,CRA 103 D # 86 A - 72,4.719820000000027,-74.10831499999995
Alcaldía 2023,10,LOCALIDAD 10 ENGATIVA,BONANZA,7457,1200,16.09,Colegio Distrital Técnico República de Guatemala,CLL 78 Bis # 69T - 45,4.6901322000000505,-74.08685264999997
Alcaldía 2023,10,LOCALIDAD 10 ENGATIVA,BOSQUE POPULAR,5050,1007,19.94,Colegio Distrital Instituto Técnico Industrial Francisco Jose de Caldas - Sede A,CRA 68 F # 63 B - 02,4.668805920000068,-74.09538259999994
Alcaldía 2023,10,LOCALIDAD 10 ENGATIVA,BOSQUES DE MARIANA,659,100,15.17,Salón Comunal Bosques de Mariana,CRA 107 B Bis # 70 F - 50,4.707854480000037,-74.12430788999995
Alcaldía 2023,10,LOCALIDAD 10 ENGATIVA,BOYACA,5577,911,16.33,Colegio Distrital Manuela Ayala de Gaitán - Sede A,CLL 71 # 75 - 11,4.688139070000034,-74.09952888999999
Alcaldía 2023,10,LOCALIDAD 10 ENGATIVA,CENTRO COMERCIAL NUESTRO BOGOTA,1824,274,15.02,Centro Comercial Nuestro Bogotá,AV CRA 86 # 55 A - 75,4.683601320000037,-74.11529593999995
Alcaldía 2023,10,LOCALIDAD 10 ENGATIVA,CENTRO COMERCIAL PUNTO 72,1490,286,19.19,Centro Comercial Punto 72,CLL 72 A # 86 - 49 Parqueadero,4.696919330000071,-74.10605957999996
Alcaldía 2023,10,LOCALIDAD 10 ENGATIVA,CENTRO EDUCATIVO SCALAS,769,156,20.29,Centro Educativo Scalas,CRA 82 # 68 B - 09,4.6900148100000365,-74.10620783999997
Alcaldía 2023,10,LOCALIDAD 10 ENGATIVA,CIUDAD DE HONDA,1266,245,19.35,Colegio Distrital Instituto Técnico industrial Francisco José de Caldas - Sede B,CLL 64 F Bis # 68 G - 16,4.672932560000049,-74.09349927999995
Alcaldía 2023,10,LOCALIDAD 10 ENGATIVA,CIUDADELA COLSUBSIDIO,10885,1804,16.57,Colegio Centro Educativo Integral Colsubsidio,CLL 83 # 110 - 58,4.720811410000067,-74.11391556999996
Alcaldía 2023,10,LOCALIDAD 10 ENGATIVA,COLEGIO COPES,1203,217,18.04,Colegio Pedagógico del Espíritu Santo,CLL 72 # 102 - 23 / AV CLL 72 # 102 - 23,4.7049842100000205,-74.11810398999995
Alcaldía 2023,10,LOCALIDAD 10 ENGATIVA,COLEGIO LESTONAC,727,136,18.71,Colegio Privado Centro Lestonac Compañía de María,CRA 87 A # 84 A - 81,4.7080329600000255,-74.09906523999996
Alcaldía 2023,10,LOCALIDAD 10 ENGATIVA,COLEGIO NORTE ADVENTISTA,459,61,13.29,Colegio Adventista del Norte,CRA 70 G # 71 - 04,4.683743500000048,-74.09436380999995
Alcaldía 2023,10,LOCALIDAD 10 ENGATIVA,COLEGIO RR OBLATAS AL DIVINO AMOR,373,54,14.48,Colegio Privado RR Oblatas Al Divino Amor,CRA 71 B # 52 - 30,4.66938293000004,-74.10683512999998
Alcaldía 2023,10,LOCALIDAD 10 ENGATIVA,COMUNIDAD COLEGIO FE Y ALEGRIA,606,123,20.3,Colegio Distrital Fe y Alegría,CRA 105 A # 74 A - 15,4.708199280000031,-74.11897248999998
Alcaldía 2023,10,LOCALIDAD 10 ENGATIVA,DIVERPLAZA,9775,1742,17.82,Centro Comercial Diverplaza,TRV 99 Bis # 70A - 89 / AV CRA 96 # 70A - 89,4.7001410000000305,-74.11511199999995
Alcaldía 2023,10,LOCALIDAD 10 ENGATIVA,EL CEDRO,1358,244,17.97,Colegio Distrital Charry,CRA 109 A # 77 A - 16 /CRA 108 # 77 - 21 ,4.713627000000031,-74.12015899999994
Alcaldía 2023,10,LOCALIDAD 10 ENGATIVA,EL CORTIJO,9506,1416,14.9,,,,
Alcaldía 2023,10,LOCALIDAD 10 ENGATIVA,EL ENCANTO,1875,334,17.81,Salón Comunal de Villaluz,CRA 77 A # 64 B - 03,4.681729460000042,-74.10735812999997
Alcaldía 2023,10,LOCALIDAD 10 ENGATIVA,EL GUALI,2522,470,18.64,Colegio Cafam Básica Primaria,AV CLL 64 C # 68 F - 29,4.671215580000023,-74.09435405999994
Alcaldía 2023,10,LOCALIDAD 10 ENGATIVA,EL LUJAN,6066,977,16.11,Colegio Distrital Robert Kennedy - Sede A,AV Boyacá # 64 H - 39 /AV CRA 72 # 64 H - 39,4.678894770000056,-74.10148869999995
Alcaldía 2023,10,LOCALIDAD 10 ENGATIVA,EL MORISCO,3374,574,17.01,Colegio Distrital Morisco,DIAG 83 # 73 - 12 / DIAG 83 # 73 A - 12 ,4.705155590000061,-74.09038496999995
Alcaldía 2023,10,LOCALIDAD 10 ENGATIVA,EL MUELLE,9301,1742,18.73,Colegio Colsubsidio Las Mercedes,CRA 105 D # 66 A - 15 /CRA 105 F # 66 - 33,4.700289140000052,-74.12521383999996
Alcaldía 2023,10,LOCALIDAD 10 ENGATIVA,EL REAL,609,101,16.58,Colegio Distrital Robert Kennedy Sede B,CLL 65 A # 76 - 53,4.68314016000005,-74.10434446999994
Alcaldía 2023,10,LOCALIDAD 10 ENGATIVA,ENGATIVA,10166,1820,17.9,Colegio Distrital General Santander,CRA 123 # 65 A - 03 / CLL 65A # 123 - 38,4.716288230000032,-74.14095823999997
Alcaldía 2023,10,LOCALIDAD 10 ENGATIVA,FERIAS II,3554,664,18.68,Colegio Distrital Juán del Corral - Sede A,CRA 69 B # 79 A - 42,4.686961490000044,-74.08190080999998
Alcaldía 2023,10,LOCALIDAD 10 ENGATIVA,FLORENCIA,2811,483,17.18,Colegio Distrital Nidia Quintero de Turbay - Sede B,DIAG 74 B # 87 - 40,4.69956811000003,-74.10526331999995
Alcaldía 2023,10,LOCALIDAD 10 ENGATIVA,GARCES NAVAS,9752,1884,19.32,Colegio Distrital Nueva Constitución,CRA 107 B # 74 B - 31,4.711136510000074,-74.12207203999998
Alcaldía 2023,10,LOCALIDAD 10 ENGATIVA,GIMNASIO SANTA MARIA DEL ALCAZAR,261,47,18.01,Gimnasio Santa Maria del Alcazar,CRA 79 # 64 C - 48,4.68351221000006,-74.10817359999999
Alcaldía 2023,10,LOCALIDAD 10 ENGATIVA,GRAN GRANADA,11564,1817,15.71,Costado Almacén Éxito de Occidente,CRA 114 A # 78 B -85 /AV CRA 114 # 78 B - 80,4.72099436000002,-74.12272130999997
Alcaldía 2023,10,LOCALIDAD 10 ENGATIVA,LA CABAÑA,2702,493,18.25,Colegio Distrital Marco Tulio Fernández - Sede A,CLL 63 B # 71 A - 16,4.67429616000004,-74.10219662999998
Alcaldía 2023,10,LOCALIDAD 10 ENGATIVA,LA CLARITA,1480,263,17.77,Salón Comunal Barrio La Clarita,CRA 83 # 70 - 15,4.6921672100000364,-74.10575418999997
Alcaldía 2023,10,LOCALIDAD 10 ENGATIVA,LA ESPAÑOLA,3861,624,16.16,Colegio Distrital Jorge Gaitán Cortés - Sede A,CRA 82 A # 82 D - 34 / CRA 82 A # 82 D - 40,4.703375860000051,-74.09653854999993
Alcaldía 2023,10,LOCALIDAD 10 ENGATIVA,LA ESTRADA,5345,961,17.98,Colegio Distrital República de Colombia - Sede B,CRA 69 C # 69 - 20,4.678782290000072,-74.09152579999994
Alcaldía 2023,10,LOCALIDAD 10 ENGATIVA,LA ESTRADITA,6660,1230,18.47,Colegio Distrital República de Colombia - Sede A,CLL 68 # 69 - 10,4.6774213400000235,-74.09156635999994
Alcaldía 2023,10,LOCALIDAD 10 ENGATIVA,LA EUROPA,2579,371,14.39,Colegio Distrital Néstor Forero Alcalá - Sede A,CRA 70 C Bis # 71 - 33,4.6838089900000455,-74.09357474999996
Alcaldía 2023,10,LOCALIDAD 10 ENGATIVA,LA FAENA,466,94,20.17,Colegio Distrital General Santander Sede C,CRA 122 A Bis # 69 C - 21,4.717575450000027,-74.13791882999993
Alcaldía 2023,10,LOCALIDAD 10 ENGATIVA,LA FLORIDA,4202,719,17.11,Colegio Manyanet,CRA 89 # 68 A - 36 /CRA 89 # 68 A - 32,4.692899560000058,-74.11058796999998
Alcaldía 2023,10,LOCALIDAD 10 ENGATIVA,LA GRANJA,4658,844,18.12,Colegio Distrital San José Norte - Sede A,CRA 84 # 75 A - 09,4.698713440000063,-74.10180744999997
Alcaldía 2023,10,LOCALIDAD 10 ENGATIVA,LA PALESTINA,853,147,17.23,Colegio Distrital La Palestina Sede A - Centro de Estudios del Niño,CRA 76 # 79 - 40,4.697159640000052,-74.09355299999999
Alcaldía 2023,10,LOCALIDAD 10 ENGATIVA,LA SALINA,6351,1070,16.85,Colegio Distrital Florida Blanca - Sede A,CLL 70 A # 94 - 38,4.697956260000069,-74.11402122999993
Alcaldía 2023,10,LOCALIDAD 10 ENGATIVA,LA SERENA,3332,504,15.13,Colegio Distrital Simón Bolívar - Sede B,CRA 85 # 88 - 99 / CRA 85 # 88 - 91,4.708631880000041,-74.09499902999994
Alcaldía 2023,10,LOCALIDAD 10 ENGATIVA,LAS FERIAS,3858,634,16.43,Colegio Distrital Naciones Unidas - Sede C,CLL 73 Bis # 68 G - 27,4.68068259000006,-74.08716270999997
Alcaldía 2023,10,LOCALIDAD 10 ENGATIVA,LEON VALENCIA,290,57,19.66,Colegio Distrital Guillermo León Valencia,CRA 93 A # 75 B - 80 /CRA 92 # 75C - 31,4.704311300000029,-74.10861135999994
Alcaldía 2023,10,LOCALIDAD 10 ENGATIVA,LOS ALAMOS,4611,841,18.24,"Colegio Cooperativo Los Álamos - \""COALAMOS\""",CLL 66 A # 97 A - 15,4.69570563000002,-74.11978794999999
Alcaldía 2023,10,LOCALIDAD 10 ENGATIVA,LOS ALAMOS NORTE,5912,1033,17.47,Colegio Distrital Garces Navas Sede A,CRA 104 A # 76 B - 09,4.710317150000037,-74.11737051999995
Alcaldía 2023,10,LOCALIDAD 10 ENGATIVA,LOS CEREZOS,3237,631,19.49,Polideportivo,TRV 87 A # 83 A - 48,4.706390360000057,-74.10015043999994
Alcaldía 2023,10,LOCALIDAD 10 ENGATIVA,MARGARITA BOSCO,2508,369,14.71,Colegio Margarita Bosco,AV CLL 63 # 73 A - 44,4.676707800000031,-74.10595588999996
Alcaldía 2023,10,LOCALIDAD 10 ENGATIVA,MINUTO DE DIOS,6988,1134,16.23,Colegio Minuto de Dios,TRV 74 # 81 C - 05,4.698129250000022,-74.09033767999995
Alcaldía 2023,10,LOCALIDAD 10 ENGATIVA,MORTIÑO,1585,263,16.59,Salón Comunal,CLL 75 # 110 A - 23,4.713081740000064,-74.12370080999995
Alcaldía 2023,10,LOCALIDAD 10 ENGATIVA,NACIONES UNIDAS SEDE B,584,106,18.15,Colegio Distrital Naciones Unidas Sede B,CLL 73 A # 69 J - 10,4.684366280000063,-74.08858584999996
Alcaldía 2023,10,LOCALIDAD 10 ENGATIVA,NORMANDIA,6937,1003,14.46,Colegio Privado Instituto Técnico Industrial Centro Don Bosco,DIAG 44 # 69 - 96,4.6619574000000625,-74.10790264999997
Alcaldía 2023,10,LOCALIDAD 10 ENGATIVA,PALO BLANCO,1448,209,14.43,Colegio Gimnasio El Lago,CLL 74 A # 73 A - 85,4.691378000000043,-74.09556699999996
Alcaldía 2023,10,LOCALIDAD 10 ENGATIVA,PARIS GAITAN,667,138,20.69,Colegio Distrital Jorge Gaitán Sede B,CRA 84 # 83 - 71,4.704805790000023,-74.09788413999996
Alcaldía 2023,10,LOCALIDAD 10 ENGATIVA,PARQUE SAN ANDRES,2409,454,18.85,Coliseo Parque San Andrés,CLL 82 # 100 A - 91,4.713394110000024,-74.11002009999999
Alcaldía 2023,10,LOCALIDAD 10 ENGATIVA,PLAZUELAS DEL VIRREY,4502,711,15.79,Salón Comunal Urbanización Plazuelas del Virrey,CLL 70 A # 105 G - 23 / CLL 70 # 105 F - 28,4.704557270000066,-74.12330064999998
Alcaldía 2023,10,LOCALIDAD 10 ENGATIVA,PRIMAVERA,1515,325,21.45,Colegio Distrital Simón Bolívar Sede A,CRA 92 # 87 A - 60,4.71113863000005,-74.10000221999996
Alcaldía 2023,10,LOCALIDAD 10 ENGATIVA,QUIRIGUA,7168,1223,17.06,Colegio Distrital República de China,CRA 92 # 82 - 20,4.707612070000039,-74.10385843999995
Alcaldía 2023,10,LOCALIDAD 10 ENGATIVA,QUIRIGUA (PLAZA DE MERCADO),5762,1066,18.5,,,,
Alcaldía 2023,10,LOCALIDAD 10 ENGATIVA,SALON COMUNAL ALAMOS,949,183,19.28,Salón Comunal Álamos,CLL 66 A # 97 - 64 /CLL 66 A # 97 A - 34 ,4.696324620000041,-74.11943141999996
Alcaldía 2023,10,LOCALIDAD 10 ENGATIVA,SALON COMUNAL EL VERDUM,523,93,17.78,Salón Comunal El Verdum,CRA 110 C # 64 D - 03,4.702437300000042,-74.13120749999996
Alcaldía 2023,10,LOCALIDAD 10 ENGATIVA,SALON COMUNAL PROTECHO VILLA AMALIA,2509,497,19.81,Salón Comunal Protecho Villa Amalia,AV CLL 72 # 110 - 13,4.71060631000006,-74.12517638999998
Alcaldía 2023,10,LOCALIDAD 10 ENGATIVA,SAN IGNACIO,1593,231,14.5,Colegio Distrital Marco Tulio Fernández - Sede D,TRV 76 B # 51 A - 57 /CRA 75 # 51 A - 69,4.673938040000053,-74.11170780999998
Alcaldía 2023,10,LOCALIDAD 10 ENGATIVA,SAN JOAQUIN,821,150,18.27,Colegio Distrital República de Colombia Sede C,CRA 68 H # 71 A - 01 /CRA 69 # 71 - 16 ,4.680191000000036,-74.08902699999999
Alcaldía 2023,10,LOCALIDAD 10 ENGATIVA,SAN MARCOS,7249,1136,15.67,Colegio Distrital Antonio Nariño - Sede A,CRA 77 A # 67 - 17,4.685961510000027,-74.10397212999999
Alcaldía 2023,10,LOCALIDAD 10 ENGATIVA,SANTA CECILIA,2107,328,15.57,Salón Comunal,CLL 52 A Bis # 78 - 35 /TRV 85 # 52 A - 70,4.677248620000057,-74.11305604999995
Alcaldía 2023,10,LOCALIDAD 10 ENGATIVA,SANTA HELENITA,6351,1122,17.67,Colegio Distrital Manuela Ayala de Gaitán - Sede B,CRA 78 # 69 A - 11,4.688928770000075,-74.10337860999994
Alcaldía 2023,10,LOCALIDAD 10 ENGATIVA,SANTA ROSITA,8948,1461,16.33,Colegio Distrital Nidia Quintero de Turbay - Sede A,CLL 75 # 90 - 75,4.701727640000058,-74.10789105999999
Alcaldía 2023,10,LOCALIDAD 10 ENGATIVA,SIDAUTO,138,31,22.46,Colegio Distrital Jorge Gaitán Sede A,CRA 89 A # 86 - 38,4.709017950000032,-74.09904223999996
Alcaldía 2023,10,LOCALIDAD 10 ENGATIVA,SOLEDAD NORTE,538,95,17.66,Colegio Distrital San José Norte Sede B,CRA 83 # 73 A - 80 / CLL 74 # 82 - 37,4.696039770000027,-74.10230599999994
Alcaldía 2023,10,LOCALIDAD 10 ENGATIVA,STA. MARIA DEL LAGO,3373,493,14.62,,,,
Alcaldía 2023,10,LOCALIDAD 10 ENGATIVA,TABORA,6425,1168,18.18,Colegio Distrital Tabora - Sede A,CRA 77 B # 74 A - 02 / CRA 77 B # 74 - 02,4.693789440000046,-74.09808772999997
Alcaldía 2023,10,LOCALIDAD 10 ENGATIVA,TISQUESUSA,1125,184,16.36,Salón Comunal,DIAG 82 B # 79 - 10,4.702307460000043,-74.09468948999995
Alcaldía 2023,10,LOCALIDAD 10 ENGATIVA,TORQUIGUA,4642,1005,21.65,Colegio Colsubsidio Torquigua,CLL 64 # 128 - 50,4.7217498400000295,-74.14340952999999
Alcaldía 2023,10,LOCALIDAD 10 ENGATIVA,UNICENTRO DE OCCIDENTE,7708,1310,17.0,Centro Comercial Unicentro de Occidente,CRA 111 C # 86 - 05,4.722981320000031,-74.11353946999998
Alcaldía 2023,10,LOCALIDAD 10 ENGATIVA,UNIMINUTO ESCUELA DE CONVENCIONES,901,172,19.09,Universidad Minuto de Dios,CLL 89 # 87 A - 50,4.710749700000065,-74.09691178999998
Alcaldía 2023,10,LOCALIDAD 10 ENGATIVA,UNIVERSIDAD UDCA,510,94,18.43,Universidad De Ciencias Aplicadas Y Ambientales - U.D.C.A.,AV Boyacá # 66 A - 61,4.681667960000027,-74.09924365999996
Alcaldía 2023,10,LOCALIDAD 10 ENGATIVA,VILLA AMALIA,7011,1198,17.09,Colegio Distrital Villa Amalia,CRA 110 B # 71 C - 45 /CLL 71 C # 110 B - 21,4.710598490000052,-74.12630134999995
Alcaldía 2023,10,LOCALIDAD 10 ENGATIVA,VILLA CONSTANZA,1393,218,15.65,Salón Comunal,CLL 70 C # 111 - 15,4.708291400000064,-74.12846495999997
Alcaldía 2023,10,LOCALIDAD 10 ENGATIVA,VILLA GLADYS,5032,868,17.25,Colegio Distrital Antonio Villavicencio - Sede A,CLL 65 # 112 A - 39,4.705067450000058,-74.13430697999996
Alcaldía 2023,10,LOCALIDAD 10 ENGATIVA,VILLA LUZ,6431,1009,15.69,,,,
Alcaldía 2023,10,LOCALIDAD 10 ENGATIVA,VILLAS DE GRANADA,8358,1356,16.22,Colegio Distrital Los Cerezos,CLL 72 F # 114 - 51,4.716057360000036,-74.12971919999995
Alcaldía 2023,10,LOCALIDAD 10 ENGATIVA,ZARZAMORA,3932,588,14.95,Sede Social Conjunto Zarzamora CAFAM,CLL 71 B # 88 - 35,4.696281940000063,-74.10797801999996
Alcaldía 2023,11,LOCALIDAD 11 SUBA,ALBERTO LLERAS CAMARGO - IED,8736,1538,17.61,Colegio Distrital Alberto Lleras Camargo,CRA 111 A # 139 - 88,4.744081450000067,-74.10211914999996
Alcaldía 2023,11,LOCALIDAD 11 SUBA,ALMACEN ÉXITO LA COLINA,11945,849,7.11,Almacén Éxito la Colina,AV CLL 147 con AV CRA 72 /AV CLL 147 # 58 C - 91,4.734711480000044,-74.06607258999998
Alcaldía 2023,11,LOCALIDAD 11 SUBA,ALVARO GOMEZ HURTADO SEDE A - IED,9378,1722,18.36,Colegio Distrital Álvaro Gómez Hurtado,CRA 100 A # 130 - 18,4.730444500000033,-74.09685049999996
Alcaldía 2023,11,LOCALIDAD 11 SUBA,ALVARO GOMEZ HURTADO SEDE B - IED,958,195,20.35,Colegio Distrital Álvaro Gómez Hurtado Sede B,CLL 133 # 98 B -24,4.735261970000067,-74.09337569999997
Alcaldía 2023,11,LOCALIDAD 11 SUBA,ARTURO CALLE TORRE EMPRESARIAL,4017,335,8.34,,,,
Alcaldía 2023,11,LOCALIDAD 11 SUBA,BIBLIOTECA JULIO MARIO SANTODOMINGO,6172,686,11.11,,,,
Alcaldía 2023,11,LOCALIDAD 11 SUBA,CARULLA RINCON DE LA COLINA,5294,383,7.23,Parqueadero Carulla Rincón de la Colina,AV CRA 72 # 152 B - 60,4.740540440000075,-74.06500450999994
Alcaldía 2023,11,LOCALIDAD 11 SUBA,CASABLANCA SUBA,2086,291,13.95,Parque Casablanca,CLL 146 B # 78 - 51,4.7380403700000215,-74.07585598999998
Alcaldía 2023,11,LOCALIDAD 11 SUBA,CC PARQUE LA COLINA,12362,999,8.08,Centro Comercial Parque La Colina,CRA 58 D # 146 - 51,4.73251625000006,-74.06549086999996
Alcaldía 2023,11,LOCALIDAD 11 SUBA,CC PORTOALEGRE,1444,111,7.69,Centro Comercial Portoalegre,CRA 58 # 137 B - 01,4.727719510000043,-74.06481701999996
Alcaldía 2023,11,LOCALIDAD 11 SUBA,CENTRO COMERCIAL BIMA,491,36,7.33,Centro Comercial BIMA,Autopista Norte # 232 - 35,4.806448270000033,-74.03807321999994
Alcaldía 2023,11,LOCALIDAD 11 SUBA,CENTRO COMERCIAL BULEVAR NIZA,9939,917,9.23,Parqueadero Centro Comercial Bulevar Niza,AV CLL 127 # 58 - 58,4.711594590000061,-74.07167952999998
Alcaldía 2023,11,LOCALIDAD 11 SUBA,CENTRO COMERCIAL CENTRO SUBA,10368,1932,18.63,Centro Comercial Centro Suba ,CLL 145 # 91 - 19,4.737655940000025,-74.08555758999995
Alcaldía 2023,11,LOCALIDAD 11 SUBA,CENTRO COMERCIAL FIESTA SUBA,6829,1233,18.06,,,,
Alcaldía 2023,11,LOCALIDAD 11 SUBA,CENTRO COMERCIAL MAZUREN,8264,755,9.14,Parqueadero Centro Comercial Mazurén,CRA 46 # 152 - 46,4.736490340000046,-74.05005201999995
Alcaldía 2023,11,LOCALIDAD 11 SUBA,CENTRO COMERCIAL PASEO SAN RAFAEL,11864,915,7.71,Parqueadero Centro Comercial Paseo San Rafael,AV CLL 134 # 55 - 30/AV CLL 134 # 55 - 32,4.723020990000066,-74.06227483999999
Alcaldía 2023,11,LOCALIDAD 11 SUBA,CENTRO COMERCIAL PLAZA IMPERIAL,10531,1990,18.9,Centro Comercial Plaza Imperial,CRA 104 # 148 - 07,4.74869891000003,-74.09552226999995
Alcaldía 2023,11,LOCALIDAD 11 SUBA,CENTRO COMERCIAL SANTAFE,7942,981,12.35,Centro Comercial Santafé,CLL 185 # 45 - 03,4.763219530000072,-74.04545498999994
Alcaldía 2023,11,LOCALIDAD 11 SUBA,CHORRILLOS,152,20,13.16,Colegio Distrital Nicolás Buenaventura Sede B,Kilometro 7 Via Suba - Cota,4.784889000000021,-74.09125699999998
Alcaldía 2023,11,LOCALIDAD 11 SUBA,COLEGIO CARO Y CUERVO,3466,345,9.95,Colegio Externado Caro y Cuervo,CLL 150 A # 50 - 57,4.733372490000022,-74.05360009999998
Alcaldía 2023,11,LOCALIDAD 11 SUBA,COLEGIO CELESTIN FREINET,4409,765,17.35,Colegio Celestin Freinet,CLL 136 # 136A - 12,4.74543379000005,-74.11433532999996
Alcaldía 2023,11,LOCALIDAD 11 SUBA,COLEGIO DEL BOSQUE,417,53,12.71,Colegio del Bosque - Universidad Antonio Nariño - Sede Bachillerato,CRA 65 # 170 - 20,4.757163280000043,-74.06019419999996
Alcaldía 2023,11,LOCALIDAD 11 SUBA,COLEGIO EUCARISTICO MERCEDARIO,4588,724,15.78,Colegio Eucarístico Mercedario,CLL 137 # 91 - 61 /CRA 91 # 136 - 53 ,4.7353330000000255,-74.08655299999998
Alcaldía 2023,11,LOCALIDAD 11 SUBA,COLEGIO HELVETIA,1011,99,9.79,Colegio Privado Helvetia,CLL 128 # 71 A - 91,4.715101360000062,-74.07644961999995
Alcaldía 2023,11,LOCALIDAD 11 SUBA,COLEGIO HIJAS DE CRISTO REY,11067,759,6.86,,,,
Alcaldía 2023,11,LOCALIDAD 11 SUBA,COLEGIO JOHN DEWEY,1198,101,8.43,Colegio John Dewey,TRV 54 # 111 - 85,4.69878041000004,-74.06397834999996
Alcaldía 2023,11,LOCALIDAD 11 SUBA,COLEGIO LA KHUMBRE,1253,37,2.95,Colegio Privado la Khumbre,KM 16 Vía Guaymaral Finca Cucaita,4.823891890000027,-74.07350944999996
Alcaldía 2023,11,LOCALIDAD 11 SUBA,COLEGIO MARYMOUNT,2721,194,7.13,Fundación Colegio Marymount,CLL 169 B # 74 A - 02,4.755702270000029,-74.06644191999999
Alcaldía 2023,11,LOCALIDAD 11 SUBA,COLEGIO MAXIMINO POITIERS,7082,1107,15.63,Colegio Máximino Poitiers,CLL 152 A # 102 - 51 / CL 152A # 102B - 51,4.751536060000035,-74.09098673999995
Alcaldía 2023,11,LOCALIDAD 11 SUBA,COLEGIO PEDAGOGICO DULCE MARIA,4819,996,20.67,Colegio Privado Pedagógico Dulce Maria,TRV 127 C # 139 B - 48,4.746610000000032,-74.10824099999996
Alcaldía 2023,11,LOCALIDAD 11 SUBA,COLEGIO RAFAEL MAYA,1419,293,20.65,Colegio Rafael Maya,CLL 134A # 147C - 07,4.745221420000064,-74.11884996999999
Alcaldía 2023,11,LOCALIDAD 11 SUBA,COLEGIO SAN JOSE DE CALASANZ,4814,715,14.85,Colegio San José de Calasanz,CLL 129 # 88B - 35,4.72303026000003,-74.08824495999994
Alcaldía 2023,11,LOCALIDAD 11 SUBA,COLEGIO SANTA ISABEL DE HUNGRIA,4182,537,12.84,,,,
Alcaldía 2023,11,LOCALIDAD 11 SUBA,COLEGIO SANTIAGO ALBERIONI,894,105,11.74,Colegio Santiago Alberioni,CRA 62 # 169 A - 14,4.75328458000007,-74.05983302999994
Alcaldía 2023,11,LOCALIDAD 11 SUBA,COLEGIO VISTA BELLA,2169,332,15.31,Colegio Vista Bella,CRA 58 # 167 - 20 / AV CRA 58 # 167 - 20,4.7500991600000475,-74.05878125999999
Alcaldía 2023,11,LOCALIDAD 11 SUBA,COLSUBSIDIO MAZUREN,5884,564,9.59,Colsubsidio Mazuren,CLL 152 # 53 A - 05,4.735384150000073,-74.05456045999995
Alcaldía 2023,11,LOCALIDAD 11 SUBA,COMPARTIR SEDE A - IED,10264,1911,18.62,Institución Educativa Compartir Suba,CRA 128 # 146 - 52,4.755286720000072,-74.10601314999997
Alcaldía 2023,11,LOCALIDAD 11 SUBA,COMPARTIR SEDE B IED,1478,243,16.44,Colegio Distrital Compartir Sede B,CLL 149 # 117 - 35,4.753361160000054,-74.10429047999997
Alcaldía 2023,11,LOCALIDAD 11 SUBA,DELIA ZAPATA OLIVELLA - IED,6114,1110,18.16,Colegio Distrital Delia Zapata Olivella,CLL 144 C # 141 A - 51,4.753137340000023,-74.11330964999996
Alcaldía 2023,11,LOCALIDAD 11 SUBA,DON BOSCO - IED,9476,1611,17.0,Centro Educativo Distrital Don Bosco V,CLL 143 A # 118 - 50,4.7504136000000585,-74.10748214999995
Alcaldía 2023,11,LOCALIDAD 11 SUBA,EL BATAN,3023,197,6.52,Parque El Batán,CLL 123 A # 47 - 34 /CRA 50 # 123 A - 30,4.704806290000022,-74.05702319999995
Alcaldía 2023,11,LOCALIDAD 11 SUBA,EL SALITRE SEDE C - IED,6791,1006,14.81,Colegio Distrital El Salitre Suba - Sede C,CRA 92 # 152 A - 52,4.749192490000041,-74.08305400999996
Alcaldía 2023,11,LOCALIDAD 11 SUBA,FE Y ALEGRIA JOSE MARIA VELAZ - IED,5558,1241,22.33,Colegio Fe y Alegría,CRA 131 # 134 - 44 / CRA 131 # 133 - 44,4.744508040000028,-74.11245527999995
Alcaldía 2023,11,LOCALIDAD 11 SUBA,FILARMONICO JORGE MARIO BERGOGLIO - IED,3883,680,17.51,Colegio Distrital Jorge Mario Bergoglio,CLL 143 A #113 C - 51 /CRA 113C # 142B - 21,4.748823000000073,-74.10339899999997
Alcaldía 2023,11,LOCALIDAD 11 SUBA,FLORESTA NORTE-JULIO FLOREZ,4646,501,10.78,,,,
Alcaldía 2023,11,LOCALIDAD 11 SUBA,FLORESTA OUTLET,4693,461,9.82,Centro Comercial Outlet La Floresta,CRA 69 # 98 A - 45,4.691381540000066,-74.07476324999999
Alcaldía 2023,11,LOCALIDAD 11 SUBA,FUNDACION SAN FELIPE NERI,902,158,17.52,Fundación San Felipe Neri,CRA 90 # 149 - 73,4.746206000000029,-74.08295499999997
Alcaldía 2023,11,LOCALIDAD 11 SUBA,FUNDACION UNIVERSITARIA LUIS AMIGO,3926,370,9.42,,,,
Alcaldía 2023,11,LOCALIDAD 11 SUBA,GERARDO MOLINA RAMIREZ - IED,8012,1700,21.22,Colegio Distrital Gerardo Molina Ramírez,CRA 143 #142 A - 62,4.748668000000066,-74.11538399999995
Alcaldía 2023,11,LOCALIDAD 11 SUBA,GERARDO PAREDES - IED,9657,1906,19.74,Colegio Distrital Gerardo Paredes - Sede A,CRA 94 C # 129 A - 04,4.7258705700000405,-74.09362808999998
Alcaldía 2023,11,LOCALIDAD 11 SUBA,GONZALO ARANGO - IED,4248,925,21.77,Colegio Distrital Gonzalo Arango,CLL 130 A # 98 - 71 ,4.729812320000065,-74.09492314999994
Alcaldía 2023,11,LOCALIDAD 11 SUBA,HUNZA SEDE A - IED,646,167,25.85,Colegio Distrital Hunza - Sede A,CRA 84 A # 129 A - 40,4.723360860000071,-74.08334342999996
Alcaldía 2023,11,LOCALIDAD 11 SUBA,HUNZA SEDE B - IED,1920,336,17.5,Colegio Distrital Hunza - Sede B,CLL 128 B # 87 D - 05,4.720686160000071,-74.08725561999995
Alcaldía 2023,11,LOCALIDAD 11 SUBA,INSTITUTO SAN BASILIO,1226,250,20.39,Instituto San Basilio,CLL 136A # 152A -77,4.7438964500000225,-74.12456901999997
Alcaldía 2023,11,LOCALIDAD 11 SUBA,JUAN LOZANO Y LOZANO SEDE B - IED,1904,370,19.43,Colegio Distrital Juan Lozano y Lozano Sede B,CRA 99 # 154 - 26,4.753495720000046,-74.08667297999995
Alcaldía 2023,11,LOCALIDAD 11 SUBA,LA ALHAMBRA CARULLA,8296,441,5.32,,,,
Alcaldía 2023,11,LOCALIDAD 11 SUBA,LA CONEJERA,1210,227,18.76,Colegio Distrital Salitre Sede B,CLL 163 # 92 - 96 / CRA 92 # 169 B - 60,4.759968360000073,-74.07711754999997
Alcaldía 2023,11,LOCALIDAD 11 SUBA,LA GAITANA SEDE A - IED,6751,1283,19.0,Colegio Distrital La Gaitana,TRV 126 # 134 - 88,4.742176890000053,-74.10852231999996
Alcaldía 2023,11,LOCALIDAD 11 SUBA,LA GAITANA SEDE B - IED,1657,389,23.48,Colegio Distrital La Gaitana Sede B,CLL 132 D # 123 B - 65 / CRA 124 # 132B - 02,4.739718030000063,-74.10669833999998
Alcaldía 2023,11,LOCALIDAD 11 SUBA,LA TOSCANA LISBOA SEDE A - IED,1573,385,24.48,Colegio Distrital La Toscana Lisboa,CLL 132 D Bis # 132 - 05,4.743527810000046,-74.11344446999993
Alcaldía 2023,11,LOCALIDAD 11 SUBA,LA TOSCANA LISBOA SEDE B - IED,5333,946,17.74,Colegio Distrital Lisboa - Sede B,CRA 151 A # 132 A - 16,4.743313740000076,-74.12165518999996
Alcaldía 2023,11,LOCALIDAD 11 SUBA,LICEO ARKADIA,252,43,17.06,,,,
Alcaldía 2023,11,LOCALIDAD 11 SUBA,MIRANDELA - NUEVA ZELANDIA,3462,426,12.31,Colegio Nueva Zelandia Sede B,CLL 187 # 49 - 42,4.765522130000022,-74.04692982999995
Alcaldía 2023,11,LOCALIDAD 11 SUBA,NICOLAS BUENAVENTURA - IED,6470,1182,18.27,Colegio Distrital Nicolás Buenaventura,CRA 103 B # 153 - 01,4.755537480000044,-74.09060191999998
Alcaldía 2023,11,LOCALIDAD 11 SUBA,NIZA CENTRO COMERCIAL NIZA,12467,1137,9.12,Parqueadero Centro Comercial Niza,AV CLL 127 # 60 - 30,4.711258020000059,-74.07303392999995
Alcaldía 2023,11,LOCALIDAD 11 SUBA,NIZA IX,3778,415,10.98,Colegio Distrital Prado Veraniego II - Sede B,CRA 53 A # 128 - 51,4.713495870000031,-74.06067302999998
Alcaldía 2023,11,LOCALIDAD 11 SUBA,NUEVA COLOMBIA - IED,4299,952,22.14,Colegio Distrital Nueva Colombia,CLL 128 C # 102 A - 25 / CRA 102 A # 128 A - 40,4.728539180000041,-74.09984255999996
Alcaldía 2023,11,LOCALIDAD 11 SUBA,NUEVA ZELANDIA,5003,675,13.49,Colegio Distrital Nueva Zelandia,CLL 181 # 51 A - 31,4.759085620000064,-74.04953912999997
Alcaldía 2023,11,LOCALIDAD 11 SUBA,PARQUE FUNDACIONAL DE SUBA,14826,2288,15.43,Parque Fundacional de Suba,CRA 90 # 146 C - 40,4.7409315500000275,-74.08333584999997
Alcaldía 2023,11,LOCALIDAD 11 SUBA,PASADENA-LOS TRES ELEFANTES,4875,320,6.56,,,,
Alcaldía 2023,11,LOCALIDAD 11 SUBA,PONTEVEDRA,6375,647,10.15,Colegio Distrital Santa Rosa - Sede A,CLL 102 A # 70 - 40,4.695967250000024,-74.07401791999996
Alcaldía 2023,11,LOCALIDAD 11 SUBA,PRADO CIUDAD JARDIN,3738,478,12.79,Colegio Distrital Gustavo Morales Morales - Sede B,CLL 129 B # 58 B - 45,4.719289010000068,-74.06980867999994
Alcaldía 2023,11,LOCALIDAD 11 SUBA,PRADO PINZON,4484,508,11.33,Colegio Distrital Anibal Fernández de Soto,CRA 53 # 135 - 13,4.722990700000025,-74.05738753999998
Alcaldía 2023,11,LOCALIDAD 11 SUBA,PRADO SUR,4325,586,13.55,Colegio Distrital Gustavo Morales Morales,CLL 129 # 55 - 55,4.716510670000048,-74.06435553999995
Alcaldía 2023,11,LOCALIDAD 11 SUBA,PRADO VERANIEGO,4827,628,13.01,Colegio Distrital Prado Veraniego I - Sede A,CRA 46 # 130 - 65,4.717159630000026,-74.05417373999995
Alcaldía 2023,11,LOCALIDAD 11 SUBA,PUENTE LARGO-EMMANUEL D.ALZON,7172,545,7.6,,,,
Alcaldía 2023,11,LOCALIDAD 11 SUBA,RAMON DE ZUBIRIA SEDE A - IED,5193,1111,21.39,Colegio Distrital Ramón de Subiría - Sede A,DIAG 129 B Bis # 93 B - 51,4.7254010000000335,-74.09214299999996
Alcaldía 2023,11,LOCALIDAD 11 SUBA,RAMON DE ZUBIRIA SEDE B - IED,1609,332,20.63,Colegio Distrital Ramón de Subiría - Sede B,CLL 130 D # 88 B - 20,4.727428000000032,-74.08659299999994
Alcaldía 2023,11,LOCALIDAD 11 SUBA,REPUBLICA DOMINICANA SEDE A - IED,7747,1578,20.37,Colegio Distrital República Dominicana,CLL 131 A # 125 - 39,4.738964390000035,-74.10899938999995
Alcaldía 2023,11,LOCALIDAD 11 SUBA,REPUBLICA DOMINICANA SEDE B - IED,1800,362,20.11,Colegio Distrital República Dominicana Sede B,CRA 123 # 129 D - 22 / CRA 123 # 129 D - 55,4.734903320000058,-74.10777578999995
Alcaldía 2023,11,LOCALIDAD 11 SUBA,SALON COMUNAL AURES II,2228,471,21.14,Salón Comunal Aures II,CRA 105 B #129 D - 92,4.733217360000026,-74.10196150999997
Alcaldía 2023,11,LOCALIDAD 11 SUBA,SALON COMUNAL CIUDAD JARDIN NORTE,682,60,8.8,Salón Comunal Ciudad Jardín Norte,CRA 59 B BIS # 132 - 53,4.724865830000056,-74.07045661999996
Alcaldía 2023,11,LOCALIDAD 11 SUBA,SALON COMUNAL COMPARTIR 1,846,187,22.1,Salón Comunal Suba Compartir 1,CRA 136 C # 152 F - 44,4.760252180000066,-74.10591839999995
Alcaldía 2023,11,LOCALIDAD 11 SUBA,SALON COMUNAL EL SOLAR,1119,226,20.2,Salón Comunal El Solar 1,CRA 109 B # 141 A - 36 / CRA 109 B # 141 A 56,4.7458336800000325,-74.09980172999997
Alcaldía 2023,11,LOCALIDAD 11 SUBA,SALON COMUNAL SAN FRANCISCO,934,173,18.52,Salón Comunal Barrio San Francisco,CRA 84 A # 145 B -07,4.7366590000000315,-74.08034199999997
Alcaldía 2023,11,LOCALIDAD 11 SUBA,SALON COMUNAL SAN PEDRO DE TIBABUYES,527,103,19.54,Salón Comunal San Pedro de Tibabuyes,CLL 137 # 145 B - 12,4.746355410000035,-74.11793439999997
Alcaldía 2023,11,LOCALIDAD 11 SUBA,SALON COMUNAL SANTA CECILIA,1853,412,22.23,Salón Comunal Santa Cecilia,CRA 158B # 131A - 45,4.739700000000028,-74.12819999999994
Alcaldía 2023,11,LOCALIDAD 11 SUBA,SALON COMUNAL VILLA CINDY,897,187,20.85,Salón Comunal Villa Cindy,CLL 137 B #1 57 - 17,4.74375297000006,-74.12773663999997
Alcaldía 2023,11,LOCALIDAD 11 SUBA,SALON COMUNAL VILLA MARIA,1041,216,20.75,Salón Comunal Villa Maria,CRA 111 # 135 - 25,4.7405871000000275,-74.10368113999994
Alcaldía 2023,11,LOCALIDAD 11 SUBA,SAN CIPRIANO,4405,577,13.1,Colegio Distrital Vista Bella - Sede B,CLL 166 Bis  # 54 C - 08 / CLL 166 # 54 C - 08,4.748629040000026,-74.05503118999997
Alcaldía 2023,11,LOCALIDAD 11 SUBA,SAN JOSE BAVARIA-ABRAHAM LINCOLN,2619,275,10.5,,,,
Alcaldía 2023,11,LOCALIDAD 11 SUBA,SAN NICOLAS-AGUSTINIANO NORTE,4748,345,7.27,,,,
Alcaldía 2023,11,LOCALIDAD 11 SUBA,SIMON BOLIVAR - IED,4564,768,16.83,Colegio Distrital  Simón Bolívar Suba,CRA 92 # 146C - 38,4.741306350000059,-74.08484848999996
Alcaldía 2023,11,LOCALIDAD 11 SUBA,TEJARES NORTE,5255,590,11.23,Universidad Pedagógica Nacional,CLL 183 # 54 D - 25,4.762782870000024,-74.05026994999997
Alcaldía 2023,11,LOCALIDAD 11 SUBA,TIBABUYES UNIVERSAL SEDE A - IED,6729,1185,17.61,Colegio Distrital Tibabuyes Universal,CRA 128 A # 139 - 13,4.74623162000006,-74.11057586999993
Alcaldía 2023,11,LOCALIDAD 11 SUBA,TIBABUYES UNIVERSAL SEDE B - IED,1049,246,23.45,Colegio Distrital Tibabuyes Universal Sede B,CRA 118 # 136 -14,4.741808640000045,-74.10474295999995
Alcaldía 2023,11,LOCALIDAD 11 SUBA,UNIVERSIDAD UDCA,653,37,5.67,Universidad UDCA,CLL 222 # 55 - 09,4.800223800000026,-74.04886564999998
Alcaldía 2023,11,LOCALIDAD 11 SUBA,VEINTIUN ANGELES SEDE A - IED,721,132,18.31,Colegio Distrital Veintiún Ángeles,CRA 90 # 154 A - 09,4.749452670000039,-74.08034907999996
Alcaldía 2023,11,LOCALIDAD 11 SUBA,VILLA DEL PRADO UNIAGRARIA,8335,975,11.7,,,,
Alcaldía 2023,11,LOCALIDAD 11 SUBA,VILLA ELISA SEDE A - IED,3143,520,16.54,Colegio Distrital Villa Elisa - Sede A,CLL 132 C # 92 A - 71,4.73234393000007,-74.08785468999997
Alcaldía 2023,11,LOCALIDAD 11 SUBA,VILLA ELISA SEDE B IED,269,37,13.75,Colegio Distrital Villa Elisa Sede B,CLL 135 # 94 C - 57,4.73449123000006,-74.08876332999995
Alcaldía 2023,11,LOCALIDAD 11 SUBA,VILLA ELISA SEDE C - IED,4447,688,15.47,Colegio Villa Elisa Sedes C y D,CLL 128 Bis # 93 - 80,4.722742550000021,-74.09331632999994
Alcaldía 2023,11,LOCALIDAD 11 SUBA,VIRGINIA GUTIERREZ DE PINEDA - IED,2690,615,22.86,Colegio Distrital Virginia Gutiérrez de Pineda,CLL 131 B # 94 F - 31,4.731055910000066,-74.09174548999994
Alcaldía 2023,12,LOCALIDAD 12 BARRIOS UNIDOS,11 DE NOVIEMBRE,166,39,23.49,Jardín Infantil Santa Sofía,CRA 28 B #75 - 11 ,4.668502700000033,-74.06914313999994
Alcaldía 2023,12,LOCALIDAD 12 BARRIOS UNIDOS,12 DE OCTUBRE,2048,335,16.36,Colegio Distrital  Francisco Primero Sede C,CRA 29 C # 71 C - 11,4.666941940000072,-74.07335094999996
Alcaldía 2023,12,LOCALIDAD 12 BARRIOS UNIDOS,BENJAMIN HERRERA,2205,392,17.78,Colegio Distrital Francisco Primero Sede Alemania,CRA 28 # 63 - 64,4.652273760000071,-74.07567929999993
Alcaldía 2023,12,LOCALIDAD 12 BARRIOS UNIDOS,CAFAM AV. 68,5524,752,13.61,,,,
Alcaldía 2023,12,LOCALIDAD 12 BARRIOS UNIDOS,COLOMBIA,2045,379,18.53,Colegio Mercedario San Pedro,CLL 69 # 17 - 39,4.657375870000067,-74.06551905999999
Alcaldía 2023,12,LOCALIDAD 12 BARRIOS UNIDOS,DOMINGO FAUSTINO SARMIENTO SEDE B,519,90,17.34,Colegio Distrital Domingo Faustino Sarmiento Sede B,CLL 91 A # 60 - 01,4.680526830000076,-74.06668700999995
Alcaldía 2023,12,LOCALIDAD 12 BARRIOS UNIDOS,ENTRE RIOS,2907,334,11.49,Parqueadero Conjunto Residencial Entre Ríos,CRA 62 # 83 - 02 / AV CLL 80 # 58 - 84 ,4.6803001500000505,-74.07541461999995
Alcaldía 2023,12,LOCALIDAD 12 BARRIOS UNIDOS,GAITAN,3448,456,13.23,Colegio Distrital Rafaél Bernal Jiménez - Sede B,CRA 54 # 78 - 85,4.674229420000074,-74.07245197999998
Alcaldía 2023,12,LOCALIDAD 12 BARRIOS UNIDOS,HELADIA MEJIA SEDE A,226,46,20.35,Colegio Distrital Heladía Mejía Sede A,CLL 65 A # 15 - 64 / CLL 65 A # 15A - 02,4.653123520000065,-74.06566702999999
Alcaldía 2023,12,LOCALIDAD 12 BARRIOS UNIDOS,ISERRA 100,5157,529,10.26,Centro Comercial ISERRA 100,TRV 55 # 98 A - 66,4.6878207200000475,-74.06459721999994
Alcaldía 2023,12,LOCALIDAD 12 BARRIOS UNIDOS,JORGE ELIECER GAITAN SEDE B PRIMARIA,1569,278,17.72,Colegio Distrital Jorge Eliecer Gaitán - Sede B,AV CLL 72 # 58 - 75,4.6725178800000435,-74.07983929999995
Alcaldía 2023,12,LOCALIDAD 12 BARRIOS UNIDOS,JOSE JOAQUIN VARGAS,5822,933,16.03,Fundación Universitaria Monserrate - UNIMONSERRATE,AV CLL 68 # 62 - 11,4.67268260000003,-74.08314809999996
Alcaldía 2023,12,LOCALIDAD 12 BARRIOS UNIDOS,LA CASTELLANA,4636,425,9.17,Cancha detrás de Olimpica,CRA 47 A con CLL 94 Cancha Parque / CRA 48 # 94 - 02,4.68258983000004,-74.06048851999998
Alcaldía 2023,12,LOCALIDAD 12 BARRIOS UNIDOS,LA MUEQUETA,1201,194,16.15,Colegio Distrital Heladia Mejía - Sede B,CLL 64 # 20 - 21,4.654475370000057,-74.06936124999999
Alcaldía 2023,12,LOCALIDAD 12 BARRIOS UNIDOS,LA PAZ,1758,266,15.13,Colegio Distrital Francisco primero Sede Manuela Ayala,CRA 28 B # 65 - 80,4.660220170000059,-74.07520913999997
Alcaldía 2023,12,LOCALIDAD 12 BARRIOS UNIDOS,LORENCITA VILLEGAS DE SANTOS,140,20,14.29,Colegio Distrital Lorencita Villegas de Santos,CRA 52 # 76 - 63,4.67264018000003,-74.07196111999997
Alcaldía 2023,12,LOCALIDAD 12 BARRIOS UNIDOS,LOS ALCAZARES,2736,445,16.26,Colegio San Felipe Neri,CRA 27 C # 71 - 80,4.66374804000003,-74.07035057999997
Alcaldía 2023,12,LOCALIDAD 12 BARRIOS UNIDOS,METROPOLIS,5276,722,13.68,Centro Comercial Metrópolis,AV CRA 68 # 75 A - 50,4.680544730000065,-74.08229830999994
Alcaldía 2023,12,LOCALIDAD 12 BARRIOS UNIDOS,PATRIA,1424,241,16.92,Fundación Educativa Santa María,CRA 50 # 90 - 50,4.6790756500000725,-74.06517254999994
Alcaldía 2023,12,LOCALIDAD 12 BARRIOS UNIDOS,PLAZA DE LOS ARTESANOS,1421,240,16.89,Plaza de Los Artesanos,CRA 60 # 63 A - 52/AV CRA 60 # 63 - 64,4.664194990000055,-74.08583786999998
Alcaldía 2023,12,LOCALIDAD 12 BARRIOS UNIDOS,POLIDEPORTIVO  POLO,1373,203,14.79,,,,
Alcaldía 2023,12,LOCALIDAD 12 BARRIOS UNIDOS,POLO CLUB,2588,275,10.63,Alianza Cristiana y Misionera Colombiana,AV CRA 20 (Autopista norte) # 81 - 55,4.669161300000042,-74.06070016999996
Alcaldía 2023,12,LOCALIDAD 12 BARRIOS UNIDOS,POPULAR MODELO,6640,1131,17.03,Colegio Distrital Jorge Eliecer Gaitán - Sede A,CLL 66 A # 56 B – 35 / CLL 66 A # 56 - 25,4.665450650000025,-74.08165928999995
Alcaldía 2023,12,LOCALIDAD 12 BARRIOS UNIDOS,RAFAEL BERNAL JIMENEZ SEDE A,123,25,20.33,Colegio Distrital Rafael Bernal Jimenez Sede A,CRA 53 # 75 - 17,4.671847540000044,-74.07350123999998
Alcaldía 2023,12,LOCALIDAD 12 BARRIOS UNIDOS,REPUBLICA DE PANAMA SEDE C,562,106,18.86,Colegio Distrital República de Panamá - Sede C,CLL 78 # 58 - 60,4.676408760000072,-74.07657952999995
Alcaldía 2023,12,LOCALIDAD 12 BARRIOS UNIDOS,RIONEGRO,4541,578,12.73,Colegio Distrital Faustino Sarmiento - Sede A,TRV 60 # 95 - 51,4.684978810000075,-74.06649724999994
Alcaldía 2023,12,LOCALIDAD 12 BARRIOS UNIDOS,SAN FELIPE,1627,232,14.26,Colegio Distrital Juan Francisco Berbeo - Sede B,CLL 77 # 22 - 66 / CLL 77 # 22 - 68,4.666845970000054,-74.06340933999996
Alcaldía 2023,12,LOCALIDAD 12 BARRIOS UNIDOS,SAN FERNANDO,4453,739,16.6,Colegio Distrital República de Panamá Sede A,CRA 57 A # 74 A - 32,4.672777720000056,-74.07670480999997
Alcaldía 2023,12,LOCALIDAD 12 BARRIOS UNIDOS,SAN MIGUEL,929,151,16.25,Colegio Distrital Jorge Eliecer Gaitán - Sede A,CLL 66 A # 43 - 25 / CLL 66 A # 56 - 25 ,4.665057630000035,-74.08108760999994
Alcaldía 2023,12,LOCALIDAD 12 BARRIOS UNIDOS,SANTA SOFIA,2508,407,16.23,Colegio Distrital Juan Francisco Berbeo - Sede A,CRA 28 B # 78 - 40 / CRA 28 B # 78 - 30 ,4.670677320000038,-74.06707617999996
Alcaldía 2023,12,LOCALIDAD 12 BARRIOS UNIDOS,SIETE DE AGOSTO,3844,714,18.57,Universidad del Rosario,CRA 24 # 63 C - 69,4.654623560000061,-74.07208126999996
Alcaldía 2023,12,LOCALIDAD 12 BARRIOS UNIDOS,SIMON BOLIVAR,5990,971,16.21,Colegio Distrital Tomás Carrasquilla - sede A,CLL 74 A # 62 - 44,4.67576162000006,-74.08023465999997
Alcaldía 2023,13,LOCALIDAD 13 TEUSAQUILLO,ACEVEDO TEJADA,1741,541,31.07,Salón Comunal Acevedo Tejada,CRA 32 A # 27 A - 16/CRA 32 A # 27 A -20,4.629909000000055,-74.08123899999998
Alcaldía 2023,13,LOCALIDAD 13 TEUSAQUILLO,BIBLIOTECA VIRGILIO BARCO,2676,533,19.92,Biblioteca Virgilio Barco,AV CRA 60 # 57 - 60,4.657094270000073,-74.08867879999997
Alcaldía 2023,13,LOCALIDAD 13 TEUSAQUILLO,CAFAM CALLE 51,3244,674,20.78,,,,
Alcaldía 2023,13,LOCALIDAD 13 TEUSAQUILLO,CENTRO COMERCIAL GALERIAS,3288,766,23.3,Centro Comercial Galerías,CLL 53 B # 25 - 21,4.643162800000027,-74.07494141999996
Alcaldía 2023,13,LOCALIDAD 13 TEUSAQUILLO,CENTRO EDUCATIVO LIBERTAD,196,64,32.65,,,,
Alcaldía 2023,13,LOCALIDAD 13 TEUSAQUILLO,CENTRO NARIÑO,2729,710,26.02,Acueducto,AV CLL 24 # 37 - 27,4.628473690000021,-74.09149144999998
Alcaldía 2023,13,LOCALIDAD 13 TEUSAQUILLO,CIRCULO COLOMBIANO DE ARTISTAS,727,203,27.92,Teatro Bernardo Romero Lozano,CLL 46 # 28 - 30,4.636136780000072,-74.07842896999995
Alcaldía 2023,13,LOCALIDAD 13 TEUSAQUILLO,CIUDAD SALITRE,5604,629,11.22,Plazoleta Centro Comercial Gran Estación,AV CLL 26 # 62 - 47 /AV CLL 26 # 60 - 61,4.64855878000003,-74.10117280999998
Alcaldía 2023,13,LOCALIDAD 13 TEUSAQUILLO,COLEGIO AMERICANO,4426,1010,22.82,Colegio Americano,CRA 22 # 45 A - 51,4.634310560000074,-74.07409025999993
Alcaldía 2023,13,LOCALIDAD 13 TEUSAQUILLO,COLEGIO DEL PILAR,490,90,18.37,Colegio Nuestra Señora del Pilar,CLL 62 # 27 A - 12,4.650735230000066,-74.07527643999998
Alcaldía 2023,13,LOCALIDAD 13 TEUSAQUILLO,COLEGIO MONTEHELENA,2520,591,23.45,,,,
Alcaldía 2023,13,LOCALIDAD 13 TEUSAQUILLO,COLEGIO SANTA CLARA,2014,555,27.56,Colegio Santa Clara,AV CRA 28 # 35 - 35,4.624981000000048,-74.07672481999998
Alcaldía 2023,13,LOCALIDAD 13 TEUSAQUILLO,DIVINO SALVADOR,2778,628,22.61,Colegio Distrital Manuela Beltrán,CRA 14 A # 57 - 28,4.644427050000047,-74.06639656999994
Alcaldía 2023,13,LOCALIDAD 13 TEUSAQUILLO,EL CAMPIN,2040,416,20.39,Centro Superior de Estudios en Administración Deportiva - CEAD (Frente al Col. Cubierto El Campín),DIAG 61 C  # 27 - 21 ,4.649279930000034,-74.07582904999998
Alcaldía 2023,13,LOCALIDAD 13 TEUSAQUILLO,EL SALITRE,1858,242,13.02,Salón Comunal Salitre Greco,CLL 46 # 67 A - 35,4.655930620000049,-74.10011001999999
Alcaldía 2023,13,LOCALIDAD 13 TEUSAQUILLO,IMPRENTA NACIONAL,5952,683,11.48,Imprenta Nacional,CRA 66 # 24 - 09,4.649000000000058,-74.10539999999997
Alcaldía 2023,13,LOCALIDAD 13 TEUSAQUILLO,LA ESMERALDA,4298,643,14.96,Colegio Calazanz Femenino,CLL 44 C # 55 - 50 /CLL 45 # 54 - 51,4.647254000000032,-74.09103470999997
Alcaldía 2023,13,LOCALIDAD 13 TEUSAQUILLO,LA MAGDALENA,2623,707,26.95,Colegio Champagnat,CRA 17 # 39 B - 51,4.6293509600000675,-74.07105250999996
Alcaldía 2023,13,LOCALIDAD 13 TEUSAQUILLO,LICEO PARROQUIAL SARA ZAPATA,1980,522,26.36,Liceo Parroquial Sara Zapata,CRA 22 # 51 - 68,4.640129330000036,-74.07275262999997
Alcaldía 2023,13,LOCALIDAD 13 TEUSAQUILLO,NICOLAS DE FEDERMAN,5739,799,13.92,Colegio de la Contraloría,CLL 57 B # 37 - 34,4.648238760000027,-74.08198887999998
Alcaldía 2023,13,LOCALIDAD 13 TEUSAQUILLO,PABLO VI,5035,871,17.3,Plazoleta Pablo VI,CRA 53 con CLL 57 B (Plazoleta) / CLL 57A # 53 - 21,4.649792880000064,-74.08685654999994
Alcaldía 2023,13,LOCALIDAD 13 TEUSAQUILLO,PABLO VI II ETAPA,1784,285,15.98,,,,
Alcaldía 2023,13,LOCALIDAD 13 TEUSAQUILLO,PALERMO,4499,808,17.96,Colegio Distrital Palermo,CRA 23 # 49 - 37,4.638043200000027,-74.07408780999998
Alcaldía 2023,13,LOCALIDAD 13 TEUSAQUILLO,QUINTA PAREDES A,2054,438,21.32,Hemeroteca Nacional,AV Dorado CLL 26 # 44 A - 40,4.636170900000025,-74.09153300999998
Alcaldía 2023,13,LOCALIDAD 13 TEUSAQUILLO,QUINTA PAREDES B,6682,1080,16.16,Gimnasio Mackinley,AV CLL 24 # 48 - 53,4.637018090000026,-74.09760863999998
Alcaldía 2023,13,LOCALIDAD 13 TEUSAQUILLO,RAFAEL NUÑEZ,3532,564,15.97,Escuela Superior de Administración Pública - ESAP,CLL 44 # 53 - 37,4.644623940000031,-74.09262936999994
Alcaldía 2023,13,LOCALIDAD 13 TEUSAQUILLO,RESIDENCIAS B.C.H.,1935,503,25.99,Instituto Distrital Manuela Beltrán,CRA 32 A # 27 - 18,4.6296729100000675,-74.08162453999995
Alcaldía 2023,13,LOCALIDAD 13 TEUSAQUILLO,SAN LUIS,2989,629,21.04,Colegio Antonio Nariño,CL 61 16 15,4.648300910000046,-74.06726194999999
Alcaldía 2023,13,LOCALIDAD 13 TEUSAQUILLO,SANTA TERESITA,897,175,19.51,Liceo Universidad Católica,DIAG 46 A # 15 - 21 /CRA 15 # 46 - 69,4.634295930000064,-74.06879445999994
Alcaldía 2023,13,LOCALIDAD 13 TEUSAQUILLO,SUPERCADE CAD,596,174,29.19,Sistema Distrital de Servicio a la Ciudadanía - Supercade CAD,CRA 30 # 25 - 90,4.625532340000063,-74.08150576999998
Alcaldía 2023,13,LOCALIDAD 13 TEUSAQUILLO,TEUSAQUILLO,3323,923,27.78,Fundación Universitaria Compensar (Sede K),CLL 32 A # 17 - 14,4.621280330000047,-74.07273435999997
Alcaldía 2023,13,LOCALIDAD 13 TEUSAQUILLO,UNIVERSIDAD ANTONIO NARIÑO,334,66,19.76,Universidad Antonio Nariño,CLL 58 A Bis # 37 - 94,4.649932790000037,-74.08236802999994
Alcaldía 2023,13,LOCALIDAD 13 TEUSAQUILLO,UNIVERSIDAD ECCI - SEDE G,1382,431,31.19,Universidad ECCI - Sede G,CRA 19 # 48 - 32,4.636799850000045,-74.07135072999995
Alcaldía 2023,13,LOCALIDAD 13 TEUSAQUILLO,UNIVERSIDAD NACIONAL AUD ALFONSO LOPEZ,1915,724,37.81,Universidad Nacional - Auditorio Alfonso López Pumarejo,CRA 45 # 26 - 85,4.639493190000053,-74.08986527999997
Alcaldía 2023,14,LOCALIDAD 14 MARTIRES,ANTONIO RICAURTE,605,118,19.5,Colegio Distrital Antonio Ricaurte - Sede A,CRA 26 # 07 - 61,4.605491680000057,-74.09318330999997
Alcaldía 2023,14,LOCALIDAD 14 MARTIRES,CENTRO CRECER,3248,506,15.58,Centro Crecer,AV CLL 1 # 24 B - 26,4.594708290000028,-74.09769646999996
Alcaldía 2023,14,LOCALIDAD 14 MARTIRES,CENTRO MEMORIA,783,217,27.71,Centro Memoria,CRA 19 B # 24 - 32,4.618683370000042,-74.07725251999994
Alcaldía 2023,14,LOCALIDAD 14 MARTIRES,COLEGIO BILINGUE CEDAM,846,138,16.31,Colegio Privado Bilingüe CEDAM,CLL 2 B # 27 A - 26,4.601268120000043,-74.09919003999994
Alcaldía 2023,14,LOCALIDAD 14 MARTIRES,COLEGIO DISTRITAL TECNICO MENORAH,1105,254,22.99,Colegio Distrital Técnico Menorah,CRA 19 A # 1 C -56 / CRA 19 A # 1 C -64 /CRA 19 A # 1 C - 19,4.59398292000003,-74.09278723999995
Alcaldía 2023,14,LOCALIDAD 14 MARTIRES,COLSEGUROS,2034,435,21.39,Salón Comunal,AV CLL 22 C # 29 A - 47,4.621698650000042,-74.08428456999997
Alcaldía 2023,14,LOCALIDAD 14 MARTIRES,EDUARDO SANTOS,2550,502,19.69,Centro Educativo Distrital Eduardo Santos,CRA 19 A Bis # 1 A - 55 / CRA 19 B Bis # 1 C - 55,4.5943392400000675,-74.09333049999998
Alcaldía 2023,14,LOCALIDAD 14 MARTIRES,EL VERGEL,2643,471,17.82,Colegio Distrital San Francisco de Asís - Sede B,CRA 21  # 1 D – 06 / CRA 21 # 1 H – 06,4.596321870000054,-74.09426546999998
Alcaldía 2023,14,LOCALIDAD 14 MARTIRES,ESTACION DE LA SABANA,1974,378,19.15,Salones de la Estación,CLL 13 # 18 - 24,4.607028940000021,-74.08335136999995
Alcaldía 2023,14,LOCALIDAD 14 MARTIRES,LA ESTANZUELA,4636,641,13.83,,,,
Alcaldía 2023,14,LOCALIDAD 14 MARTIRES,LA REBECA,814,153,18.8,Colegio Distrital Eduardo Santos - Sede B - Primera Infancia,CRA 24 # 1 H - 19,4.5969049800000334,-74.09586257999996
Alcaldía 2023,14,LOCALIDAD 14 MARTIRES,MALLPLAZA,4655,922,19.81,Centro Comercial Mallplaza,AV NQS con 19 /CRA 30 20 54 ,4.6192269700000566,-74.08655260999996
Alcaldía 2023,14,LOCALIDAD 14 MARTIRES,PANAMERICANO,1028,267,25.97,Colegio Distrital Panamericano,CRA 27 # 24 C - 19,4.6230571100000475,-74.07883499999997
Alcaldía 2023,14,LOCALIDAD 14 MARTIRES,RICAURTE,3562,604,16.96,Colegio Distrital Antonio Ricaurte - Sede B,CLL 10 # 29 - 64,4.610112400000048,-74.09447961999996
Alcaldía 2023,14,LOCALIDAD 14 MARTIRES,SALON COMUNAL SANTA ISABEL,1898,350,18.44,Salón Comunal Santa Isabel,CLL 1 D Bis # 29 - 92,4.599747280000031,-74.10290328999997
Alcaldía 2023,14,LOCALIDAD 14 MARTIRES,SAMPER MENDOZA,2065,423,20.48,,,,
Alcaldía 2023,14,LOCALIDAD 14 MARTIRES,SAN FASON,1125,194,17.24,Colegio Nuestra Señora de la Presentación,CLL 19 # 19 - 27,4.61216225000004,-74.08133885999996
Alcaldía 2023,14,LOCALIDAD 14 MARTIRES,SANTA FE,2592,542,20.91,Colegio Distrital República Bolivariana de Venezuela - Sede A,CLL 22 A # 18 B - 42,4.615162800000064,-74.07940437999997
Alcaldía 2023,14,LOCALIDAD 14 MARTIRES,VERAGUAS,2166,364,16.81,Salón Comunal Barrio El Progreso,CLL 5 A # 26 A - 39,4.602877290000038,-74.09628110999995
Alcaldía 2023,15,LOCALIDAD 15 ANTONIO NARIÑO,CASA COMUNAL CIUDAD JARDIN,1190,272,22.86,Casa Comunal Ciudad Jardín,CRA 12 F # 19 - 37 Sur,4.580744910000021,-74.09961815999998
Alcaldía 2023,15,LOCALIDAD 15 ANTONIO NARIÑO,CINCO DE NOVIEMBRE,724,141,19.48,Salón Comunal Cinco de Noviembre,CLL 39 A Sur # 39 A - 12/CRA 34F # 39 - 12 Sur,4.593381400000055,-74.12591339999994
Alcaldía 2023,15,LOCALIDAD 15 ANTONIO NARIÑO,CIUDAD BERNA,3377,714,21.14,Escuela Superior Distrital María Montesory - Sede B,CLL 10 Sur # 13 - 27,4.586132710000072,-74.09353677999997
Alcaldía 2023,15,LOCALIDAD 15 ANTONIO NARIÑO,CIUDAD JARDIN,5160,943,18.28,Colegio Cooperativo del Magisterio de Cundinamarca,CLL 16 Bis Sur # 12 C - 02,4.582211690000065,-74.09646507999997
Alcaldía 2023,15,LOCALIDAD 15 ANTONIO NARIÑO,COLEGIO ADVENTISTA EMMANUEL,482,97,20.12,Colegio Adventista Emmanuel,CLL 10 B Sur # 18 A - 15,4.588831590000041,-74.09755352999997
Alcaldía 2023,15,LOCALIDAD 15 ANTONIO NARIÑO,COLEGIO NUESTRA SEÑORA DE LA PAZ,98,14,14.29,Colegio Privado Comunidad Hermanas de Nuestra Señora de La Paz,AV CRA 27 # 29 - 17 Sur / AV CRA 27 # 29 - 65 Sur,4.588895250000064,-74.11326542999996
Alcaldía 2023,15,LOCALIDAD 15 ANTONIO NARIÑO,LA FRAGUA,3446,719,20.86,Colegio Distrital Atanasio Girardot - Sede A,CLL 14 Sur # 28 - 16,4.594286360000069,-74.10444051999997
Alcaldía 2023,15,LOCALIDAD 15 ANTONIO NARIÑO,LA FRAGUITA,2085,401,19.23,,,,
Alcaldía 2023,15,LOCALIDAD 15 ANTONIO NARIÑO,LA VALVANERA,2857,487,17.05,Colegio Parroquial La Valvanera,CLL 13 Sur # 24 B - 04,4.58998900000006,-74.10028399999999
Alcaldía 2023,15,LOCALIDAD 15 ANTONIO NARIÑO,LUNA PARK,1515,340,22.44,Colegio Distrital Guillermo León Valencia - Sede C,CLL 10 B Bis Sur # 16 - 11,4.5871945200000255,-74.09726188999997
Alcaldía 2023,15,LOCALIDAD 15 ANTONIO NARIÑO,POLICARPA,4460,1363,30.56,Colegio Distrital Jaime Pardo Leal,CRA 10 A Sur # 3 - 63/CRA 10 A # 3 - 21 Sur,4.586603000000025,-74.08822097999996
Alcaldía 2023,15,LOCALIDAD 15 ANTONIO NARIÑO,RESTREPO A,5616,1077,19.18,Escuela Normal Superior Distrital María Montesory - Sede A,CLL 14 Sur # 14 - 20,4.58524452000006,-74.09690012999994
Alcaldía 2023,15,LOCALIDAD 15 ANTONIO NARIÑO,RESTREPO B,5731,1036,18.08,Colegio Distrital Guillermo León Valencia - Sede A,CLL 15 Sur # 24 B - 15 / CLL 15 Sur # 24 B - 17 / CRA 24 B # 16 - 03 Sur,4.588278760000037,-74.10211534999996
Alcaldía 2023,15,LOCALIDAD 15 ANTONIO NARIÑO,SALON COMUNAL CIUDAD BERNA,237,36,15.19,Salón Comunal Ciudad Berna,CLL 8 Sur # 11 A - 39 / CRA 11 A # 8 - 39 Sur,4.585331780000047,-74.09086793999995
Alcaldía 2023,15,LOCALIDAD 15 ANTONIO NARIÑO,SALON COMUNAL EDUARDO FREI,167,46,27.54,Salón Comunal Eduardo Frei,CL 32 Sur 29A # 75,4.590770970000051,-74.11702177999996
Alcaldía 2023,15,LOCALIDAD 15 ANTONIO NARIÑO,SALON COMUNAL SEVILLA SUR,82,17,20.73,Salón Comunal Sevilla Sur,CLL 2 Sur # 13 A - 16,4.590275770000062,-74.09024811999996
Alcaldía 2023,15,LOCALIDAD 15 ANTONIO NARIÑO,SALON COMUNAL VILLA MAYOR,1647,340,20.64,Salón Comunal Ciudad Villa Mayor,CRA 34 C # 34 - 18 Sur/CRA 34 C # 32A - 18 Sur,4.592108650000057,-74.11921227999994
Alcaldía 2023,15,LOCALIDAD 15 ANTONIO NARIÑO,SALÓN COMUNAL SAN ANTONIO,579,121,20.9,Salón Comunal San Antonio,CRA 18A # 4 - 81 Sur / CLL 6 Sur #18A - 04,4.590876380000054,-74.09567293999999
Alcaldía 2023,15,LOCALIDAD 15 ANTONIO NARIÑO,SAN ANTONIO,3607,685,18.99,Gimnasio Monseñor Manuel María Camargo,CLL 6 Sur # 14 - 49 / CRA 14 # 6 - 51 Sur,4.587600360000067,-74.09360645999999
Alcaldía 2023,15,LOCALIDAD 15 ANTONIO NARIÑO,SANTANDER,2004,349,17.42,Colegio Distrital Francisco Jose de Paula - Sede A,CLL 23 Sur # 27 - 27,4.589816230000054,-74.11035550999998
Alcaldía 2023,15,LOCALIDAD 15 ANTONIO NARIÑO,SANTANDER SUR,1964,430,21.89,Colegio Distrital Francisco Jose de Paula - Sede B,CLL 29 Sur # 29 A - 47,4.590989210000032,-74.11432248999995
Alcaldía 2023,15,LOCALIDAD 15 ANTONIO NARIÑO,SENA,3912,836,21.37,SENA Centro Distrital (San Jorge Central),AV CRA 30 # 17 B - 25 Sur/AV CRA 30 # 17 - 91 Sur,4.595189790000063,-74.11194130999996
Alcaldía 2023,15,LOCALIDAD 15 ANTONIO NARIÑO,VILLA MAYOR,5621,1080,19.21,Centro Comercial Centro Mayor,CLL 38 A Sur # 34 D - 51,4.592644460000031,-74.12509334999999
Alcaldía 2023,16,LOCALIDAD 16 PUENTE ARANDA,ALCALA,6334,1276,20.15,Colegio Distrital Benjamín Herrera - Sede B,CRA 51 C # 33 - 41 Sur,4.601979990000075,-74.12717777999995
Alcaldía 2023,16,LOCALIDAD 16 PUENTE ARANDA,ALCALDIA PUENTE ARANDA,5055,783,15.49,Alcaldía Local de Puente Aranda,CRA 31 D # 04 - 43,4.605798810000067,-74.10315106999997
Alcaldía 2023,16,LOCALIDAD 16 PUENTE ARANDA,ALQUERIA,4343,804,18.51,Colegio Distrital Julio Garavito - Sede A,CLL 40 B Sur # 52 C - 60,4.599751690000062,-74.13425670999999
Alcaldía 2023,16,LOCALIDAD 16 PUENTE ARANDA,AUTOPISTA SUR,1922,315,16.39,Salón Comunal Barrio Autopista Sur,CLL 38 Sur # 50 A - 70 / CRA 51 # 37 A - 52 Sur,4.598533670000052,-74.12678912999996
Alcaldía 2023,16,LOCALIDAD 16 PUENTE ARANDA,C.C. OUTLET FACTORY,2338,370,15.83,Centro Comercial Outlet Factory,AV CLL 9 # 62 - 84 entrada 1 y 2,4.629242370000043,-74.11836959999994
Alcaldía 2023,16,LOCALIDAD 16 PUENTE ARANDA,CARRERA CENTRO COMERCIAL,1262,190,15.06,,,,
Alcaldía 2023,16,LOCALIDAD 16 PUENTE ARANDA,CENTRO EDUCATIVO DISTRITAL ESPAÑA,297,66,22.22,Colegio Distrital Centro Educativo España,CLL 18 # 35 - 25,4.621806080000056,-74.09303401999995
Alcaldía 2023,16,LOCALIDAD 16 PUENTE ARANDA,CENTRO PARA CIEGOS  CRAC,912,203,22.26,,,,
Alcaldía 2023,16,LOCALIDAD 16 PUENTE ARANDA,CIUDAD MONTES,5825,1048,17.99,Colegio Nacional de Cultura Popular,CRA 51 # 16 -64 Sur,4.60615837000006,-74.12029329999996
Alcaldía 2023,16,LOCALIDAD 16 PUENTE ARANDA,COLEGIO DISTRITAL SORRENTO,1828,360,19.69,Colegio Distrital Sorrento Sede A,CLL 5 B # 53 C - 74,4.622991050000053,-74.11328684999995
Alcaldía 2023,16,LOCALIDAD 16 PUENTE ARANDA,COLEGIO ROMULO GALLEGO,944,177,18.75,,,,
Alcaldía 2023,16,LOCALIDAD 16 PUENTE ARANDA,COLON,6861,1030,15.01,Colegio José Allamano,CLL 4 # 56 - 03,4.620190370000046,-74.11942847999995
Alcaldía 2023,16,LOCALIDAD 16 PUENTE ARANDA,COLONIA ORIENTAL,1914,333,17.4,Salón Comunal Colonia Oriental,CLL 4 A # 51 A - 90,4.618300000000033,-74.11489999999998
Alcaldía 2023,16,LOCALIDAD 16 PUENTE ARANDA,CULTURA POPULAR,913,195,21.36,Colegio Distrital Cultura Popular Sede A,CLL 32 Sur # 51 - 12,4.601407540000025,-74.12538361999998
Alcaldía 2023,16,LOCALIDAD 16 PUENTE ARANDA,CUNDINAMARCA,1215,262,21.56,Colegio Distrital España - Sede B,CLL 19 C # 33 - 30,4.6226899300000355,-74.08933231999998
Alcaldía 2023,16,LOCALIDAD 16 PUENTE ARANDA,DELICIAS MUZU,4524,955,21.11,,,,
Alcaldía 2023,16,LOCALIDAD 16 PUENTE ARANDA,EL JAZMIN,4509,828,18.36,Colegio Distrital Jazmín - Sede A,CLL 1 H # 40 D - 13,4.609959440000068,-74.11487266999995
Alcaldía 2023,16,LOCALIDAD 16 PUENTE ARANDA,EL REMANZO,1527,300,19.65,,,,
Alcaldía 2023,16,LOCALIDAD 16 PUENTE ARANDA,EL TEJAR,3902,783,20.07,Colegio Distrital Luis Vargas Tejada - Sede B,CRA 52 D # 24 - 50 Sur / CRA 52 D # 24 - 48 Sur,4.608584810000025,-74.12752014999995
Alcaldía 2023,16,LOCALIDAD 16 PUENTE ARANDA,GALAN,5324,931,17.49,Colegio Distrital José Manuel Restrepo,CLL 2 Bis # 56 A - 37,4.617260900000076,-74.12247562999994
Alcaldía 2023,16,LOCALIDAD 16 PUENTE ARANDA,INSTITUTO DE INTEGRACION CULTURAL,815,135,16.56,Instituto de Integración Cultural,CLL 5 C # 31 C - 16,4.607929010000021,-74.10099576999994
Alcaldía 2023,16,LOCALIDAD 16 PUENTE ARANDA,JORGE GAITAN CORTES,302,56,18.54,Colegio Distrital Marco Antonio Carreño Sede A,CLL 17 B Sur # 34 A - 21 / CRA 34 # 17A - 70 Sur,4.597531100000026,-74.11216462999994
Alcaldía 2023,16,LOCALIDAD 16 PUENTE ARANDA,JOSE JOAQUIN CASAS SEDE A,216,46,21.3,,,,
Alcaldía 2023,16,LOCALIDAD 16 PUENTE ARANDA,LA ASUNCION,3744,650,17.36,Colegio Distrital Marco Antonio Carreño - Sede C,CRA 32 B #1 D - 21,4.60269444000005,-74.10681925999995
Alcaldía 2023,16,LOCALIDAD 16 PUENTE ARANDA,LA FRANCIA,2309,433,18.75,Salón Comunal La Francia,DIAG 5 F Bis A # 43 B - 02,4.620199920000061,-74.10746025999998
Alcaldía 2023,16,LOCALIDAD 16 PUENTE ARANDA,LA PONDEROSA,3971,661,16.65,Colegio Distrital Luis Carlos Galán,CLL 1 B # 52 A - 02,4.611495330000025,-74.11908075999997
Alcaldía 2023,16,LOCALIDAD 16 PUENTE ARANDA,LA PRADERA,2928,510,17.42,Colegio Distrital Silveria Espinosa Rendon - Sede B,CLL 4 B # 65 - 31,4.623994110000069,-74.12182555999993
Alcaldía 2023,16,LOCALIDAD 16 PUENTE ARANDA,LA PRIMAVERA,4844,800,16.52,Colegio Distrital El Jazmín - Sede B,CRA 41 B # 4 C – 27,4.6155186800000365,-74.10939312999994
Alcaldía 2023,16,LOCALIDAD 16 PUENTE ARANDA,LA TRINIDAD,1886,328,17.39,Colegio Distrital Silvera Espinosa Rendón - Sede C,CLL 5 B # 60 - 29,4.626988280000035,-74.11704187999999
Alcaldía 2023,16,LOCALIDAD 16 PUENTE ARANDA,LOS ANGELES,1085,216,19.91,Colegio Distrital Julio Garavito Sede B,CLL 39 Sur # 51 F - 59 / CLL 39 Sur # 51 F - 21,4.599680020000051,-74.13075839999993
Alcaldía 2023,16,LOCALIDAD 16 PUENTE ARANDA,LOS SAUCES,3908,638,16.33,Salón Comunal Villas del Rosario,TRV 38 # 29 B - 61 Sur,4.596838560000037,-74.11885338999997
Alcaldía 2023,16,LOCALIDAD 16 PUENTE ARANDA,LUIS CARLOS GALAN SARMIENTO,2237,379,16.94,Colegio Luis Carlos Galán Sarmiento Sede B,CLL 2 A # 47 - 59,4.611871060000055,-74.11809662999997
Alcaldía 2023,16,LOCALIDAD 16 PUENTE ARANDA,MILENTA,3328,618,18.57,Colegio Distrital Luis Vargas Tejada - Sede A,CRA 52 C # 19 A - 76 Sur,4.6095319800000425,-74.12565622999995
Alcaldía 2023,16,LOCALIDAD 16 PUENTE ARANDA,PRIMAVERA Y GORGONZOLA,1994,387,19.41,Salón Comunal Primavera y Gorgonzola,CRA 41B # 5 - 57,4.616300000000024,-74.10769999999997
Alcaldía 2023,16,LOCALIDAD 16 PUENTE ARANDA,PUENTE ARANDA,1617,243,15.03,Colegio Distrital José Joaquín Casas - Sede A,CRA 56 # 15 - 41,4.632026550000035,-74.10888559999995
Alcaldía 2023,16,LOCALIDAD 16 PUENTE ARANDA,SALAZAR GOMEZ,1879,337,17.94,Colegio Distrital Francisco José de Sucre,CLL 11 # 65 B - 10,4.6335643900000605,-74.11809821999998
Alcaldía 2023,16,LOCALIDAD 16 PUENTE ARANDA,SALON COMUNAL BOCHICA CENTRAL,458,58,12.66,Salón Comunal Bochica Central,CRA 35 # 1 C - 30,4.603028030000075,-74.10840604999999
Alcaldía 2023,16,LOCALIDAD 16 PUENTE ARANDA,SALON COMUNAL JOSE ANTONIO GALAN,1137,178,15.66,Salón Comunal José Antonio Galán,DIAG 2 # 57 - 39,4.6178096600000345,-74.12330054999995
Alcaldía 2023,16,LOCALIDAD 16 PUENTE ARANDA,SALON COMUNAL NUEVA PRIMAVERA,690,128,18.55,Salón Comunal Nueva Primavera,CRA 43 B # 4 - 26 /CRA 43 # 4 B - 72,4.617838490000054,-74.11017334999997
Alcaldía 2023,16,LOCALIDAD 16 PUENTE ARANDA,SALON COMUNAL RAFAEL EUCALIPTOS,71,16,22.54,Salón Comunal Rafael Eucaliptos,CRA 53 B Bis # 4 C - 04,4.61952481000003,-74.11451810999995
Alcaldía 2023,16,LOCALIDAD 16 PUENTE ARANDA,SALON COMUNAL TORREMOLINOS I,365,46,12.6,Salón Comunal Torremolinos I,CRA 52 Bis # 19 - 53 / Cl 19A Sur # 52A - 51,4.608688640000025,-74.12350125999995
Alcaldía 2023,16,LOCALIDAD 16 PUENTE ARANDA,SALON COMUNAL VERAGUAS,1666,254,15.25,Salón Comunal Veraguas Central,CLL 4 A # 32 A - 77 / CLL 4 A # 32 A - 75,4.606667880000032,-74.10320906999993
Alcaldía 2023,16,LOCALIDAD 16 PUENTE ARANDA,SALON COMUNAL VILLA INES,434,54,12.44,Salón Comunal Villa Inés,CRA 38 A # 1 D - 30,4.606371070000023,-74.11175211999995
Alcaldía 2023,16,LOCALIDAD 16 PUENTE ARANDA,SALÓN COMUNAL COLÓN,1917,311,16.22,Salón Comunal Barrio Colón,CRA 53F # 4G - 04,4.6222569600000725,-74.11500637999995
Alcaldía 2023,16,LOCALIDAD 16 PUENTE ARANDA,SALÓN COMUNAL LA TRINIDAD,1394,242,17.36,Salón Comunal La Trinidad,CRA 58 # 4 B - 31,4.623040510000067,-74.11877985999996
Alcaldía 2023,16,LOCALIDAD 16 PUENTE ARANDA,SAN ANDRESITO,1665,242,14.53,Centro Comercial Puerto López,CRA 38 # 10 - 90,4.616956960000039,-74.10142829999995
Alcaldía 2023,16,LOCALIDAD 16 PUENTE ARANDA,SAN EUSEBIO,971,183,18.85,Colegio Distrital Benjamín Herrera Sede A,CRA 51 A # 26 - 38 Sur,4.60340012000006,-74.12382050999997
Alcaldía 2023,16,LOCALIDAD 16 PUENTE ARANDA,SAN RAFAEL,4024,680,16.9,Colegio Distrital Rafaél Sorrento - Sede B,CLL 4 F # 53 - 55,4.619919490000029,-74.11365582999997
Alcaldía 2023,16,LOCALIDAD 16 PUENTE ARANDA,SANTA MATILDE,4154,719,17.31,Colegio Distrital Marco Antonio Carreño - Sede B,CLL 1 # 34 B 20 / CLL 1 B # 35 - 20,4.603050430000053,-74.10943883999994
Alcaldía 2023,16,LOCALIDAD 16 PUENTE ARANDA,SANTA RITA,5449,1015,18.63,Colegio Distrital de Cultura Popular - Sede B,CRA 41 # 34 - 35 Sur,4.598047750000035,-74.12372762999996
Alcaldía 2023,17,LOCALIDAD 17 CANDELARIA,ALCALDIA MAYOR,4463,1192,26.71,Parqueadero de La Alcaldía Mayor y Palacio de Justicia,"CRA 8 # 10 - 65 Entre Calles 10, 11 y 12",4.598427600000036,-74.07650555999999
Alcaldía 2023,17,LOCALIDAD 17 CANDELARIA,ARCHIVO DISTRITAL,3844,1171,30.46,Archivo Distrital,CLL 6 B # 5 - 75,4.5916819900000405,-74.07713534999993
Alcaldía 2023,17,LOCALIDAD 17 CANDELARIA,AUTONOMA DE COLOMBIA,931,268,28.79,Fundación Universidad Autónoma de Colombia,CLL 12 B # 4 - 31,4.598427880000031,-74.07209575999997
Alcaldía 2023,17,LOCALIDAD 17 CANDELARIA,COLEGIO MAYOR SAN BARTOLOME,2066,559,27.06,Colegio Mayor San Bartolomé,CRA 7 # 9 - 54,4.596770700000036,-74.07607922999995
Alcaldía 2023,17,LOCALIDAD 17 CANDELARIA,EGIPTO,2740,605,22.08,Escuela Nacional de Comercio -  Sede B,CRA 3 Este # 9 - 77,4.592943400000024,-74.07001943999995
Alcaldía 2023,17,LOCALIDAD 17 CANDELARIA,EGIPTO ESCUELA QUINTA DIAZ,673,172,25.56,Escuela Nacional de Comercio (Sede Bachillerato),CLL 9A # 0 - 30 Este / CLL 9 A # 0 - 22 Este,4.593216810000058,-74.07054775999995
Alcaldía 2023,17,LOCALIDAD 17 CANDELARIA,LA CONCORDIA,4101,1367,33.33,Colegio Distrital La Concordia,CLL 12D # 1A - 09 / CLL 12C # 1A - 24,4.598773000000051,-74.06917662999996
Alcaldía 2023,17,LOCALIDAD 17 CANDELARIA,LA SALLE CANDELARIA,578,143,24.74,Universidad de La Salle,CRA 2 # 10 - 70 / CRA 2 # 10 - 52 ,4.5949023900000725,-74.07107874999997
Alcaldía 2023,17,LOCALIDAD 17 CANDELARIA,MURILLO TORO,3319,815,24.56,Ministerio de las Tecnologías de la Información,CRA 8 # 12 A - 14 / CRA 7 # 12 A - 37,4.6001000000000545,-74.07499999999999
Alcaldía 2023,18,LOCALIDAD 18 RAFAEL URIBE URIB,ALCALDIA QUIROGA,5004,1167,23.32,Colegio Distrital Clemencia de Caycedo,CLL 32 Sur # 22 - 30,4.580469760000028,-74.11464625999997
Alcaldía 2023,18,LOCALIDAD 18 RAFAEL URIBE URIB,ALEJANDRO OBREGON GUSTAVO REST,3342,654,19.57,,,,
Alcaldía 2023,18,LOCALIDAD 18 RAFAEL URIBE URIB,ALEXANDER FLEMING SAN JORGE,3425,686,20.03,Colegio Distrital Alexander Fleming - Sede B,CLL 43 Sur # 16 A - 40 /DIAG 45 Bis B Sur # 13 F - 41,4.5715935500000455,-74.12031360999998
Alcaldía 2023,18,LOCALIDAD 18 RAFAEL URIBE URIB,ALIANZA QUIROGA,2394,581,24.27,Colegio Distrital Alianza Quiroga,CRA 23 # 35 - 20 Sur,4.57960324000004,-74.11728742999998
Alcaldía 2023,18,LOCALIDAD 18 RAFAEL URIBE URIB,BRAVO PAEZ,2207,430,19.48,Colegio Distrital Rafael Delgado Salguero (General Paez) - Sede A,CRA 26 B # 35 B - 49 Sur,4.5848005000000285,-74.12037853999993
Alcaldía 2023,18,LOCALIDAD 18 RAFAEL URIBE URIB,CAFAM SANTA LUCIA,1039,276,26.56,Colegio Distrital Cafam Santa Lucía,DIAG 36 Sur # 16 B - 26 / CRA 13 G # 37 - 80 Sur,4.5747160000000235,-74.11847699999998
Alcaldía 2023,18,LOCALIDAD 18 RAFAEL URIBE URIB,CENTENARIO,2451,530,21.62,Instituto San Pablo Apóstol - ISPA,CRA 24 B # 29 A - 02 Sur,4.584835380000072,-74.11268451999996
Alcaldía 2023,18,LOCALIDAD 18 RAFAEL URIBE URIB,CENTRAL QUIROGA,2948,615,20.86,Colegio Distrital Bravo Páez,CLL 37 Sur # 23 - 51,4.579885020000063,-74.11908819999996
Alcaldía 2023,18,LOCALIDAD 18 RAFAEL URIBE URIB,CIUDAD BOCHICA SUR,5912,1293,21.87,Colegio Distrital Alfredo Iriarte - Sede A,TRV 5 J # 48 F - 69 Sur / TRV 5 L Bis # 48 F - 69 Sur,4.557649000000026,-74.11213381999994
Alcaldía 2023,18,LOCALIDAD 18 RAFAEL URIBE URIB,CLARET,3424,700,20.44,Colegio Distrital Manuel del Socorro Rodríguez - Sede B,CLL 46 Sur # 27 - 12,4.583001400000057,-74.12841806999995
Alcaldía 2023,18,LOCALIDAD 18 RAFAEL URIBE URIB,COLEGIO  RESTREPO MILLAN SEDE  A,932,242,25.97,,,,
Alcaldía 2023,18,LOCALIDAD 18 RAFAEL URIBE URIB,COLEGIO  TORIBIO DE MOGROVEJO,175,42,24.0,,,,
Alcaldía 2023,18,LOCALIDAD 18 RAFAEL URIBE URIB,COLEGIO JOSE MARTI LUIS LOPEZ DE MESA,163,37,22.7,,,,
Alcaldía 2023,18,LOCALIDAD 18 RAFAEL URIBE URIB,COUNTRY SUR,7190,1628,22.64,Colegio Distrital Enrique Olaya Herrera,CRA 10 # 31 - 29 Sur,4.5681729900000505,-74.10245540999995
Alcaldía 2023,18,LOCALIDAD 18 RAFAEL URIBE URIB,COVIVIENDA DEL SUR ORIENTE,3956,891,22.52,Colegio Distrital Diana Turbay - Sede A,DIAG 48 Z Sur # 4 B - 10,4.547539880000045,-74.11013650999996
Alcaldía 2023,18,LOCALIDAD 18 RAFAEL URIBE URIB,DIANA TURBAY,2296,598,26.05,,,,
Alcaldía 2023,18,LOCALIDAD 18 RAFAEL URIBE URIB,EL MIRADOR,122,26,21.31,Colegio Distrital Alfredo Iriarte Sede B,DIAG 48 J Sur # 9 - 14,4.559660060000056,-74.11626096999998
Alcaldía 2023,18,LOCALIDAD 18 RAFAEL URIBE URIB,EL SOCORRO SUR,1864,389,20.87,Colegio Distrital Alexander Fleming - Sede D,CLL 50 B Sur # 13 A - 32,4.564808620000065,-74.12448236999995
Alcaldía 2023,18,LOCALIDAD 18 RAFAEL URIBE URIB,ESTADOS UNIDOS DE AMERICA,621,126,20.29,Colegio Distrital Estados Unidos de América,CLL 22 Sur # 22 - 65 / CLL 22 Sur # 24 B - 65,4.584815530000071,-74.10600814999998
Alcaldía 2023,18,LOCALIDAD 18 RAFAEL URIBE URIB,GRANJAS DE SAN PABLO,2189,426,19.46,Colegio Distrital José Marti - Sede C,CLL 40 D Sur # 12 J - 39,4.57151293000004,-74.11613731999995
Alcaldía 2023,18,LOCALIDAD 18 RAFAEL URIBE URIB,GUSTAVO RESTREPO,3633,778,21.41,Colegio Distrital Gustavo Restrepo - Sede A,CRA 12 H Bis B # 28 C - 24 Sur,4.575755500000071,-74.10616393999999
Alcaldía 2023,18,LOCALIDAD 18 RAFAEL URIBE URIB,IDIPRON UPI MOLINOS,1056,202,19.13,IDIPRON UPI Molinos (Unidad de Prevención Infantil),CRA 5 A Bis # 48N-48 Sur,4.553168190000065,-74.10886904999995
Alcaldía 2023,18,LOCALIDAD 18 RAFAEL URIBE URIB,INGLES,3710,829,22.35,Colegio Distrital Restrepo Millán - Sede B,CLL 40 Sur # 26 - 90 / CLL 41 Sur # 26 - 44,4.583322850000059,-74.12341538999993
Alcaldía 2023,18,LOCALIDAD 18 RAFAEL URIBE URIB,INTEG. RAFAEL DELGADO SALGUERO,482,91,18.88,,,,
Alcaldía 2023,18,LOCALIDAD 18 RAFAEL URIBE URIB,LA MARQUEZA,761,178,23.39,Integración Social Mi Taller Creativo,TRV 1 B Este # 49 B - 20 Sur,4.543018000000075,-74.10695699999997
Alcaldía 2023,18,LOCALIDAD 18 RAFAEL URIBE URIB,LAS COLINAS,2017,468,23.2,Colegio Distrital José Marti - Sede B,DIAG 32 B Sur # 15 C - 25 / DIAG 32 B Sur # 13 B - 17,4.5743693100000655,-74.11286773999996
Alcaldía 2023,18,LOCALIDAD 18 RAFAEL URIBE URIB,LAS LOMAS,3604,811,22.5,Colegio Distrital Misael Pastrana Borrero,CRA 10 A # 39 - 05 Sur,4.564671510000039,-74.10835907999996
Alcaldía 2023,18,LOCALIDAD 18 RAFAEL URIBE URIB,LIBERTADOR II,3330,723,21.71,Colegio Distrital El Libertador,CLL 32 Sur # 24 B - 20,4.584036610000055,-74.11613920999997
Alcaldía 2023,18,LOCALIDAD 18 RAFAEL URIBE URIB,LICEO FEMENINO MERCEDES NARIÑO,385,101,26.23,Colegio Distrital Liceo Femenino Mercedes Nariño,AV CRA 14 # 23 - 24 Sur /CRA 14 # 22A - 24 Sur,4.580559060000041,-74.10338390999993
Alcaldía 2023,18,LOCALIDAD 18 RAFAEL URIBE URIB,LICEO PSICOPEDAGOGICO MARCO FIDEL SUAREZ,897,212,23.63,Colegio Liceo Psicopedagógico Marco Fidel Suárez,DIAG 46 Sur #13 - 40,4.567893390000052,-74.11835891999993
Alcaldía 2023,18,LOCALIDAD 18 RAFAEL URIBE URIB,LICEO SAN PABLO,582,115,19.76,Liceo Psicopedagógico San Pablo,TRV 5 G # 48 P - 03 /CLL 48 P Sur # 5 G - 07,4.5544558800000345,-74.11162578999995
Alcaldía 2023,18,LOCALIDAD 18 RAFAEL URIBE URIB,LOS MOLINOS II SECTOR,4276,1094,25.58,Colegio Distrital Colombia Viva - Sede A,TRV 5 A # 48 M - 50 Sur,4.553589050000028,-74.10769519999997
Alcaldía 2023,18,LOCALIDAD 18 RAFAEL URIBE URIB,MARCO FIDEL SUAREZ,3941,806,20.45,Colegio Distrital Reino de Holanda - Sede A,TRV 13 G Bis # 46 - 35 Sur,4.568143760000055,-74.12201370999998
Alcaldía 2023,18,LOCALIDAD 18 RAFAEL URIBE URIB,MARIA CANO,2218,564,25.43,Colegio Distrital María Cano,TRV 5 U # 48 J - 30 Sur,4.559253420000061,-74.11541592999998
Alcaldía 2023,18,LOCALIDAD 18 RAFAEL URIBE URIB,MARRUECOS APARTAMENTOS,2219,514,23.16,Salón Comunal Marruecos,CLL 48 P # 5 L - 40 Sur / CLL 48 Q Sur # 5 J - 86,4.554367680000041,-74.11256656999996
Alcaldía 2023,18,LOCALIDAD 18 RAFAEL URIBE URIB,MIRADOR DE MARROCOS,653,142,21.75,Salón Comunal Mirador de Marrocos,TRV 5 P # 48 J - 31 Sur,4.557800500000042,-74.11357176999996
Alcaldía 2023,18,LOCALIDAD 18 RAFAEL URIBE URIB,MOLINOS DEL SUR,8384,1801,21.48,Colegio Distrital Marruecos y Molinos - Sede A,CLL 49 D Bis Sur # 5 X - 02,4.555161540000029,-74.11787293999998
Alcaldía 2023,18,LOCALIDAD 18 RAFAEL URIBE URIB,OLAYA,3264,760,23.28,Colegio Distrital Antonio Baraya -  Sede A,CLL 27 Sur # 22 A - 02,4.583496480000065,-74.10905678999995
Alcaldía 2023,18,LOCALIDAD 18 RAFAEL URIBE URIB,PALERMO SUR,3135,699,22.3,Colegio Distrital Palermo Sur,TRV 2 B Bis # 49 D - 41 Sur,4.543099720000043,-74.10971793999994
Alcaldía 2023,18,LOCALIDAD 18 RAFAEL URIBE URIB,PARROQUIAL SAN JOSE,856,199,23.25,Colegio Parroquial San José,TRV 13 H # 45 B - 33 Sur /TRV 13 H # 45 F - 33 Sur ,4.569197000000031,-74.12211399999995
Alcaldía 2023,18,LOCALIDAD 18 RAFAEL URIBE URIB,PROVIDENCIA,798,155,19.42,Colegio Distrital Alfredo Iriarte - Sede C,TRV 11 A # 49 D - 12 Sur / TRV 11 D # 49 D - 57 Sur,4.56171992000003,-74.12083405999994
Alcaldía 2023,18,LOCALIDAD 18 RAFAEL URIBE URIB,QUIROGA,3545,837,23.61,Colegio Distrital Clemencia Holguín de Urdaneta,CLL 30 Sur # 19 B - 25,4.579222340000058,-74.11055170999998
Alcaldía 2023,18,LOCALIDAD 18 RAFAEL URIBE URIB,RAFAEL DELGADO SEDE C,489,82,16.77,Colegio Distrital Rafael Delgado Salguero - Sede C,CLL 41 Sur # 31 - 81 / CLL 41 Bis Sur # 31 - 46,4.587100000000021,-74.12519999999995
Alcaldía 2023,18,LOCALIDAD 18 RAFAEL URIBE URIB,RAFAEL URIBE LA PAZ,1418,263,18.55,Colegio Distrital La Paz,DIAG 52 A Sur # 4 P - 10,4.543710450000049,-74.11728252999995
Alcaldía 2023,18,LOCALIDAD 18 RAFAEL URIBE URIB,REINO DE HOLANDA,2381,451,18.94,Colegio Distrital Reino de Holanda - Sede B,DIAG 46 Sur # 12 A - 32,4.567280720000042,-74.11530817999994
Alcaldía 2023,18,LOCALIDAD 18 RAFAEL URIBE URIB,RESURRECCION,1817,417,22.95,Colegio Distrital José Marti - Sede D,DIAG 32 B Sur # 12 B - 36 / CLL 36 D Sur # 11 D - 40 ,4.568414240000038,-74.10933182999997
Alcaldía 2023,18,LOCALIDAD 18 RAFAEL URIBE URIB,SALON COMUNAL DIANAT SECTOR AYACUCHO,113,21,18.58,,,,
Alcaldía 2023,18,LOCALIDAD 18 RAFAEL URIBE URIB,SALON COMUNAL LA MARQUEZA,1135,194,17.09,Salón Comunal La Marqueza,DIAG 49 B Bis A Sur # 1 B - 35 Este,4.542306560000043,-74.10688149999999
Alcaldía 2023,18,LOCALIDAD 18 RAFAEL URIBE URIB,SALÓN COMUNAL CEBADAL,185,38,20.54,Salón Comunal Cebadal,CRA 4 D Bis # 52 - 95 Sur,4.543416000000036,-74.11507399999994
Alcaldía 2023,18,LOCALIDAD 18 RAFAEL URIBE URIB,SALÓN COMUNAL CLARET,2032,468,23.03,Salón Comunal Claret,CLL 46 Sur # 27 - 30,4.583412800000076,-74.12849366999995
Alcaldía 2023,18,LOCALIDAD 18 RAFAEL URIBE URIB,SALÓN COMUNAL INGLES,917,187,20.39,Salón Comunal Ingles,CLL 41 Sur # 27 - 87 / CRA 26 A # 41 - 10 Sur,4.5833639500000345,-74.12364274999999
Alcaldía 2023,18,LOCALIDAD 18 RAFAEL URIBE URIB,SALÓN COMUNAL LA PAZ NARANJOS,517,114,22.05,Salón Comunal La Paz Naranjos,DIAG 54 Sur # 3F - 17,4.541364460000068,-74.11372138999997
Alcaldía 2023,18,LOCALIDAD 18 RAFAEL URIBE URIB,SAN AGUSTIN SUR,5296,1074,20.28,Colegio Distrital San Agustín - Sede A,CLL 49 C Sur # 5 C - 41,4.547747280000067,-74.11336674999995
Alcaldía 2023,18,LOCALIDAD 18 RAFAEL URIBE URIB,SAN JORGE,1087,272,25.02,Colegio Distrital  Alexander Fleming - sede A,CLL 45 A Sur # 14 A - 19 / DIAG 45 Bis B Sur # 13F - 36,4.571675030000051,-74.11984847999997
Alcaldía 2023,18,LOCALIDAD 18 RAFAEL URIBE URIB,SAN JOSE,4311,941,21.83,,,,
Alcaldía 2023,18,LOCALIDAD 18 RAFAEL URIBE URIB,SAN JUANITO,824,193,23.42,Plazoleta entrada del almacén ARA - Conjunto Asturias Real,AV Caracas # 37 - 48 Sur,4.5758363200000645,-74.11861098999998
Alcaldía 2023,18,LOCALIDAD 18 RAFAEL URIBE URIB,SANTA LUCIA,4141,957,23.11,Colegio Distrital Manuel del Socorro Rodríguez - Sede A,TRV 23 Bis # 44 - 90 Sur,4.577615820000062,-74.12599363999993
Alcaldía 2023,18,LOCALIDAD 18 RAFAEL URIBE URIB,TORRE MAYOR,142,23,16.2,Colegio Distrital El Libertador Sede B,CLL 33 Sur # 26 G - 10,4.588368020000075,-74.11768288999997
Alcaldía 2023,18,LOCALIDAD 18 RAFAEL URIBE URIB,VILLA MAYOR LA NUEVA,2438,402,16.49,Salón Comunal Villa Mayor La Nueva,DIAG 41 Sur # 34 A -90,4.589394040000059,-74.12704195999999
Alcaldía 2023,19,LOCALIDAD 19 CIUDAD BOLIVAR,ALTOS DE JALISCO,698,141,20.2,Salón Comunal,CRA 18 K Bis # 61 B - 52 Sur,4.555775960000062,-74.13929741999993
Alcaldía 2023,19,LOCALIDAD 19 CIUDAD BOLIVAR,ALTOS DE LA ESTANCIA,730,202,27.67,Colegio Compartir San Isidro,CRA 77 C # 59 A - 15 Sur,4.591730870000049,-74.18192706999997
Alcaldía 2023,19,LOCALIDAD 19 CIUDAD BOLIVAR,ARBORIZADORA ALTA,7349,1948,26.51,Colegio Distrital Gimnasio Sabio Caldas,CRA 42 # 72 C - 24 Sur /CRA 42 # 73 A - 10 Sur ,4.567857630000049,-74.16372346999998
Alcaldía 2023,19,LOCALIDAD 19 CIUDAD BOLIVAR,ARBORIZADORA BAJA,6637,1625,24.48,Colegio Distrital Arborizadora Baja,CLL 59 I Sur # 44 A - 02 / CLL 59 Sur # 44 A - 09 ,4.57546332000004,-74.15152411999998
Alcaldía 2023,19,LOCALIDAD 19 CIUDAD BOLIVAR,ARBORIZADORA BAJA SALON COMUNAL,1432,358,25.0,Salón Comunal Arborizadora Baja,CLL 59 A Sur # 42 - 20,4.574008100000071,-74.15135665999998
Alcaldía 2023,19,LOCALIDAD 19 CIUDAD BOLIVAR,BALMORAL,807,182,22.55,Centro de Desarrollo Educativo IDIPRON,CRA 70C # 60 B - 05 Sur / AV CRA 70C # 60 B - 05 Sur,4.591654940000069,-74.16167387999997
Alcaldía 2023,19,LOCALIDAD 19 CIUDAD BOLIVAR,BELLA FLOR,599,141,23.54,Colegio Distrital José María Vargas Vila (Bella Flor),DIAG 74 B Bis A Sur # 26 C - 12 /CRA 27 # 74 B - 51 Sur,4.543303430000037,-74.16173741999995
Alcaldía 2023,19,LOCALIDAD 19 CIUDAD BOLIVAR,BONAVISTA,5606,1391,24.81,Colegio Distrital María Mercedes Carranza,TRV 70 G # 65 - 02 Sur,4.586891000000037,-74.16333299999997
Alcaldía 2023,19,LOCALIDAD 19 CIUDAD BOLIVAR,BRISAS DEL VOLADOR,1038,232,22.35,Colegio Distrital República de Canadá,CLL 76 Sur # 24 A - 11,4.541085580000072,-74.15459903999994
Alcaldía 2023,19,LOCALIDAD 19 CIUDAD BOLIVAR,CALASANZ BUENAVISTA,429,121,28.21,,,,
Alcaldía 2023,19,LOCALIDAD 19 CIUDAD BOLIVAR,CANDELARIA LA NUEVA,8977,2167,24.14,Colegio Distrital Rodrigo Lara Bonilla,DIAG 64 A Sur # 41 - 51 / CRA 43A # 66-51 Sur,4.571103850000043,-74.15287384999993
Alcaldía 2023,19,LOCALIDAD 19 CIUDAD BOLIVAR,CARACOLI,1072,240,22.39,Salón Comunal Nuevo Caracolí,CLL 77 Sur # 73 C 18,4.572640190000072,-74.17115116999997
Alcaldía 2023,19,LOCALIDAD 19 CIUDAD BOLIVAR,CASA DE LA CULTURA CIUDAD BOLIVAR,1748,482,27.57,Casa de la Cultura Ciudad Bolívar,CRA 38 # 59 B - 43 Sur / CL 59B Bis Sur # 38 - 05,4.572982840000066,-74.15093494999996
Alcaldía 2023,19,LOCALIDAD 19 CIUDAD BOLIVAR,CASA GRANDE,1872,421,22.49,,,,
Alcaldía 2023,19,LOCALIDAD 19 CIUDAD BOLIVAR,CASA LINDA TUNAL UNIDAD 2,1535,338,22.02,Conjunto Residencial Casa Linda Del Tunal Unidad 2,CLL 60 Sur # 22 B - 55,4.569139030000031,-74.14470499999999
Alcaldía 2023,19,LOCALIDAD 19 CIUDAD BOLIVAR,CASAVIANCA,1846,375,20.31,,,,
Alcaldía 2023,19,LOCALIDAD 19 CIUDAD BOLIVAR,CASONA DEL LIBERTADOR,5814,1351,23.24,,,,
Alcaldía 2023,19,LOCALIDAD 19 CIUDAD BOLIVAR,COLEGIO CIUDAD BOLIVAR ARGENTINA IED,1122,290,25.85,Colegio Distrital Ciudad Bolívar Argentina,CLL 70 Sur # 54 - 12 /CLL 70 Sur # 56 - 45,4.5782415900000615,-74.16500349999995
Alcaldía 2023,19,LOCALIDAD 19 CIUDAD BOLIVAR,COLEGIO FANNY MIKEY,1134,321,28.31,Colegio Distrital Fanny Mikey,CRA 18 # 70 A - 05 Sur / CRA 18N # 70 A - 51 Sur,4.549826460000077,-74.15253320999994
Alcaldía 2023,19,LOCALIDAD 19 CIUDAD BOLIVAR,CORDILLERA,680,167,24.56,Colegio Distrital José Jaime Rojas,CRA 18 R # 77 - 16 Sur / CLL 77 A # 18 U - 91 Sur,4.539866760000052,-74.14964727999995
Alcaldía 2023,19,LOCALIDAD 19 CIUDAD BOLIVAR,DIVINO NIÑO,791,151,19.09,Comedor Comunitario,CLL 78 C Sur # 16 - 29 /CLL 78 C Sur # 16 P - 29,4.537809190000075,-74.13810351999996
Alcaldía 2023,19,LOCALIDAD 19 CIUDAD BOLIVAR,EL MIRADOR,2129,506,23.77,Colegio Distrital Paraíso Mirador,CRA 27 L # 71 H - 46 Sur,4.55155805000004,-74.16189114999997
Alcaldía 2023,19,LOCALIDAD 19 CIUDAD BOLIVAR,EL PARAISO,2969,611,20.58,Colegio Distrital Paraíso Mirador - Sede B,CRA 27 B # 71 C - 12 Sur,4.552388760000042,-74.15899211999994
Alcaldía 2023,19,LOCALIDAD 19 CIUDAD BOLIVAR,EL TESORO,3797,952,25.07,Colegio Distrital Bicentenario,CLL 81 Sur # 18 M - 02 / CLL 81 Sur # 18 P - 08,4.534972580000044,-74.14944513999995
Alcaldía 2023,19,LOCALIDAD 19 CIUDAD BOLIVAR,ESTRELLA DEL SUR,2774,579,20.87,Colegio Distrital Estrella del Sur - Sede C,CLL 74 A Sur # 18 - 23,4.5430990500000235,-74.14255463999996
Alcaldía 2023,19,LOCALIDAD 19 CIUDAD BOLIVAR,GALICIA,9231,2317,25.1,Colegio Distrital Cundinamarca,CLL 60 A Sur # 73 - 31,4.5909999100000505,-74.17067691999995
Alcaldía 2023,19,LOCALIDAD 19 CIUDAD BOLIVAR,GRAN PLAZA EL ENSUEÑO,10276,2547,24.79,Centro Comercial Gran Plaza El Ensueño,CRA 51 # 59 C - 93 Sur/ CLL 59 Sur # 51 - 21,4.581217550000076,-74.15675720999997
Alcaldía 2023,19,LOCALIDAD 19 CIUDAD BOLIVAR,ICES LAS BRISAS,255,101,39.61,Colegio Cerro del Sur,CLL 81 Sur # 42 - 09,4.56824148000004,-74.17109081999996
Alcaldía 2023,19,LOCALIDAD 19 CIUDAD BOLIVAR,ISMAEL PERDOMO,8943,2088,23.35,Colegio Distrital Ismael Perdomo,CLL 64 Sur # 71 F - 18,4.587222700000041,-74.16541519999998
Alcaldía 2023,19,LOCALIDAD 19 CIUDAD BOLIVAR,JARDIN INFANTIL LARA BONILLA,880,192,21.82,Jardín Infantil Lara Bonilla,TRV 49 # 59 C - 15 Sur,4.578444770000033,-74.15479065999995
Alcaldía 2023,19,LOCALIDAD 19 CIUDAD BOLIVAR,JERUSALEN (EL TANQUE),4221,1036,24.54,Colegio Distrital Tanque Laguna - Sede B,CLL 75 Sur # 46 B - 16,4.571907090000025,-74.16542992999996
Alcaldía 2023,19,LOCALIDAD 19 CIUDAD BOLIVAR,JOSE CELESTINO MUTIS,3764,1028,27.31,Vía pública al costado del Colegio Distrital Rodrigo Lara Bonilla Sede B (José Celesti# Mutis),CRA 29 entre Calles 64 y 64 C Sur,4.568745080000042,-74.14997740999996
Alcaldía 2023,19,LOCALIDAD 19 CIUDAD BOLIVAR,JUAN PABLO II,3529,854,24.2,Colegio Distrital Santa Bárbara,CRA 18 P # 67 C - 21 Sur /CRA 18 Q Bis B # 67 C - 21 Sur,4.555261990000076,-74.14786307999998
Alcaldía 2023,19,LOCALIDAD 19 CIUDAD BOLIVAR,LA ACACIA,7349,1610,21.91,Colegio Distrital La Acacia II - Sede A,CLL 62 Sur # 19 B – 42,4.560672140000065,-74.14226651999996
Alcaldía 2023,19,LOCALIDAD 19 CIUDAD BOLIVAR,LA CORUÑA - LICEO CONTADORA,1538,388,25.23,Liceo Contadora,CLL 59 Sur # 45 D - 15 / CLL 59 C Sur # 45 D - 15,4.575745020000056,-74.15352522999996
Alcaldía 2023,19,LOCALIDAD 19 CIUDAD BOLIVAR,LA ESTANCIA,7229,1844,25.51,Colegio Distrital La Estancia San Isidro,CLL 59 A Sur # 75 B - 75 CRA 75 # 59 - 45 Sur,4.593077630000039,-74.17636491999997
Alcaldía 2023,19,LOCALIDAD 19 CIUDAD BOLIVAR,LAS MANAS,178,50,28.09,,,,
Alcaldía 2023,19,LOCALIDAD 19 CIUDAD BOLIVAR,LAS QUINTAS,877,222,25.31,Colegio Distrital Estrella del Sur Sede B,CLL 75 Sur # 18 B - 45,4.542262440000059,-74.14440777999994
Alcaldía 2023,19,LOCALIDAD 19 CIUDAD BOLIVAR,LUCERO DEL SUR,4768,1065,22.34,Colegio Distrital León de Greiff,CRA 17 B Bis A # 67 - 30 Sur / CRA 17 B Bis A # 67 - 48 Sur,4.550661160000061,-74.13841959999996
Alcaldía 2023,19,LOCALIDAD 19 CIUDAD BOLIVAR,LUCERO MEDIO,2226,475,21.34,Colegio Distrital El Recuerdo - Sede A,CLL 69 Sur # 18 B - 35,4.549026850000075,-74.14561459999999
Alcaldía 2023,19,LOCALIDAD 19 CIUDAD BOLIVAR,MADELENA,6796,1467,21.59,Colegio Distrital El Ensueño,TRV 70 D # 60 - 90 Sur,4.5863692100000435,-74.15838840999999
Alcaldía 2023,19,LOCALIDAD 19 CIUDAD BOLIVAR,MANUELA BELTRAN,2966,597,20.13,Colegio Distrital Paraíso Manuela Beltrán - Sede A,CRA 45 C # 69 D - 15 Sur /CLL 69 D Sur # 45 B - 37 ,4.572565190000034,-74.15747734999997
Alcaldía 2023,19,LOCALIDAD 19 CIUDAD BOLIVAR,MARANDU,226,61,26.99,Colegio Distrital Santa Barbara Sur,CRA 18 U # 65 - 01 SUR,4.557569220000062,-74.14606567999994
Alcaldía 2023,19,LOCALIDAD 19 CIUDAD BOLIVAR,MEISSEN,2325,544,23.4,Colegio Distrital Guillermo Ca# Isaza,CRA 16 C # 62 - 35 Sur /CRA 16 C # 62 - 81 Sur ,4.556714750000026,-74.13563345999995
Alcaldía 2023,19,LOCALIDAD 19 CIUDAD BOLIVAR,MEXICO,6345,1254,19.76,Colegio Distrital República de México - Sede Principal,CLL 64 Sur # 17 - 50 / CRA 17 # 64 - 14 Sur,4.555005580000056,-74.13659954999997
Alcaldía 2023,19,LOCALIDAD 19 CIUDAD BOLIVAR,MILLAN,192,49,25.52,,,,
Alcaldía 2023,19,LOCALIDAD 19 CIUDAD BOLIVAR,MOCHUELO ALTO,456,93,20.39,Colegio Distrital Rural Mochuelo Alto,KM 24 Vía a Pasquilla,4.488795610000068,-74.14828890999996
Alcaldía 2023,19,LOCALIDAD 19 CIUDAD BOLIVAR,MOCHUELO BAJO,1231,268,21.77,Colegio Distrital José Celestino Mutis,El Clavel KM 10 Vía Quiba,4.510414230000038,-74.15202863999997
Alcaldía 2023,19,LOCALIDAD 19 CIUDAD BOLIVAR,MONTREAL,1019,248,24.34,Colegio Rómulo Gallego Sede B (Villas del Diamante),CRA 17 B # 64 B - 45 Sur,4.553398000000072,-74.13828899999999
Alcaldía 2023,19,LOCALIDAD 19 CIUDAD BOLIVAR,NUEVA ARGENTINA,1414,253,17.89,Colegio Distrital Ciudad Bolívar Argentina - Sede B,CLL 72 Sur # 47 B - 09,4.573266180000076,-74.16226332999997
Alcaldía 2023,19,LOCALIDAD 19 CIUDAD BOLIVAR,PASQUILLA,556,122,21.94,Colegio Distrital Rural Pasquilla,KM 5 Vía Olarte,4.448451590000047,-74.15583651999998
Alcaldía 2023,19,LOCALIDAD 19 CIUDAD BOLIVAR,POLIDEPORTIVO LA ESTANCIA,2831,778,27.48,Polideportivo La Estancia,CLL 59 Sur # 74 - 19 / CLL 59 Sur # 74C - 06,4.592812710000032,-74.17372989999996
Alcaldía 2023,19,LOCALIDAD 19 CIUDAD BOLIVAR,POTOSI (LA LAGUNA),2350,624,26.55,Colegio Distrital Sierra Morena -  Sede C (Divino Niño),TRV 46 A # 79 D - 15 Sur,4.570871200000056,-74.16954199999998
Alcaldía 2023,19,LOCALIDAD 19 CIUDAD BOLIVAR,ROGELIO SALMONA,1995,407,20.4,Colegio Distrital Rogelio Salmona,CLL 59 Sur # 65 - 42,4.587342730000046,-74.15492847999997
Alcaldía 2023,19,LOCALIDAD 19 CIUDAD BOLIVAR,SALON COMUNAL SAN  FRANCISCO I SECTOR,761,169,22.21,,,,
Alcaldía 2023,19,LOCALIDAD 19 CIUDAD BOLIVAR,SALON COMUNAL SIERRA MORENA I,454,116,25.55,Salón Comunal Sierra Morena I,CRA 73 D # 69 B - 04 Sur,4.581285370000046,-74.16745588999999
Alcaldía 2023,19,LOCALIDAD 19 CIUDAD BOLIVAR,SAN FRANCISCO,8707,1872,21.5,Colegio Distrital Nicolas Gómez Dávila,CLL 67 Sur # 20 D - 20,4.563622940000073,-74.14905784999996
Alcaldía 2023,19,LOCALIDAD 19 CIUDAD BOLIVAR,SAN FRANCISCO SEDE A,3586,936,26.1,Colegio Distrital San Francisco Sede A,CRA 22 # 64 - 29 Sur,4.566305000000057,-74.14712699999995
Alcaldía 2023,19,LOCALIDAD 19 CIUDAD BOLIVAR,SAN FRANCISCO SEDE B,2259,583,25.81,Colegio Distrital San Francisco Sede B,CRA 20 C # 67 - 00 Sur / CLL 67 Sur # 20 A - 51 ,4.562514260000057,-74.14975262999997
Alcaldía 2023,19,LOCALIDAD 19 CIUDAD BOLIVAR,SAN JOAQUIN DEL VATICANO,3543,777,21.93,Colegio Distrital Don Bosco La Joya Sede A,CLL 80 A Sur # 18 C - 70,4.537077280000062,-74.14493207999993
Alcaldía 2023,19,LOCALIDAD 19 CIUDAD BOLIVAR,SANTA ROSA,66,17,25.76,Vereda Santa Rosa,Vereda Santa Rosa Zona Rural Ciudad Bolívar Vía Pasquilla,4.397168160000035,-74.16104311999999
Alcaldía 2023,19,LOCALIDAD 19 CIUDAD BOLIVAR,SANTO DOMINGO,3164,677,21.4,Colegio Distrital Sierra Morena -  Sede B,CLL 62 B Sur # 77 C - 11 / CLL 68 B Sur # 77 A - 07 ,4.5788444400000685,-74.17893963999995
Alcaldía 2023,19,LOCALIDAD 19 CIUDAD BOLIVAR,SIERRA MORENA,6468,1648,25.48,Colegio Distrital CEDIT Ciudad Bolívar,CLL 70 Sur # 56 - 11,4.577678520000063,-74.16562389999996
Alcaldía 2023,19,LOCALIDAD 19 CIUDAD BOLIVAR,SOTAVENTO,5673,1297,22.86,Colegio Distrital Antonio García,CRA 17 F # 73 A - 31 Sur,4.544400310000071,-74.13939966999999
Alcaldía 2023,19,LOCALIDAD 19 CIUDAD BOLIVAR,TANQUE-SIERRA MORENA,895,220,24.58,,,,
Alcaldía 2023,19,LOCALIDAD 19 CIUDAD BOLIVAR,UNION EUROPEA,1045,238,22.78,Colegio Distrital Unión Europea Sede A,CRA 18 M # 63 D - 09 Sur / CRA 18 M # 63 D -15 Sur,4.555916850000074,-74.14190997999998
Alcaldía 2023,19,LOCALIDAD 19 CIUDAD BOLIVAR,VEREDA QUIBA,666,86,12.91,Colegio Distrital Quiba Alta San Martín - Sede B,Kilómetro 20 Vía a Quiba,4.528303820000076,-74.16620634999998
Alcaldía 2023,19,LOCALIDAD 19 CIUDAD BOLIVAR,VILLA GLORIA SUR,1237,255,20.61,Colegio Distrital Villa Mar - Sede A,CRA 18 M # 69 J - 25 Sur,4.553459470000064,-74.15275059999993
Alcaldía 2023,19,LOCALIDAD 19 CIUDAD BOLIVAR,VISTAHERMOSA,5852,1306,22.32,Colegio Distrital Rafaél Uribe Uribe,DIAG 71 B Sur # 18 I - 20,4.547101880000071,-74.14905681999994
Alcaldía 2023,20,LOCALIDAD 20 SUMAPAZ,BETANIA,593,102,17.2,Salón Comunal de Betania,Centro Poblado Corregimiento de Betania,4.217895300000066,-74.14625837999995
Alcaldía 2023,20,LOCALIDAD 20 SUMAPAZ,LA UNION,333,270,81.08,Salón Comunal La Unión,Centro Poblado Corregimiento de La Unión,3.9857414700000504,-74.36349308999996
Alcaldía 2023,20,LOCALIDAD 20 SUMAPAZ,LA Y SANTA ROSA,805,249,30.93,,,,
Alcaldía 2023,20,LOCALIDAD 20 SUMAPAZ,NAZARETH,942,245,26.01,Salón Comunal Nazareth,Centro Poblado Corregimiento de Nazareth,4.172630290000029,-74.14727384999998
Alcaldía 2023,20,LOCALIDAD 20 SUMAPAZ,NUEVA GRANADA,226,195,86.28,Salón Comunal Nueva Granada,Centro Poblado Nueva Granada,3.890367240000046,-74.35831699999994
Alcaldía 2023,20,LOCALIDAD 20 SUMAPAZ,SAN JUAN DE SUMAPAZ,589,499,84.72,Salón Comunal Mario Upegui,Centro Poblado Corregimiento de San Juan de Sumapaz,4.028746790000071,-74.31516925999995
Concejo 2023,00,NACIONAL,CARCEL DISTRITAL,143,36,25.17,,,,
Concejo 2023,00,NACIONAL,CARCEL DISTRITAL JUDICIAL MODELO,98,16,16.33,,,,
Concejo 2023,00,NACIONAL,PENITENCIARIA LA PICOTA,206,37,17.96,,,,
Concejo 2023,00,NACIONAL,PUESTO CENSO(FERIA EXPOSICION),26247,3870,14.74,,,,
Concejo 2023,00,NACIONAL,RECLUSION DE MUJERES EL BUEN PASTOR,38,6,15.79,,,,
Concejo 2023,01,LOCALIDAD 1 USAQUEN,ALESSANDRO VOLTA,4838,232,4.8,Colegio Alessandro Volta,CLL 119 # 4 - 79,4.694216800000049,-74.02790711999995
Concejo 2023,01,LOCALIDAD 1 USAQUEN,ANGLO AMERICANO,2683,199,7.42,Colegio Anglo Americano,CLL 170 # 8 - 80 /CLL 170 # 8 - 70,4.747961740000051,-74.02898538999995
Concejo 2023,01,LOCALIDAD 1 USAQUEN,BUENAVISTA,3558,394,11.07,Colegio Distrital Nuevo Horizonte Sede A,CRA 5 B # 189 B - 30,4.766856690000054,-74.02579166999993
Concejo 2023,01,LOCALIDAD 1 USAQUEN,CALAZANS,5043,472,9.36,,,,
Concejo 2023,01,LOCALIDAD 1 USAQUEN,CANAIMA,1609,156,9.7,Vía pública,CLL 195 # 19 - 50 Vía Pública / CLL 195 # 20 - 91 Vía Pública,4.772747020000054,-74.04098847999995
Concejo 2023,01,LOCALIDAD 1 USAQUEN,CARULLA 140,4605,261,5.67,Almacén Carulla CLL 140 - Parqueadero,CRA 11  # 140 - 20 /CLL 140 # 11 - 20,4.71926086000002,-74.03542253999996
Concejo 2023,01,LOCALIDAD 1 USAQUEN,CEDRO GOLF,6023,488,8.1,Parque Cedro Golf,CRA 7 A # 150 - 85,4.725494390000051,-74.02642591999995
Concejo 2023,01,LOCALIDAD 1 USAQUEN,CENTRO COMERCIAL BELAIRE PLAZA,1386,125,9.02,Centro Comercial Belaire Plaza,CRA 7 # 152 - 54,4.72691406000007,-74.02445669999997
Concejo 2023,01,LOCALIDAD 1 USAQUEN,CENTRO COMERCIAL CEDRITOS 151,11516,768,6.67,Parqueadero Centro Comercial Cedritos 151,CLL 150 # 16 - 56,4.7314900900000225,-74.04181592999998
Concejo 2023,01,LOCALIDAD 1 USAQUEN,CENTRO COMERCIAL HACIENDA SANTA BARBARA,7755,255,3.29,Centro Comercial Hacienda Santa Bárbara,CLL 114 CRA 6 Entrada Zona C /CRA 6 # 115 - 65 Entrada F,4.692593030000069,-74.03165672999995
Concejo 2023,01,LOCALIDAD 1 USAQUEN,CENTRO COMERCIAL PALATINO,6548,360,5.5,Centro Comercial Palatino,CRA 7 # 138 - 33,4.715298940000025,-74.02903810999999
Concejo 2023,01,LOCALIDAD 1 USAQUEN,CENTRO COMERCIAL UNICENTRO,16424,564,3.43,Parqueadero Unicentro,AV CRA 15 # 124 - 30,4.7023787700000526,-74.04262499999999
Concejo 2023,01,LOCALIDAD 1 USAQUEN,COLEGIO AGUSTIN FERNANDEZ SEDE A,5511,569,10.32,Colegio Distrital Agustín Fernández - Sede A,CRA 7 # 155 - 20,4.7295440200000485,-74.02379497999993
Concejo 2023,01,LOCALIDAD 1 USAQUEN,COLEGIO AQUILEO PARRA SEDE BACHILLERATO,7616,811,10.65,Colegio Distrital Aquileo Parra,CRA 18 A # 187 - 75 /CRA 18 A # 187 - 97,4.766259870000056,-74.03911764999998
Concejo 2023,01,LOCALIDAD 1 USAQUEN,COLEGIO BUEN CONSEJO,6250,175,2.8,Colegio Buen Consejo,CLL 104 # 17 - 22entrada por la CLL 105 con CRA 17,4.68997384000005,-74.04904848999996
Concejo 2023,01,LOCALIDAD 1 USAQUEN,COLEGIO CAMPESTRE SAN JOSE,3384,141,4.17,Colegio Campestre San José,CLL 128 B # 20 - 80,4.7132078200000365,-74.04955777999999
Concejo 2023,01,LOCALIDAD 1 USAQUEN,COLEGIO CARDENAL SANCHA,3473,132,3.8,Colegio Cardenal Sancha,CLL 127 B Bis # 21 - 02,4.709756000000027,-74.05093978999997
Concejo 2023,01,LOCALIDAD 1 USAQUEN,COLEGIO COLSUBSIDIO NORTE USAQUEN,7744,537,6.93,Colegio Colsubsidio Norte,CLL 151 # 15 - 70,4.732726000000071,-74.04059599999994
Concejo 2023,01,LOCALIDAD 1 USAQUEN,COLEGIO DISTRITAL CRISTOBAL COLON,3096,312,10.08,Colegio Distrital Cristóbal Colón,CLL 165 # 8 A - 03,4.741343000000029,-74.02593299999995
Concejo 2023,01,LOCALIDAD 1 USAQUEN,COLEGIO DISTRITAL DIVINO MAESTRO SEDE A,2994,283,9.45,Colegio Distrital Divino Maestro - Sede A,CRA 8 C # 163 B - 20,4.739852820000067,-74.02774595999995
Concejo 2023,01,LOCALIDAD 1 USAQUEN,COLEGIO DISTRITAL DIVINO MAESTRO SEDE B,1533,136,8.87,Colegio Distrital Divino Maestro - Sede B,CLL 164 # 7 F - 08 / CRA 7 F # 164 - 51,4.7402532100000485,-74.02522372999994
Concejo 2023,01,LOCALIDAD 1 USAQUEN,COLEGIO DISTRITAL LA EQUIDAD SALUDCOOP,289,11,3.81,Colegio Distrital La Equidad SALUDCOOP,CRA 1 Este # 163 - 60,4.735055420000037,-74.01616506999994
Concejo 2023,01,LOCALIDAD 1 USAQUEN,COLEGIO DISTRITAL SALUDCOOP NORTE,2971,357,12.02,Colegio Distrital Salud Coop Norte,CLL 181 # 18 B - 83,4.757606000000067,-74.04041199999995
Concejo 2023,01,LOCALIDAD 1 USAQUEN,COLEGIO DISTRITAL TOBERIN SEDE A,6935,715,10.31,,,,
Concejo 2023,01,LOCALIDAD 1 USAQUEN,COLEGIO DISTRITAL USAQUEN SEDE A,3677,142,3.86,Colegio Distrital Usaquén - Sede A,CLL 127 C # 9 A - 03,4.707009080000034,-74.03447423999995
Concejo 2023,01,LOCALIDAD 1 USAQUEN,COLEGIO ESCLAVAS DEL SAGRADO CORAZON,2130,173,8.12,Colegio Esclavas del Sagrado Corazón,CLL 175 # 20 A - 26Entrada por detrás del CC PANAMA,4.755656320000071,-74.04309303999997
Concejo 2023,01,LOCALIDAD 1 USAQUEN,COLEGIO FRIEDRICH NAUMANN SEDE A,919,83,9.03,,,,
Concejo 2023,01,LOCALIDAD 1 USAQUEN,COLEGIO FRIEDRICH NAUMANN SEDE B,728,87,11.95,,,,
Concejo 2023,01,LOCALIDAD 1 USAQUEN,COLEGIO GENERAL SANTANDER USAQUEN,3066,302,9.85,Parque Alta Blanca,CRA 8A # 158 - 04,4.7344863200000304,-74.02905374999995
Concejo 2023,01,LOCALIDAD 1 USAQUEN,COLEGIO LA ESTRELLITA,1097,124,11.3,Colegio La Estrellita (antes Don Bosco III),CRA 26 # 187 B - 37 /CLL 187C # 4A - 30 /CRA 4 # 187 D - 09,4.764576000000034,-74.02449415999996
Concejo 2023,01,LOCALIDAD 1 USAQUEN,COLEGIO MARIA AUXILIADORA NORTE,946,73,7.72,Colegio María Auxiliadora Norte,CRA 8 G # 166 - 70,4.744558520000055,-74.02956340999998
Concejo 2023,01,LOCALIDAD 1 USAQUEN,COLEGIO MAYOR JOSE CELESTINO MUTIS,295,34,11.53,Colegio Mayor José Celestino Mutis,CRA 11 # 185 B - 88,4.7630960000000755,-74.03262163999995
Concejo 2023,01,LOCALIDAD 1 USAQUEN,COLEGIO MONTERROSALES,809,114,14.09,Colegio Monterrosales,KM 4.5 Vía La Calera,4.67414296000004,-74.01973278999998
Concejo 2023,01,LOCALIDAD 1 USAQUEN,COLEGIO NUEVO HORIZONTE SEDE D TORCA,170,15,8.82,,,,
Concejo 2023,01,LOCALIDAD 1 USAQUEN,COLEGIO PROVINMA,4626,337,7.28,Colegio PROVINMA,CLL 145 # 11 - 40,4.723774540000022,-74.03497694999999
Concejo 2023,01,LOCALIDAD 1 USAQUEN,COLEGIO PUREZA DE MARIA,4844,322,6.65,Colegio Privado Pureza de María,CRA 7  # 147 - 02,4.722543740000049,-74.02603038999996
Concejo 2023,01,LOCALIDAD 1 USAQUEN,COLEGIO SAN FRANCISCO CL 186,2095,239,11.41,,,,
Concejo 2023,01,LOCALIDAD 1 USAQUEN,COLEGIO SANS FACON,1870,148,7.91,,,,
Concejo 2023,01,LOCALIDAD 1 USAQUEN,"COLEGIO TOBERIN ""B""",3592,394,10.97,,,,
Concejo 2023,01,LOCALIDAD 1 USAQUEN,ESCUELA COLOMBIANA DE REHABILITACION,3737,253,6.77,Escuela Colombiana de Rehabilitación,AV CRA 15 # 151 - 68,4.732884050000052,-74.03997240999996
Concejo 2023,01,LOCALIDAD 1 USAQUEN,FUNDACION ANA RESTREPO DEL CORRAL,303,20,6.6,Fundación Ana Restrepo del Corral,CLL 130 # 1 – 10 Este,4.705022530000065,-74.02224767999996
Concejo 2023,01,LOCALIDAD 1 USAQUEN,I E AQUILEO PARRA SEDE PRIMARIA,327,34,10.4,Colegio Distrital Aquileo Parra Sede Primaria,TRV 18 B # 187 - 43,4.765408610000065,-74.03934941999995
Concejo 2023,01,LOCALIDAD 1 USAQUEN,INSTITUTO PEDAGOGICO NACIONAL,6069,266,4.38,Instituto Pedagógico Nacional,AV CLL 127 # 11 - 20,4.704392980000023,-74.03444789999998
Concejo 2023,01,LOCALIDAD 1 USAQUEN,LIJACA,5407,565,10.45,Colegio Distrital Unión Colombia - Sede B,CLL 189 # 7 - 05,4.765537420000044,-74.02799442999998
Concejo 2023,01,LOCALIDAD 1 USAQUEN,PARQUE CEDRITOS,6648,445,6.69,Parque Cedritos,CRA 9 Entre CLL 145 y 146 / CRA 11 # 145 - 60,4.723401710000076,-74.03252395999993
Concejo 2023,01,LOCALIDAD 1 USAQUEN,PLAZA MEXICO,6933,216,3.12,Parqueadero Plaza México,CRA 19 A con CLL 117,4.699343850000048,-74.05045573999996
Concejo 2023,01,LOCALIDAD 1 USAQUEN,SALON COMUNAL SAN CRISTOBAL NORTE,640,41,6.41,Salón Comunal San Cristóbal Norte,CLL 162 # 7 G - 37,4.737904300000025,-74.02651205999996
Concejo 2023,01,LOCALIDAD 1 USAQUEN,SALON COMUNAL TIBABITA,290,32,11.03,Salón Comunal Tibabita,CRA 8 B # 191 - 04,4.768201210000029,-74.02949775999997
Concejo 2023,01,LOCALIDAD 1 USAQUEN,SALON COMUNAL VILLA NIDIA,151,12,7.95,Salón Comunal Villa Nidia,CRA 4 # 160B - 23,4.734658380000042,-74.02081487999999
Concejo 2023,01,LOCALIDAD 1 USAQUEN,SAN ANTONIO UNIÓN COLOMBIA,5903,582,9.86,Colegio Distrital Unión Colombia - Sede A,CRA 7 A # 182 A - 07,4.759461830000021,-74.02751643999994
Concejo 2023,01,LOCALIDAD 1 USAQUEN,SANTA PAULA,5855,163,2.78,Parqueadero,CRA 13 A # 107 A - 10,4.690482880000047,-74.04258361999996
Concejo 2023,01,LOCALIDAD 1 USAQUEN,SANTO TOMAS DE AQUINO,8248,447,5.42,Colegio Santo Tomás de Aquino,CRA 21 # 132 – 46,4.717314540000075,-74.04961493999997
Concejo 2023,01,LOCALIDAD 1 USAQUEN,SERVITA,11357,953,8.39,Centro de Atención Distrital Especializado Servitá,CLL 165 # 7 - 38 /CLL 165 # 7 - 52,4.7414059700000735,-74.02346389999997
Concejo 2023,01,LOCALIDAD 1 USAQUEN,UNIVERSIDAD EL BOSQUE,7987,427,5.35,Universidad El Bosque,AV CRA 9 # 131 A – 02,4.710340760000065,-74.03238880999999
Concejo 2023,01,LOCALIDAD 1 USAQUEN,UNIVERSIDAD MILITAR,2372,95,4.01,Vía Pública Universidad Militar,CRA 11 con CLL 101 Esquina,4.683697680000023,-74.04260518999996
Concejo 2023,01,LOCALIDAD 1 USAQUEN,USAQUÉN,9049,606,6.7,Vía Pública,CRA 6A ENTRE CLL 119 Y 120A VIA PUBLICA,4.696280220000062,-74.03074327999997
Concejo 2023,01,LOCALIDAD 1 USAQUEN,VERBENAL SANTA MARIA,4315,502,11.63,Colegio Santa María,CRA 11 # 185 B - 17,4.762672440000074,-74.03284929999995
Concejo 2023,02,LOCALIDAD 2 CHAPINERO,ANTIGUO COUNTRY PLAZOLETA CARULLA,5662,245,4.33,Carulla - Plazoleta,CRA 15 con CLL 85 Esquina,4.669904140000028,-74.05568486999994
Concejo 2023,02,LOCALIDAD 2 CHAPINERO,BETHLEMITAS-CALLE 65,3016,303,10.05,,,,
Concejo 2023,02,LOCALIDAD 2 CHAPINERO,CENTRO COMERCIAL DE LA 93,1987,69,3.47,Centro Comercial de la 93,CLL 93 # 14 - 20 Entrada C,4.676842290000025,-74.05147766999994
Concejo 2023,02,LOCALIDAD 2 CHAPINERO,CHICO 97,727,19,2.61,,,,
Concejo 2023,02,LOCALIDAD 2 CHAPINERO,CHICO LICEO FRANCES LOUIS PASTEUR,8078,167,2.07,Liceo Francés Louis Pasteur,CLL 86 # 7 - 40,4.666711980000059,-74.04677355999996
Concejo 2023,02,LOCALIDAD 2 CHAPINERO,CHICO NORTE,5179,257,4.96,Parqueadero,AV CLL 100 # 16 - 75,4.685075570000038,-74.04965463999997
Concejo 2023,02,LOCALIDAD 2 CHAPINERO,CHICO RESERVADO,4283,160,3.74,Parqueadero Olímpica,CLL 97 # 10 - 45,4.6797337100000505,-74.04422465999994
Concejo 2023,02,LOCALIDAD 2 CHAPINERO,COLEGIO CAMPESTRE MONTEVERDE SAN LUIS,2696,415,15.39,Colegio Distrital Campestre Monteverde,CRA 5 C Este # 98 A - 55,4.670209740000075,-74.02153894999998
Concejo 2023,02,LOCALIDAD 2 CHAPINERO,COLEGIO DEL ROSARIO DE SANTO DOMINGO,458,24,5.24,Colegio del Rosario de Santo Domingo,CLL 68 # 0 - 51 Este /CLL 68 # 1 - 51 Este,4.647583970000028,-74.05235526999996
Concejo 2023,02,LOCALIDAD 2 CHAPINERO,COLEGIO LICEO DE CERVANTES EL RETIRO,1972,47,2.38,Colegio Liceo de Cervantes El Retiro,CRA 8 # 83 - 29 /CRA 8 # 84A - 37,4.664575900000045,-74.04943287999998
Concejo 2023,02,LOCALIDAD 2 CHAPINERO,COLEGIO NUEVO GIMNASIO,948,76,8.02,Colegio Nuevo Gimnasio,CLL 81  # 11 - 71 / CLL 80 # 11 - 70,4.664884250000057,-74.05461493999996
Concejo 2023,02,LOCALIDAD 2 CHAPINERO,COLEGIO SIMON RODRIGUEZ SEDE A,2828,378,13.37,Colegio Distrital  Simón Rodríguez Sede A,CLL 69 # 11 - 27,4.654052440000044,-74.06109617999994
Concejo 2023,02,LOCALIDAD 2 CHAPINERO,EL AQUINATE U. SANTO TOMAS,1360,165,12.13,,,,
Concejo 2023,02,LOCALIDAD 2 CHAPINERO,GRANADA COLEGIO SIMON RODRIGUEZ SEDE B,1550,183,11.81,Colegio Distrital Simón Rodríguez - Sede B,CLL 65 Bis # 4 - 90,4.648396260000027,-74.05664862999998
Concejo 2023,02,LOCALIDAD 2 CHAPINERO,MARISCAL SUCRE SEDE B,308,50,16.23,,,,
Concejo 2023,02,LOCALIDAD 2 CHAPINERO,MUSEO DEL CHICO,2435,59,2.42,Museo del Chico,CRA 7 # 93 - 01 / AV CRA 7 # 93 - 51,4.6728828500000645,-74.04334129999995
Concejo 2023,02,LOCALIDAD 2 CHAPINERO,PARQUEADERO CHICO CALLE 90,1583,57,3.6,,,,
Concejo 2023,02,LOCALIDAD 2 CHAPINERO,SALON COMUNAL PARAISO EL TROPIHUECO,557,112,20.11,Vía Pública Salón Comunal Paraíso El Tropihueco,TRV 1 Este # 40 B - 90,4.626993920000075,-74.06058271999996
Concejo 2023,02,LOCALIDAD 2 CHAPINERO,SENA CALLE 52,3623,591,16.31,,,,
Concejo 2023,02,LOCALIDAD 2 CHAPINERO,SENA CALLE 65,2628,396,15.07,,,,
Concejo 2023,02,LOCALIDAD 2 CHAPINERO,U. SANTO TOMAS CLAUSTRO,2194,331,15.09,,,,
Concejo 2023,02,LOCALIDAD 2 CHAPINERO,UNIVERSIDAD AREA ANDINA,324,38,11.73,Universidad Área Andina,AV Caracas # 69 - 44,4.655955820000031,-74.06230299999999
Concejo 2023,02,LOCALIDAD 2 CHAPINERO,UNIVERSIDAD CATOLICA,2056,292,14.2,Universidad Católica de Colombia,CRA 14 # 47 - 44,4.634848980000072,-74.06707901999994
Concejo 2023,02,LOCALIDAD 2 CHAPINERO,UNIVERSIDAD DE LA SALLE,2412,312,12.94,Universidad de La Salle,CRA 5 # 59 A - 44,4.644731880000052,-74.06006504999993
Concejo 2023,02,LOCALIDAD 2 CHAPINERO,UNIVERSIDAD DISTRITAL,3751,696,18.56,Universidad Distrital,CRA 8 # 40 B - 62 / 64,4.628189520000035,-74.06579504999996
Concejo 2023,02,LOCALIDAD 2 CHAPINERO,UNIVERSIDAD EAN,5589,202,3.61,Universidad EAN,CLL 79 # 11 - 45 / CRA 11 # 78 - 47,4.663431080000066,-74.05480024999997
Concejo 2023,02,LOCALIDAD 2 CHAPINERO,UNIVERSIDAD JAVERIANA,675,91,13.48,Universidad Javeriana,CLL 40 B # 5 - 37,4.626828340000031,-74.06433563999997
Concejo 2023,02,LOCALIDAD 2 CHAPINERO,UNIVERSIDAD KONRAD LORENZ,4394,531,12.08,Fundación Universitaria Konrad Lorenz,CRA 9 Bis # 62 - 43,4.648417560000041,-74.06145695999999
Concejo 2023,02,LOCALIDAD 2 CHAPINERO,UNIVERSIDAD PEDAGOGICA NACIONAL,3984,530,13.3,Universidad Pedagógica Nacional,CLL 72 # 11 - 86,4.657867380000027,-74.05929988999998
Concejo 2023,02,LOCALIDAD 2 CHAPINERO,UNIVERSIDAD PILOTO,2383,388,16.28,Universidad Piloto de Colombia,CRA 9 # 45 A - 25,4.632772360000047,-74.06547381999997
Concejo 2023,02,LOCALIDAD 2 CHAPINERO,UNIVERSIDAD SERGIO ARBOLEDA,3788,243,6.41,Universidad Sergio Arboleda,CLL 74 # 14 - 14,4.660894640000038,-74.05979578999995
Concejo 2023,03,LOCALIDAD 3 SANTA FE,CAMILO TORRES,2238,432,19.3,Colegio Distrital Externado Camilo Torres,CRA 7 # 33 - 64,4.620288450000032,-74.06658511999996
Concejo 2023,03,LOCALIDAD 3 SANTA FE,CENTRO COMERCIAL SAN MARTIN,3121,589,18.87,Centro Comercial San Martín,CRA 7 # 32 - 84 / CLL 33 # 6B - 95,4.619655990000069,-74.06767179999997
Concejo 2023,03,LOCALIDAD 3 SANTA FE,CENTRO ORIENTE,1607,258,16.05,Centro Comunitario Lourdes,CRA 2 # 4 - 10 /CRA 2 # 4 - 12,4.589504470000065,-74.07394484999998
Concejo 2023,03,LOCALIDAD 3 SANTA FE,COLEGIO LA GIRALDA,2004,324,16.17,Colegio Distrital la Giralda,CLL 1 # 3 - 58 /CLL 1 # 3 - 60,4.583296250000046,-74.07918392999994
Concejo 2023,03,LOCALIDAD 3 SANTA FE,COLEGIO RAMON JIMENO,95,24,25.26,Colegio Ramón Jimeno,CLL 26 # 2 - 44 /CRA 3 # 26A - 04,4.609487350000052,-74.06499823999997
Concejo 2023,03,LOCALIDAD 3 SANTA FE,EL CONSUELO,2993,382,12.76,Colegio Distrital Aulas Colombianas - Sede A,CRA 11 Este # 1 A - 85,4.5808390800000325,-74.07114749999994
Concejo 2023,03,LOCALIDAD 3 SANTA FE,EL GRAN SAN,1283,116,9.04,Centro Comercial El Gran San,CRA 10 # 9 - 37,4.598662970000021,-74.07912582999995
Concejo 2023,03,LOCALIDAD 3 SANTA FE,EL VERJON,192,7,3.65,Colegio Distrital El Verjón Alto - Sede B (Verjón),KM 13 Vía a Choachí,4.605824590000054,-74.02245576999997
Concejo 2023,03,LOCALIDAD 3 SANTA FE,FACULTAD DE ARTES - ASAB,1170,194,16.58,Biblioteca Distrital Antonio Nariño,CRA 13 # 14 - 69,4.604598850000059,-74.07837072999996
Concejo 2023,03,LOCALIDAD 3 SANTA FE,GIRARDOT,1824,232,12.72,Colegio Distrital Jorge Soto del Corral - Sede A,CLL 3 # 1 B - 09 Este /CLL 3 # 2 - 64 Este,4.587580040000034,-74.07299619999998
Concejo 2023,03,LOCALIDAD 3 SANTA FE,LA PERSEVERANCIA,2306,421,18.26,Colegio Distrital Manuel Elkin Patarroyo,CLL 32 A # 3 C - 37,4.617778000000044,-74.06450466999996
Concejo 2023,03,LOCALIDAD 3 SANTA FE,LAS AGUAS,1533,297,19.37,Parqueadero primer piso edificio Julio Mario Santo Domingo Universidad de los Andes,CLL 21 # 1 - 20,4.60414564000007,-74.06592859999995
Concejo 2023,03,LOCALIDAD 3 SANTA FE,LAS CRUCES,3045,443,14.55,Colegio Distrital Antonio José Uribe,CLL 3 # 9 - 70,4.592220080000061,-74.08225487999994
Concejo 2023,03,LOCALIDAD 3 SANTA FE,LAS NIEVES,2236,463,20.71,Colegio Distrital República de Argentina - Sede B (Policarpa Salavarrieta),CLL 20 # 4 - 68,4.6050135900000555,-74.06913089999995
Concejo 2023,03,LOCALIDAD 3 SANTA FE,LOS LACHES,3603,406,11.27,Colegio Distrital Efraín Cañavera - Sede B (Los Pinos),CRA 7 Este # 5 - 20,4.587465470000041,-74.06663596999994
Concejo 2023,03,LOCALIDAD 3 SANTA FE,MEDICINA LEGAL,763,101,13.24,Antigua Escuela Santa Ines,CRA 12 A # 7 - 07,4.597536170000069,-74.08290337999995
Concejo 2023,03,LOCALIDAD 3 SANTA FE,PALACIO SAN FRANCISCO,3095,653,21.1,Palacio San Francisco,CLL 13 (AV Jiménez) # 7 - 56,4.601961520000032,-74.07359543999996
Concejo 2023,03,LOCALIDAD 3 SANTA FE,POLICARPA SALAVARRIETA,1781,444,24.93,Colegio Distrital Popicarpa Salavarrieta - Sede A,CLL 28 # 5 A - 06,4.614912220000065,-74.06780814999996
Concejo 2023,03,LOCALIDAD 3 SANTA FE,SAN BERNARDO,1555,221,14.21,Colegio Distrital Los Ángeles - Sede B (Santa Inés),CLL 3 # 11 B - 40 / CRA 12 # 3 - 04,4.593608140000072,-74.08471557999997
Concejo 2023,03,LOCALIDAD 3 SANTA FE,UNIVERSIDAD ANTONIO NARIÑO,474,58,12.24,,,,
Concejo 2023,03,LOCALIDAD 3 SANTA FE,UNIVERSIDAD CENTRAL,2175,276,12.69,Universidad Central,CRA 5 # 21 - 38,4.606374050000056,-74.06934481999997
Concejo 2023,03,LOCALIDAD 3 SANTA FE,UNIVERSIDAD INCCA DE COLOMBIA,425,55,12.94,Universidad INCCA de Colombia Sede XXX Aniversario,CLL 24 A # 13 - 72,4.611820390000048,-74.07312631999997
Concejo 2023,03,LOCALIDAD 3 SANTA FE,UNIVERSIDAD JORGE TADEO LOZANO,2167,416,19.2,Universidad Jorge Tadeo Lozano (Parqueadero),CRA 4 # 22 Int. 1 Ed Módulo 21 / CLL 23 # 4 - 47,4.60739540000003,-74.06791988999998
Concejo 2023,04,LOCALIDAD 4 SAN CRISTOBAL,20 DE JULIO SEDE B,4403,727,16.51,Colegio Distrital 20 de Julio Sede A,CRA 7 A # 24 - 01 Sur /CLL 25 Sur # 7 - 76,4.571464270000035,-74.09452944999998
Concejo 2023,04,LOCALIDAD 4 SAN CRISTOBAL,AGUAS CLARAS,686,154,22.45,Colegio Distrital Aguas Claras,CLL 14 Sur # 25 - 05 Este,4.562157230000025,-74.06739883999995
Concejo 2023,04,LOCALIDAD 4 SAN CRISTOBAL,ALTAMIRA,5599,835,14.91,Colegio Distrital Altamira Sur Oriental - Sede A,CLL 42 A Sur # 12 A - 27 Este,4.545385690000046,-74.08484395999994
Concejo 2023,04,LOCALIDAD 4 SAN CRISTOBAL,ARBOLEDA SUR,2510,408,16.25,Colegio Distrital Aldemar Rojas Plazas,CRA 9 A # 14 -04 Sur,4.579195660000039,-74.09111476999993
Concejo 2023,04,LOCALIDAD 4 SAN CRISTOBAL,ATENAS,1196,146,12.21,,,,
Concejo 2023,04,LOCALIDAD 4 SAN CRISTOBAL,BELLAVISTA SAN CRISTOBAL,4087,535,13.09,Colegio Distrital Los Alpes,CRA 9 Este # 36 G - 80 Sur,4.552632460000041,-74.08445703999996
Concejo 2023,04,LOCALIDAD 4 SAN CRISTOBAL,BELLO HORIZONTE,4603,628,13.64,Colegio Distrital José Castro Martínez - Sede A,CLL 31 D Bis Sur # 2 - 24 Este /CLL 31 D Bis Sur # 2 - 25 Este,4.559956490000047,-74.09247452999995
Concejo 2023,04,LOCALIDAD 4 SAN CRISTOBAL,CANADA GUIRA,1361,174,12.78,Colegio Distrital Canadá Guira - Sede C,CLL 48 Sur # 2 - 27 Este,4.544384960000059,-74.09879300999995
Concejo 2023,04,LOCALIDAD 4 SAN CRISTOBAL,CDC LA VICTORIA,8887,1175,13.22,Centro de Desarrollo Comunitario La Victoria,CLL 37 Bis B Sur # 2 - 81 Este,4.554597520000073,-74.09505745999996
Concejo 2023,04,LOCALIDAD 4 SAN CRISTOBAL,COLEGIO LA VICTORIA SEDE A,740,71,9.59,Colegio Distrital La Victoria Sede A,CRA 3 B Este # 38 - 25 Sur,4.552257040000029,-74.09342702999999
Concejo 2023,04,LOCALIDAD 4 SAN CRISTOBAL,COLISEO DEPORTIVO PRIMERA DE MAYO,2270,369,16.26,Coliseo Deportivo Primera de Mayo,CRA 5 Bis # 18 A - 14 Sur / CL 19 S # 5 - 40,4.573732100000029,-74.08919654999994
Concejo 2023,04,LOCALIDAD 4 SAN CRISTOBAL,EL PORTAL,1639,271,16.53,Colegio Distrital Francisco Javier Matiz Sede B,CRA 3B # 30A - 42 Sur,4.565800000000024,-74.09489999999994
Concejo 2023,04,LOCALIDAD 4 SAN CRISTOBAL,EL QUINDIO,1840,309,16.79,Colegio Distrital El Quindío - Sede B,CLL 46 G Sur # 16 A - 01 Este,4.537394020000022,-74.08281201999995
Concejo 2023,04,LOCALIDAD 4 SAN CRISTOBAL,EL RODEO SEDE A,490,57,11.63,Colegio Distrital El Rodeo Sede A,CLL 40 A Sur # 2 - 56 Este,4.551325330000054,-74.09524105999998
Concejo 2023,04,LOCALIDAD 4 SAN CRISTOBAL,EL RODEO SEDE B LA GLORIA,709,97,13.68,,,,
Concejo 2023,04,LOCALIDAD 4 SAN CRISTOBAL,ENTRE NUBES SEDE A,223,35,15.7,Colegio Distrital Entre Nubes Sur  Oriental Sede A - Anibal Fernández de Soto,CRA 1 D Este # 43 B - 28 Sur,4.547742930000027,-74.09763957999996
Concejo 2023,04,LOCALIDAD 4 SAN CRISTOBAL,ESCUELA LA VICTORIA B,2438,394,16.16,Colegio Distrital La Victoria Sede B,CRA 3 A Este # 35 - 37 Sur /CRA 3 A Este # 37 A - 59 Sur,4.554348810000022,-74.09391078999994
Concejo 2023,04,LOCALIDAD 4 SAN CRISTOBAL,GUACAMAYAS II,1898,301,15.86,Colegio Distrital Alemania Unificada Sede A,CLL 37 A Bis Sur # 2 A - 04,4.555739480000057,-74.09673592999997
Concejo 2023,04,LOCALIDAD 4 SAN CRISTOBAL,JUAN DEL RIZZO,5399,760,14.08,Colegio privado Salesiano Juan del Rizzo Sede B,CLL 27 Sur # 2 B - 59 / CLL 27 A Sur # 2 B - 59,4.567028210000046,-74.09322578999996
Concejo 2023,04,LOCALIDAD 4 SAN CRISTOBAL,JUAN REY,3377,467,13.83,Colegio Distrital Juan Rey - Sede A,CLL 70 Sur # 13 B - 27 Este,4.522433830000068,-74.08995579999998
Concejo 2023,04,LOCALIDAD 4 SAN CRISTOBAL,JUANA ESCOBAR SEDE A,1404,238,16.95,Colegio Distrital Juana Escobar,CRA 15 A Este # 57 A - 16 Sur,4.530567480000059,-74.08541718999999
Concejo 2023,04,LOCALIDAD 4 SAN CRISTOBAL,LA BELLEZA,1021,205,20.08,Colegio Distrital Los Libertadores - Sede A,CLL 64 Sur # 10 A 39 Este,4.530444760000023,-74.09219882999997
Concejo 2023,04,LOCALIDAD 4 SAN CRISTOBAL,LA CASTAÑA,511,96,18.79,Salón Comunal La Castaña,CLL 20 A Sur # 12 - 20 Este,4.566594820000034,-74.07984100999994
Concejo 2023,04,LOCALIDAD 4 SAN CRISTOBAL,LA GLORIA,4144,596,14.38,Colegio Distrital  Altamira - Sede B,CLL 48 B Sur # 11 - 14 Este,4.541038680000042,-74.08928989999998
Concejo 2023,04,LOCALIDAD 4 SAN CRISTOBAL,LA GLORIA- ESCUELA ALTAMIRA,2352,408,17.35,,,,
Concejo 2023,04,LOCALIDAD 4 SAN CRISTOBAL,LAS BRISAS,1775,343,19.32,Colegio Distrital República del Ecuador I.E.D.,CRA 1 A # 6 C - 50 Sur /CRA 1 C Este # 6 C - 85 Sur,4.576838520000024,-74.08007908999997
Concejo 2023,04,LOCALIDAD 4 SAN CRISTOBAL,LAS MERCEDES,4265,631,14.79,Colegio Distrital San Critóbal - Sede B,CLL 19 Sur # 10C - 44 Este,4.569269680000048,-74.08081978999996
Concejo 2023,04,LOCALIDAD 4 SAN CRISTOBAL,LAS MERCEDES II,1185,97,8.19,Colegio Distrital San Cristóbal Sur - Sede A,CRA 10 D Este # 17 B - 46 Sur,4.569659070000057,-74.07942861999999
Concejo 2023,04,LOCALIDAD 4 SAN CRISTOBAL,LOS LIBERTADORES,3542,490,13.83,Colegio Distrital Los Libertadores,CLL 55 Sur # 10 A - 29 Este,4.534402600000021,-74.09086296999999
Concejo 2023,04,LOCALIDAD 4 SAN CRISTOBAL,MONTEBELLO,5317,683,12.85,Colegio Distrital Montebello,CLL 24 A Sur # 1 A - 95 Este,4.5667468200000485,-74.08799157999994
Concejo 2023,04,LOCALIDAD 4 SAN CRISTOBAL,MONTEBELLO SEDE B,846,116,13.71,Colegio Distrital Montebello Sede B,CLL 28 Sur # 1 A - 37 Este,4.563757250000037,-74.08962596999999
Concejo 2023,04,LOCALIDAD 4 SAN CRISTOBAL,MORALBA,335,54,16.12,Colegio Distrital Moralba Sede A,CRA 16 A Este # 42 C - 80 Sur,4.543021550000049,-74.08128967999994
Concejo 2023,04,LOCALIDAD 4 SAN CRISTOBAL,NUEVA DELHI,582,91,15.64,Colegio Distrital Nueva Delhi,CLL 62 A Sur # 14 I - 33 Este,4.5281640500000435,-74.08716430999993
Concejo 2023,04,LOCALIDAD 4 SAN CRISTOBAL,PARQUEADERO GUACAMAYAS,2674,340,12.72,Colegio Distrital Alemania Unificada - Sede B,CRA 2 L # 38 A - 11 Sur,4.557598890000065,-74.10010721999998
Concejo 2023,04,LOCALIDAD 4 SAN CRISTOBAL,PRIMERA DE MAYO,3616,610,16.87,Colegio Distrital José Félix Restrepo - Sede A,CRA 6 A # 18 A - 04 Sur / CRA 6 # 18 - 02 Sur *,4.574318480000045,-74.09008011999998
Concejo 2023,04,LOCALIDAD 4 SAN CRISTOBAL,RAMAJAL,2162,283,13.09,Colegio Distrital José Acevedo y Gómez - Sede A,CRA 9 B Este # 28 - 81 Sur,4.562173590000043,-74.08363440999995
Concejo 2023,04,LOCALIDAD 4 SAN CRISTOBAL,RAMAJAL AMAPOLAS,590,92,15.59,,,,
Concejo 2023,04,LOCALIDAD 4 SAN CRISTOBAL,REPUBLICA DEL CANADA,2623,430,16.39,Colegio Distrital Juana Escobar - Sede C,CRA 13 D Bis Este # 50 - 07 Sur,4.535771780000061,-74.08732729999997
Concejo 2023,04,LOCALIDAD 4 SAN CRISTOBAL,ROMA COLSUBSIDIO,385,70,18.18,Colegio Nueva Roma I.D.E.,CLL 48 Sur # 4 - 85 Este,4.541079740000043,-74.09591548999998
Concejo 2023,04,LOCALIDAD 4 SAN CRISTOBAL,SALON COMUNAL LA ROCA,488,110,22.54,Salón Comunal La Roca,CLL 6 B Bis Sur # 5 - 29 Este,4.577924430000053,-74.07772637999994
Concejo 2023,04,LOCALIDAD 4 SAN CRISTOBAL,SALON COMUNAL SAN ISIDRO II SECTOR,342,32,9.36,Salón Comunal San Isidro II Sector,CRA 7 A # 35 A - 33 Sur,4.564123890000076,-74.10204283999997
Concejo 2023,04,LOCALIDAD 4 SAN CRISTOBAL,SAN BLAS,6195,876,14.14,Colegio Distrital Manuelita Sáenz,CRA 3 Este # 18 A - 34 Sur,4.571123990000046,-74.08486410999996
Concejo 2023,04,LOCALIDAD 4 SAN CRISTOBAL,SAN CRISTOBAL SUR,5082,833,16.39,Colegio Distrital José Félix Restrepo - Sede C,AV CLL 11 Sur # 4 - 79 Este,4.5727072500000645,-74.07945499999994
Concejo 2023,04,LOCALIDAD 4 SAN CRISTOBAL,SAN GERONIMO,529,80,15.12,Cancha Maracaná,CRA 18 Este # 13 - 42 Sur,4.569051080000065,-74.07476982999998
Concejo 2023,04,LOCALIDAD 4 SAN CRISTOBAL,SAN ISIDRO,6158,795,12.91,Colegio Distrital San isidro Sur Oriental - Sede A,CLL 34 Sur # 7 A - 88,4.565904590000059,-74.10093585999994
Concejo 2023,04,LOCALIDAD 4 SAN CRISTOBAL,SAN MARTIN DE LOBA SUR,5245,629,11.99,Colegio Distrital Juán Evangelista Gómez,DIAG 39 Sur # 2 - 10 Este  /DIAG 39 Sur # 2 - 00 Este,4.552086760000066,-74.09566884999998
Concejo 2023,04,LOCALIDAD 4 SAN CRISTOBAL,SAN PEDRO SUR ORIENTAL,2632,297,11.28,Colegio Distrital Tomás Rueda Vargas - Sede A - parte posterior,CRA 5 Este # 26 - 91 Sur,4.56450454000003,-74.08717514999995
Concejo 2023,04,LOCALIDAD 4 SAN CRISTOBAL,SAN VICENTE COLSUBSIDIO,1514,243,16.05,Colegio San Vicente I.D.E.,TRV 6 C Este # 33 - 70 Sur,4.555281000000036,-74.08769399999994
Concejo 2023,04,LOCALIDAD 4 SAN CRISTOBAL,SANTA ANA SUR,2700,466,17.26,Colegio Distrital José Félix Restrepo - Sede B,CLL 10 A Sur # 3 A - 61,4.577041490000056,-74.08415686999996
Concejo 2023,04,LOCALIDAD 4 SAN CRISTOBAL,SOSIEGO,2259,350,15.49,Colegio Distrital Rafael Nuñez,CRA 9 A # 18 - 74 Sur,4.576361590000033,-74.09301011999997
Concejo 2023,04,LOCALIDAD 4 SAN CRISTOBAL,SURAMERICA,674,115,17.06,Colegio Distrital Francisco Javier Matiz,CRA 2 A # 29 A - 29 Sur,4.565286380000032,-74.09360623999999
Concejo 2023,04,LOCALIDAD 4 SAN CRISTOBAL,TOMAS RUEDA VARGAS SEDE B,855,92,10.76,Colegio Distrital Tomás Rueda Vargas Sede B,CRA 5 Este # 29 A - 25 Sur,4.561553810000021,-74.08832799999993
Concejo 2023,04,LOCALIDAD 4 SAN CRISTOBAL,VILLA DE LOS ALPES,4795,716,14.93,Polideportivo Coliseo Villa de Los Alpes,CRA 3 B  # 35 - 22 Sur / CRA 3 B # 35 - 04 Sur,4.561453490000076,-74.09844987999998
Concejo 2023,04,LOCALIDAD 4 SAN CRISTOBAL,VILLA DEL CERRO,2042,264,12.93,Salón Comunal Villa del Cerro,CLL 46 A Sur  # 3 B - 40 Este / CLL 46 A Sur # 3 B - 30 Este,4.544188750000046,-74.09562215999995
Concejo 2023,04,LOCALIDAD 4 SAN CRISTOBAL,VILLA JAVIER LA MARIA,1210,252,20.83,Parque urbanización Villa Javier,Cl 8 A S 5 A 23,4.580006590000039,-74.08477373999995
Concejo 2023,05,LOCALIDAD 5 USME,ALFONSO LOPEZ,3102,635,20.47,Colegio Distrital Estanislao Zuleta Sede A,CRA 7 C Este # 92 - 48 Sur/CRA 7 C Este # 90 A - 35 Sur ,4.497976000000051,-74.10086199999995
Concejo 2023,05,LOCALIDAD 5 USME,ALMIRANTE PADILLA,6219,917,14.75,Colegio Distrital Almirante Padilla,CLL 76 A Sur # 8 D - 59 Este / CLL 76 A Sur # 8 D - 25,4.512266250000039,-74.11190313999998
Concejo 2023,05,LOCALIDAD 5 USME,BOLONIA,661,84,12.71,Jardín Infantil Entre Nubes,CLL 79 Sur # 10 - 50 Este,4.511011550000035,-74.09865008999998
Concejo 2023,05,LOCALIDAD 5 USME,BRASILIA,2926,464,15.86,Colegio Distrital Brasilia,CRA 12 B # 73 B - 97 Sur /CRA 12 B # 73 B - 31 Sur,4.517608740000071,-74.11643952999998
Concejo 2023,05,LOCALIDAD 5 USME,BRAZUELOS,959,170,17.73,Colegio Distrital Brazuelos,CLL 104 Sur # 14 - 90,4.494948850000071,-74.11987399999998
Concejo 2023,05,LOCALIDAD 5 USME,CABAÑAS,917,170,18.54,Colegio Distrital Federico Lorca Sede B,CLL 80 A Sur # 5 - 15,4.509259000000043,-74.10793999999999
Concejo 2023,05,LOCALIDAD 5 USME,CDC JULIO CESAR SANCHEZ,1716,275,16.03,Centro de Desarrollo Comunitario Julio César Sánchez,CLL 91 Sur # 4C - 26,4.501102800000069,-74.10917208999996
Concejo 2023,05,LOCALIDAD 5 USME,CENTRO COMERCIAL ALTAVISTA,1583,215,13.58,Centro Comercial Altavista,CRA 1 # 65 D - 58 SurEntrada del Parqueadero / CLL 65C Sur 11 71,4.532900720000043,-74.11842795999996
Concejo 2023,05,LOCALIDAD 5 USME,CHUNIZA,4782,773,16.16,Colegio Distrital Chuniza,CRA 1 G Este # 84 A - 42 Sur / CRA 9 # 84 A - 82 Sur,4.505972770000028,-74.11140448999998
Concejo 2023,05,LOCALIDAD 5 USME,COLEGIO ANDRES ESCOBAR,408,49,12.01,Colegio Andrés Escobar,CRA 3 B 55 B 30 Sur,4.5383862200000635,-74.11464666999996
Concejo 2023,05,LOCALIDAD 5 USME,COLEGIO FERNANDO GONZALEZ OCHOA,1198,222,18.53,Colegio Distrital Fernando González Ochoa,CRA 4 A # 89 - 43 Sur /CRA 4 # 89 - 43 Sur,4.5026692900000285,-74.10763076999996
Concejo 2023,05,LOCALIDAD 5 USME,COLEGIO JOSE EUSTASIO RIVERA,676,81,11.98,Colegio José Eustasio Rivera,CRA 3 # 136 - 98 Sur Entrada Parqueadero /CRA 14 135 05 Sur,4.475316410000062,-74.12277975999996
Concejo 2023,05,LOCALIDAD 5 USME,COLEGIO RURAL EL UVAL,60,6,10.0,Colegio Distrital Rural El Uval,Vereda el Uval Km. 8 Autopista al Llano,4.477590000000021,-74.10524999999996
Concejo 2023,05,LOCALIDAD 5 USME,EL BOSQUE,3649,485,13.29,Colegio Distrital Ofelia Uribe de Acosta,CLL 81 A Sur # 6 - 40 Este / TRV 1 Este # 85 - 86 Sur,4.5060183200000665,-74.10311553999998
Concejo 2023,05,LOCALIDAD 5 USME,EL CORTIJO,1506,267,17.73,Colegio Distrital El Cortijo Vianey - Sede A,CRA 2A # 74B - 00 Sur /CLL 74B Sur # 14H - 25 ,4.515102340000055,-74.11894303999998
Concejo 2023,05,LOCALIDAD 5 USME,EL DANUBIO AZUL,3404,470,13.81,Colegio Distrital  Fabio Lozano Simonelli - Sede B,CLL 56 A Sur # 3 A - 14,4.5377657200000385,-74.11502143999996
Concejo 2023,05,LOCALIDAD 5 USME,EL DESTINO,502,73,14.54,Colegio Distrital El Destino,KM 8 Vía San Juan de Sumapáz,4.408203000000071,-74.13895918999998
Concejo 2023,05,LOCALIDAD 5 USME,EL HATO,283,36,12.72,Colegio Distrital El Hato,Kilómetro 14 Vía San Juan de Sumapáz,4.36958887000003,-74.17951987999999
Concejo 2023,05,LOCALIDAD 5 USME,EL VIRREY,4614,726,15.73,Colegio Distrital El Virrey Solís,CRA 7 # 92 A - 31 Sur,4.502502340000035,-74.11179900999997
Concejo 2023,05,LOCALIDAD 5 USME,GRAN YOMASA,3173,528,16.64,Colegio Distrital Gran Yomasa,CLL 81 C Sur # 8 A - 06,4.508524000000023,-74.10973399999995
Concejo 2023,05,LOCALIDAD 5 USME,JARDIN INFANTIL LA FORTALEZA DEL OSO,1021,141,13.81,Jardín Infantil la Fortaleza del Oso,CLL 71 D Sur # 14 - 64,4.520474620000073,-74.11828479999997
Concejo 2023,05,LOCALIDAD 5 USME,JUAN JOSE RONDON,1597,205,12.84,Colegio Distrital Gabriel García Marquez,CLL 88 F Sur # 12 F - 20 Este,4.503719570000044,-74.09119911999994
Concejo 2023,05,LOCALIDAD 5 USME,LA ALBORADA,1154,190,16.46,Colegio Distrital Estanislao Zuleta Sede B,CRA 4 Este # 90 D - 24 Sur,4.497972000000061,-74.10395699999998
Concejo 2023,05,LOCALIDAD 5 USME,LA AURORA,7570,1107,14.62,Colegio Distrital La Aurora,TRV 14 T # 70 - 49 Sur,4.521681540000031,-74.12113945999994
Concejo 2023,05,LOCALIDAD 5 USME,LA FISCALA,3891,650,16.71,Colegio Distrital Fabio Lozano Simonelli,CLL 65 Sur # 5 - 65,4.533770830000037,-74.11172753999995
Concejo 2023,05,LOCALIDAD 5 USME,LA FLORA,2415,260,10.77,Colegio Distrital Nueva Esperanza,CRA 14 B Este # 76 - 59 Sur /CRA 14 Este # 76 - 79 Sur,4.513564350000024,-74.09039197999994
Concejo 2023,05,LOCALIDAD 5 USME,LA FORTALEZA,2900,494,17.03,Colegio Distrital El Cortijo Vianey Sede B,CLL 73B Sur # 14C - 16,4.517830870000068,-74.11916043999997
Concejo 2023,05,LOCALIDAD 5 USME,LOS COMUNEROS,4362,685,15.7,Colegio Distrital Los Comuneros,CLL 91 C Sur # 2 A - 49,4.498587950000058,-74.10874843999994
Concejo 2023,05,LOCALIDAD 5 USME,LOS TEJARES,1170,262,22.39,,,,
Concejo 2023,05,LOCALIDAD 5 USME,MARICHUELA,5439,810,14.89,Colegio Distrital Miguel de Cervantes Saavedra - Sede A,CRA 14 B # 76 - 33 Sur,4.512414100000058,-74.11698187999997
Concejo 2023,05,LOCALIDAD 5 USME,MONTEBLANCO,4356,717,16.46,Colegio Distrital Diego Montaño Cuellar,TRV 6 B # 100 C - 55 Sur,4.4967805500000395,-74.11504818999998
Concejo 2023,05,LOCALIDAD 5 USME,NUSADAL,883,138,15.63,Colegio Distrital Nuevo San Andrés de Los Altos,CLL 69 A Bis Sur # 14 C - 18,4.524796750000064,-74.12011324999997
Concejo 2023,05,LOCALIDAD 5 USME,PORTAL USME,5588,1030,18.43,Colegio Distrital Paulo Freire,CRA 11 # 65 C - 50 Sur,4.532631470000069,-74.11700227999995
Concejo 2023,05,LOCALIDAD 5 USME,SANTA LIBRADA,6688,930,13.91,Colegio Distrital Orlando Fals Borda,CRA 1 A Este # 72 - 60 Sur / CRA 12 # 72 - 60 Sur ,4.519357660000026,-74.11594453999999
Concejo 2023,05,LOCALIDAD 5 USME,SANTA MARTA,3360,553,16.46,Colegio Distrital Santa Marta,CLL 69 D Sur # 8 B - 63,4.525273170000048,-74.11562807999996
Concejo 2023,05,LOCALIDAD 5 USME,TENERIFE,1060,206,19.43,Colegio Distrital Eduardo Mora Osejo,CLL 95 Sur # 14 B - 64,4.503935170000034,-74.11880590999994
Concejo 2023,05,LOCALIDAD 5 USME,USME,4323,537,12.42,Colegio Distrital Francisco Antonio Zea - Sede A,CLL 136 Sur # 12 - 38,4.472581940000055,-74.12153515999995
Concejo 2023,05,LOCALIDAD 5 USME,USME - CENTRO,1811,331,18.28,Colegio Distrital Francisco Antonio Zea - Sede B,CRA 13 # 137 D - 40 Sur,4.469545080000046,-74.12533528999995
Concejo 2023,05,LOCALIDAD 5 USME,USMINIA,2863,363,12.68,Colegio Distrital Usminia - Sede B,CLL 102 A Sur # 5 - 06,4.4954386600000475,-74.11448729999995
Concejo 2023,05,LOCALIDAD 5 USME,UVAL - PUERTA AL LLANO,1723,276,16.02,Colegio Distrital Ciudad de Villavicencio Sede A,CRA 6 H Este # 114 - 88 Sur /TRV 7 Este # 107 A - 50 Sur,4.487109000000032,-74.10247699999996
Concejo 2023,05,LOCALIDAD 5 USME,VALLES DE CAFAM,3649,614,16.83,Colegio Distrital Atabanzha,CLL 92 Sur # 14 D - 87,4.507653600000026,-74.11805941999995
Concejo 2023,05,LOCALIDAD 5 USME,VIA AL LLANO,276,54,19.57,Colegio Distrital Federico García Lorca Sede A,CRA 5 # 83 - 03 Sur,4.50731238000003,-74.10721802999996
Concejo 2023,05,LOCALIDAD 5 USME,VILLA ALEMANIA,1409,230,16.32,Colegio Distrital Eduardo Umaña Mendoza,CLL 111 A Sur # 4 B - 07 Este /CLL 111 A Bis Sur # 3 A - 07 *,4.489735670000073,-74.11255110999997
Concejo 2023,05,LOCALIDAD 5 USME,VILLA HERMOSA,3477,481,13.83,Colegio Distrital Villa Hermosa,CLL 97 F Sur # 6 F - 08 Este / CLL 97 Sur # 6 F - 08 Este *,4.4939862500000345,-74.10232047999995
Concejo 2023,06,LOCALIDAD 6 TUNJUELITO,ABRAHAM LINCOLN,1813,245,13.51,Colegio Distrital Cecilia de la Fuente Lleras - Sede B (Rufino José de Cuervo),CRA 8 # 53 A - 44 Sur,4.555324420000034,-74.12380750999995
Concejo 2023,06,LOCALIDAD 6 TUNJUELITO,CASA DE JUSTICIA DE TUNJUELITO,927,135,14.56,Casa de Justicia de Tunjuelito,CLL 51 Sur # 7 - 35,4.556095390000053,-74.12162619999998
Concejo 2023,06,LOCALIDAD 6 TUNJUELITO,CIUDAD BOGOTA SEDE B,1238,208,16.8,,,,
Concejo 2023,06,LOCALIDAD 6 TUNJUELITO,COLEGIO COOPERATIVO VENECIA,2330,344,14.76,Colegio Cooperativo Venecia,DIAG 47 A Sur # 53 A - 95,4.5928789100000245,-74.14062678999994
Concejo 2023,06,LOCALIDAD 6 TUNJUELITO,COOPERATIVO NUEVO MUZU,590,78,13.22,Colegio Cooperativo Nuevo MUZU,CRA 59 # 51 B - 46 Sur / CRA 61B # 51B - 46 Sur,4.587398300000075,-74.14794177999994
Concejo 2023,06,LOCALIDAD 6 TUNJUELITO,"EL CARMEN SUR ""A""",4192,537,12.81,,,,
Concejo 2023,06,LOCALIDAD 6 TUNJUELITO,"EL CARMEN SUR ""B""",1717,255,14.85,,,,
Concejo 2023,06,LOCALIDAD 6 TUNJUELITO,"EL TUNAL ""A""",5482,923,16.84,,,,
Concejo 2023,06,LOCALIDAD 6 TUNJUELITO,"EL TUNAL ""B""",5583,850,15.22,,,,
Concejo 2023,06,LOCALIDAD 6 TUNJUELITO,"FATIMA ""A""",5671,749,13.21,,,,
Concejo 2023,06,LOCALIDAD 6 TUNJUELITO,"FATIMA ""B""",2270,341,15.02,,,,
Concejo 2023,06,LOCALIDAD 6 TUNJUELITO,INSTITUTO TECNICO PILOTO SEDE C,1708,228,13.35,Colegio Distrital Instituto Técnico Piloto Sede C,CLL 54 Sur # 37 A - 37,4.586822290000043,-74.14222782999997
Concejo 2023,06,LOCALIDAD 6 TUNJUELITO,ISLA DEL SOL,3212,439,13.67,Colegio Distrital Isla del Sol,CLL 67 B Sur # 63 - 19,4.589211380000052,-74.15250679999997
Concejo 2023,06,LOCALIDAD 6 TUNJUELITO,JARDIN INFANTIL CARMEN SUR,979,145,14.81,Jardín Infantil Carmen Sur,CRA 28 # 48 A - 17 Sur,4.582839460000059,-74.13170169999995
Concejo 2023,06,LOCALIDAD 6 TUNJUELITO,JARDIN INFANTIL ISLA DEL SOL,943,142,15.06,Jardín Infantil Isla del Sol,CLL 67 B Sur # 63 - 15,4.589430050000033,-74.15247371999999
Concejo 2023,06,LOCALIDAD 6 TUNJUELITO,JARDIN INFANTIL PABLO DE TARSO,821,65,7.92,Jardín Infantil Pablo de Tarso,DIAG 48 Sur # 51 D- 57,4.591166230000056,-74.13540603999996
Concejo 2023,06,LOCALIDAD 6 TUNJUELITO,LICEO CAMPESTRE CAFAM,192,24,12.5,Liceo Campestre CAFAM,DIAG 58 Sur # 29 - 26,4.577950290000047,-74.14339961999997
Concejo 2023,06,LOCALIDAD 6 TUNJUELITO,LICEO SANTA BERNARDITA,994,112,11.27,Liceo Santa Bernardita,DIAG 51 A Sur # 54 A - 32,4.589990420000049,-74.14308345999996
Concejo 2023,06,LOCALIDAD 6 TUNJUELITO,NUESTRA SEÑORA LAS VICTORIAS,206,23,11.17,,,,
Concejo 2023,06,LOCALIDAD 6 TUNJUELITO,"NUEVO MUZO ""B""",1157,164,14.17,,,,
Concejo 2023,06,LOCALIDAD 6 TUNJUELITO,"NUEVO MUZU ""A""",2623,346,13.19,,,,
Concejo 2023,06,LOCALIDAD 6 TUNJUELITO,PARROQUIAL SAN CARLOS,2383,314,13.18,Colegio Privado Parroquial San Carlos,CRA 18 A # 53 - 54 Sur,4.566447760000074,-74.13012682999994
Concejo 2023,06,LOCALIDAD 6 TUNJUELITO,PORFIRIO BARBA JACOB,660,93,14.09,Externado Porfirio Barba Jacob,CRA 18 # 54 - 14 Sur / CRA 18 # 54 - 10 Sur,4.565889020000043,-74.12999242999996
Concejo 2023,06,LOCALIDAD 6 TUNJUELITO,SALON COMUNAL ISLA DEL SOL,273,19,6.96,,,,
Concejo 2023,06,LOCALIDAD 6 TUNJUELITO,SAN BENITO,4379,544,12.42,Colegio Distrital José Antonio Ricaurte,CRA 18 # 56 A - 45 Sur,4.564414950000071,-74.13237461999995
Concejo 2023,06,LOCALIDAD 6 TUNJUELITO,SAN BENITO ABAD,280,48,17.14,Colegio Distrital San Benito Abad,CLL 58 # 19 B - 67 Sur / CLL 58 # 19 B - 63 Sur,4.566595380000024,-74.13704435999995
Concejo 2023,06,LOCALIDAD 6 TUNJUELITO,SAN CARLOS,5627,699,12.42,Colegio Distrital San Carlos - Sede B,CRA 19 # 50 A - 37 Sur,4.569460390000074,-74.12815740999997
Concejo 2023,06,LOCALIDAD 6 TUNJUELITO,SAN VICENTE FERRER,5769,786,13.62,Colegio Distrital Ciudad de Bogotá - Sede A,CRA 25 # 53 B - 32 Sur,4.57718576000002,-74.13827658999998
Concejo 2023,06,LOCALIDAD 6 TUNJUELITO,SANTA CECILIA DE TUNJUELITO,860,119,13.84,Colegio Santa Cecilia De Tunjuelito,CRA 11 # 52 - 41 Sur,4.558616510000036,-74.12419150999995
Concejo 2023,06,LOCALIDAD 6 TUNJUELITO,TUNJUELITO A,4133,579,14.01,Colegio Distrital Rufino José de Cuervo - Sede A,CRA 11 B # 52 - 53 Sur /CRA 12 # 52 - 60 Sur,4.559472670000048,-74.12478149999998
Concejo 2023,06,LOCALIDAD 6 TUNJUELITO,TUNJUELITO B,918,154,16.78,Centro Educativo Distrital Nuevo Tunjuelito (Rufi# José de Cuervo Sede C),CLL 58 Sur # 12A - 45 / CLL 58A Sur # 12 A - 25,4.559080650000055,-74.12936561999999
Concejo 2023,06,LOCALIDAD 6 TUNJUELITO,VENECIA A,6277,907,14.45,,,,
Concejo 2023,06,LOCALIDAD 6 TUNJUELITO,VENECIA B,1960,249,12.7,,,,
Concejo 2023,07,LOCALIDAD 7 BOSA,ALFREDO NOBEL,908,157,17.29,Colegio Privado Liceo Alfredo Nóbel,TRV 80 B # 65 I - 25 Sur,4.606167820000053,-74.18766827999997
Concejo 2023,07,LOCALIDAD 7 BOSA,ATALAYAS,4625,787,17.02,Colegio Distrital Santiago de las Atalayas,CLL 61 Sur # 103 - 33 / CLL 59C Sur # 89B - 45,4.629344930000059,-74.19283750999995
Concejo 2023,07,LOCALIDAD 7 BOSA,BICENTENARIO DE LA INDEPENDENCIA,427,57,13.35,Colegio Distrital Bicentenario de La Independencia,CLL 81 Sur # 81 - 75,4.614984480000032,-74.20381150999998
Concejo 2023,07,LOCALIDAD 7 BOSA,BOSA,9071,1469,16.19,Colegio Distrital Argelia,CLL 63 Sur # 81 A - 30,4.611585040000023,-74.18578012999996
Concejo 2023,07,LOCALIDAD 7 BOSA,BOSA BRASILIA,5792,782,13.5,Colegio Distrital Brasilia,CLL 52 A Sur # 87 D - 45,4.6279581300000245,-74.18158176999998
Concejo 2023,07,LOCALIDAD 7 BOSA,BOSA PAULO VI,3310,513,15.5,Colegio Distrital Paulo de Tarso - Sede B,CLL 71 Bis Sur # 77 I - 21,4.599350290000075,-74.19443338999997
Concejo 2023,07,LOCALIDAD 7 BOSA,BOSA SAN JOSE,2833,407,14.37,Colegio Distrital  Albán Holguín - Sede C,CRA 89 Bis # 85 A - 20 Sur / CRA 80 K # 85 A - 33 Sur,4.613764420000052,-74.20988605999997
Concejo 2023,07,LOCALIDAD 7 BOSA,BOSANOVA,1157,186,16.08,Colegio Distrital Bosa Nova,CLL 59 B Sur # 87 B - 02,4.62272100000007,-74.18837299999996
Concejo 2023,07,LOCALIDAD 7 BOSA,CAMPO VERDE - POTRERITOS,3759,557,14.82,Colegio Distrital Kimy Pernia,CLL 82 Sur # 89 - 21,4.622137000000066,-74.20795899999996
Concejo 2023,07,LOCALIDAD 7 BOSA,CARBONELL,1245,239,19.2,Colegio Distrital Carlos Albán Holguín Sede B,DIAG 71 C Bis A Sur # 77 G - 15,4.599669000000063,-74.19771599999996
Concejo 2023,07,LOCALIDAD 7 BOSA,CARLOS ALBAN,6940,883,12.72,Colegio Distrital Carlos Albán Holguín - Sede A,CLL 72 Sur # 79 D - 33 / CLL 72 B Sur # 79 D - 06,4.605714730000045,-74.19756532999997
Concejo 2023,07,LOCALIDAD 7 BOSA,CARLOS PIZARRO LEON GOMEZ,4217,686,16.27,Colegio Distrital Carlos Pizarro León Gómez - Sede A,CLL 72 Sur # 100 A - 71,4.635605660000067,-74.20486501999994
Concejo 2023,07,LOCALIDAD 7 BOSA,CC GRAN PLAZA BOSA,5430,1051,19.36,,,,
Concejo 2023,07,LOCALIDAD 7 BOSA,CEDID SAN PABLO,3705,627,16.92,Colegio Distrital CEDID San Pablo Sede A,CRA 77L # 65J - 73 Sur,4.599800000000073,-74.18759999999997
Concejo 2023,07,LOCALIDAD 7 BOSA,CIUDADELA EL PORVENIR,7997,1527,19.09,Colegio Distrital Ciudadela Educativa de Bosa,CLL 52 Sur # 97 C - 35,4.640829730000064,-74.18721154999997
Concejo 2023,07,LOCALIDAD 7 BOSA,CLARELANDIA,280,43,15.36,Colegio Distrital La Bici,CRA 81 A # 58 J - 45 Sur,4.613736310000036,-74.18236762999999
Concejo 2023,07,LOCALIDAD 7 BOSA,CLARETIANO,4491,747,16.63,Colegio Claretiano de Bosa,CLL 60 Sur # 80 K - 02 / CLL 60 Sur # 80 H - 58,4.611860410000077,-74.18399515999994
Concejo 2023,07,LOCALIDAD 7 BOSA,CLARETIANO EL LIBERTADOR,704,119,16.9,,,,
Concejo 2023,07,LOCALIDAD 7 BOSA,COLEGIO CIUDADANOS DEL FUTURO,2364,403,17.05,Colegio Mixto Ciudadanos del Futuro,CRA 88 I # 58 A - 12 Sur,4.628029750000053,-74.19070918999995
Concejo 2023,07,LOCALIDAD 7 BOSA,COLEGIO COLSUBSIDIO CHICALA,3769,647,17.17,Colegio Colsubsidio Chicalá,CRA 87 # 53 C - 26 Sur,4.625223080000069,-74.18101529999996
Concejo 2023,07,LOCALIDAD 7 BOSA,COLEGIO JORGE ISAACS,627,64,10.21,Colegio Distrital Jorge Isaacs,CLL 73 Sur # 91- 35 / CLL 73 Sur # 91- 05,4.626632610000058,-74.20192806999995
Concejo 2023,07,LOCALIDAD 7 BOSA,COLISEO LA PALESTINA,1198,207,17.28,Coliseo la Palestina,CLL 68 Sur # 81 G - 09,4.612073760000044,-74.19132801999996
Concejo 2023,07,LOCALIDAD 7 BOSA,EL PORVENIR,6280,1070,17.04,Colegio Distrital El Porvenir Sede A,CLL 51 Sur # 91 D - 56,4.635898910000037,-74.18362205999995
Concejo 2023,07,LOCALIDAD 7 BOSA,EL RECREO,6747,1059,15.7,Colegio Distrital Leonardo Posada Pedraza,CRA 92 # 72 - 42 Sur,4.6275335700000255,-74.20148260999997
Concejo 2023,07,LOCALIDAD 7 BOSA,EL RECUERDO SANTAFE,2506,414,16.52,Colegio Distrital El Porvenir - Sede B,CLL 58 Sur # 104 A - 04 / CLL 58 Sur # 104 A - 50,4.6416999600000395,-74.19774783999998
Concejo 2023,07,LOCALIDAD 7 BOSA,FE Y ALEGRIA SAN IGNACIO,6972,1032,14.8,Colegio Distrital Fe y Alegría San Ignacio,CLL 56 F Sur # 91 D - 14,4.633343230000037,-74.18978479999998
Concejo 2023,07,LOCALIDAD 7 BOSA,FRANCISCO DE PAULA SANTANDER,1647,275,16.7,Colegio Distrital Francisco de Paula Santander,CLL 61 Sur # 80 I - 40,4.610871700000075,-74.18477973999995
Concejo 2023,07,LOCALIDAD 7 BOSA,GIMNASIO GARABATOS DE COLORES,73,12,16.44,Colegio Privado Garabatos de Colores,CLL 65 G Sur # 79 B - 20,4.605811540000047,-74.18643815999997
Concejo 2023,07,LOCALIDAD 7 BOSA,GIMNASIO LOS SAUCES,1539,218,14.17,Gimnasio Los Sauces,CRA 88 F Bis # 51 C - 01 Sur / CRA 88 I # 51C - 10 Sur,4.63100380000003,-74.18228624999995
Concejo 2023,07,LOCALIDAD 7 BOSA,GIMNASIO REAL AMERICANO,2063,313,15.17,Gimnasio Real Americano - Sede B,CLL 62 A Sur # 91 A - 35,4.629848510000045,-74.19528366999998
Concejo 2023,07,LOCALIDAD 7 BOSA,HOLANDA,1460,231,15.82,Colegio Distrital Brasilia Bosa Sede B,CRA 87J # 55 - 06 Sur,4.62680000000006,-74.18559999999997
Concejo 2023,07,LOCALIDAD 7 BOSA,INSTITUTO GUIMARC,789,107,13.56,Instituto GUIMARC,CLL 71 C Sur # 77 M - 53,4.602298090000033,-74.19576440999998
Concejo 2023,07,LOCALIDAD 7 BOSA,ISLANDIA,3012,477,15.84,Colegio Distrital Alfonso Reyes EchandíaAlfonso Reyes Echandía,CRA 86 # 74 - 00 Sur,4.616162770000074,-74.20035772999995
Concejo 2023,07,LOCALIDAD 7 BOSA,JARDIN INFANTIL OLARTE,1208,239,19.78,Jardín Infantil Olarte – SDIS,CRA 71 D # 54 - 15 Sur,4.603148890000057,-74.16323478999993
Concejo 2023,07,LOCALIDAD 7 BOSA,JIMENEZ DE QUESADA,2875,442,15.37,Colegio Distrital Fernando Mazuera Villegas - Sede B,DIAG 66 Sur # 80 C - 20,4.606190850000075,-74.18843550999998
Concejo 2023,07,LOCALIDAD 7 BOSA,JOSE ANTONIO GALAN,4447,718,16.15,Colegio Distrital José Antonio Galán,CRA 78 J # 58 M - 10 Sur,4.606142610000063,-74.17896635999995
Concejo 2023,07,LOCALIDAD 7 BOSA,JUAN MAXIMILIANO AMBROSIO,1021,169,16.55,Colegio Distrital Orlando Higuita Rojas Sede B - Juan Maximiliano Ambrosio,CLL 57 Sur # 86 F - 30,4.622818270000039,-74.18473897999996
Concejo 2023,07,LOCALIDAD 7 BOSA,LA ACUARELA,1075,191,17.77,Colegio Distrital Luis Lopez de Mesa - Sede Nueva,CRA 77J # 65A - 38 Sur,4.598300000000052,-74.18179999999995
Concejo 2023,07,LOCALIDAD 7 BOSA,LA AMISTAD,4406,649,14.73,Colegio Distrital Luis López de Meza,CLL 65 H Sur # 78 A - 03 / CLL 65 H Sur # 78 A - 05,4.600597290000053,-74.18588291999998
Concejo 2023,07,LOCALIDAD 7 BOSA,LA CONCEPCION,796,139,17.46,Colegio Distrital La Concepción Sede C ,CRA 87 C # 67 - 18 Sur,4.621691030000022,-74.19331433999997
Concejo 2023,07,LOCALIDAD 7 BOSA,LA ESPERANZA,4885,797,16.32,Colegio Distrital La Esperanza,CLL 77 A Sur # 86 - 40 / CLL 78 Sur # 79 - 40,4.609695980000026,-74.20536969999995
Concejo 2023,07,LOCALIDAD 7 BOSA,LA ESTACION,4864,749,15.4,La Estación,CRA 78 ENTRE CLL 60A Sur Y CLL 63 Sur,4.601317290000054,-74.18069716999997
Concejo 2023,07,LOCALIDAD 7 BOSA,LA INDEPENDENCIA,1785,346,19.38,Colegio Mixto Villa Carolina,CRA 87 C # 69 A - 80 Sur / CLL 69 B Sur # 87 B - 32,4.620748000000049,-74.19478499999997
Concejo 2023,07,LOCALIDAD 7 BOSA,LA LIBERTAD,10105,1421,14.06,Colegio Distrital José Francisco Socarrás,CRA 88 C # 66 A - 03 Sur,4.625125380000043,-74.19449057999998
Concejo 2023,07,LOCALIDAD 7 BOSA,LAURELES,4890,810,16.56,Colegio Distrital Gran Colombiano - Sede B,CRA 80 K # 73 F - 29 Sur,4.609059010000067,-74.20015505999999
Concejo 2023,07,LOCALIDAD 7 BOSA,LAURELES II,3323,560,16.85,Colegio Distrital Gran Colombiano Sede A,CLL 73 F Sur # 80 N Bis - 49 / CLL 73 F Sur # 80 N - 41,4.610226670000031,-74.19991418999996
Concejo 2023,07,LOCALIDAD 7 BOSA,LICEO CIUDAD CAPITAL,2001,333,16.64,Liceo Ciudad Capital,CLL 65 Sur # 100 A - 51,4.637518250000028,-74.20114481999997
Concejo 2023,07,LOCALIDAD 7 BOSA,LICEO LOPEZ OSORIO,672,96,14.29,Colegio Privado Liceo Cultural López Osorio,CLL 71 Sur # 87N-15 /CLL 71 Sur # 87N - 21,4.622339260000047,-74.19814926999999
Concejo 2023,07,LOCALIDAD 7 BOSA,LLANO ORIENTAL,2042,305,14.94,Colegio Distrital Llano Oriental,CLL 73 B Sur # 78 A Bis - 15 / CLL 73 B Sur # 78 A - 15,4.603365070000052,-74.19999755999999
Concejo 2023,07,LOCALIDAD 7 BOSA,MANUEL ELKIN PATARROYO,1596,247,15.48,Liceo Manuel Elkin Patarroyo,CRA 81 A # 82 A - 18 Sur,4.613195070000074,-74.20602104999995
Concejo 2023,07,LOCALIDAD 7 BOSA,MIGUEL ANGEL ASTURIAS,655,80,12.21,Colegio Miguel Ángel Asturias,CRA 78 D # 59 A - 18 Sur,4.603579110000055,-74.18020678999994
Concejo 2023,07,LOCALIDAD 7 BOSA,NARANJOS,2512,467,18.59,Colegio Distrital Los Naranjos,CRA 80 M # 71 C - 31 Sur,4.609038000000055,-74.19487899999996
Concejo 2023,07,LOCALIDAD 7 BOSA,NUEVA ESTACION,1958,287,14.66,Nueva Estación,CLL 63 Sur # 78J - 10,4.605178690000059,-74.18230045999996
Concejo 2023,07,LOCALIDAD 7 BOSA,NUEVA GRANADA,883,142,16.08,Colegio Distrital CEDID San Pablo Sede C,CLL 70 Bis Sur # 77 L - 05 /CLL 70 A Sur # 77 L - 06,4.600995000000069,-74.19226099999997
Concejo 2023,07,LOCALIDAD 7 BOSA,NUEVO CARLOS ALBAN,2498,412,16.49,Colegio Distrital Gran Colombiano Sede D,CLL 72 A Sur # 80 J - 20 / CRA 80 J # 72 - 19 Sur,4.6081477400000495,-74.19669725999995
Concejo 2023,07,LOCALIDAD 7 BOSA,NUEVO CHILE,5020,1002,19.96,Colegio Distrital Nuevo Chile,CLL 56 Sur # 72 G - 20,4.603305500000033,-74.16626319999995
Concejo 2023,07,LOCALIDAD 7 BOSA,ORLANDO HIGUITA,6305,840,13.32,Colegio Distrital Orlando Higuita Rojas,CLL 57 Sur # 87 H - 03 / CLL 57 Sur # 87 G - 35,4.625445100000036,-74.18696811999996
Concejo 2023,07,LOCALIDAD 7 BOSA,PABLO DE TARSO,3087,601,19.47,Colegio Distrital Pablo de Tarso - Sede A,CRA 78 J Bis # 65 J - 04 Sur / CLL 65 J Sur # 78 J - 21,4.603976960000068,-74.18698567999996
Concejo 2023,07,LOCALIDAD 7 BOSA,PALESTINA,3882,581,14.97,Colegio Distrital Porfilio Barba Jacob,CLL 70 A Sur # 81 G - 13,4.611871830000041,-74.19364579999996
Concejo 2023,07,LOCALIDAD 7 BOSA,PARQUE AUTOPISTA SUR PAVCO,1735,322,18.56,Parque IDRD,CRA 72 # 57 H - 94 Sur /CRA 72 # 57 H - 92 Sur,4.596569130000034,-74.16398013999998
Concejo 2023,07,LOCALIDAD 7 BOSA,PARQUES DE BOGOTA,2716,315,11.6,Colegio Distrital Parques De Bogotá,CLL 85 Sur # 94 - 55,4.626093820000051,-74.21173340999997
Concejo 2023,07,LOCALIDAD 7 BOSA,PIAMONTE,6939,1046,15.07,Colegio Distrital Fernando Mazuera Villegas,CLL 68 A Sur # 80 H - 05,4.606868320000046,-74.19074859999995
Concejo 2023,07,LOCALIDAD 7 BOSA,PORTAL DE BRASIL,1217,194,15.94,Colegio Distrital German Arciniegas Sede A,CRA 88I # 54B - 44 Sur,4.6305000000000405,-74.18509999999998
Concejo 2023,07,LOCALIDAD 7 BOSA,RECREO MICHELSEN,6359,1245,19.58,,,,
Concejo 2023,07,LOCALIDAD 7 BOSA,SAN BERNARDINO,3185,516,16.2,Colegio Distrital San Bernardino,CRA 89 C # 79 - 51 Sur,4.623649620000037,-74.20614750999994
Concejo 2023,07,LOCALIDAD 7 BOSA,SANTA FE DE BOSA,3344,479,14.32,Colegio Distrital Villas del Progreso,CRA 102A # 56F - 34 Sur,4.64115361000006,-74.19523998999995
Concejo 2023,07,LOCALIDAD 7 BOSA,SOLEDAD ACOSTA DE SAMPER,1880,240,12.77,Colegio Distrital Soledad Acosta de Samper,CLL 50 Sur # 98 B - 70,4.643221320000066,-74.18609408999998
Concejo 2023,07,LOCALIDAD 7 BOSA,SURBANA,1566,286,18.26,SuperCADE de Bosa,AV CLL 57 R Sur # 72 D - 12,4.597031590000029,-74.16766293999996
Concejo 2023,07,LOCALIDAD 7 BOSA,VILLA DEL RIO,4986,659,13.22,Salón Comunal Villa del Río,CLL 55 A # 66 - 50 Sur,4.602225420000025,-74.15738736999998
Concejo 2023,07,LOCALIDAD 7 BOSA,VILLA DEL RIO II,3133,450,14.36,Gimnasio Santa Rocio,CRA 68D # 54A - 31 Sur,4.602400000000046,-74.15999999999997
Concejo 2023,07,LOCALIDAD 7 BOSA,VILLAS DEL PROGRESO,666,127,19.07,Colegio Distrital Villas del Progreso,CRA 89 Bis A # 72 A - 13 Sur,4.625149430000022,-74.20077282999995
Concejo 2023,08,LOCALIDAD  8 KENNEDY,ALMENAR,2836,342,12.06,,,,
Concejo 2023,08,LOCALIDAD  8 KENNEDY,ALOHA,1382,173,12.52,Salón Comunal Aloha,CLL 7 A Bis # 71 A - 20,4.632901240000024,-74.13324789999996
Concejo 2023,08,LOCALIDAD  8 KENNEDY,BOITA,3767,586,15.56,Salón Comunal Boita 1 Sector,CLL 48 B # 72 K - 13 Sur,4.602362910000068,-74.15258212999998
Concejo 2023,08,LOCALIDAD  8 KENNEDY,BRITALIA,5555,822,14.8,Colegio Distrital Gran Britalia - Sede B,CLL 47 A Sur # 82 - 99,4.625309590000029,-74.17301132999995
Concejo 2023,08,LOCALIDAD  8 KENNEDY,CAMPO BELLO,4150,583,14.05,,,,
Concejo 2023,08,LOCALIDAD  8 KENNEDY,CARLOS ARANGO VELEZ SEDE A,839,121,14.42,Colegio Distrital Carlos Arango Vélez Sede A,TRV 68 G # 35 A - 42 Sur,4.607800370000064,-74.13534320999997
Concejo 2023,08,LOCALIDAD  8 KENNEDY,CARLOS ARTURO TORRES,4367,620,14.2,Colegio Distrital República de Finlandia,TRV 72 B # 44 C - 19 Sur,4.599650130000043,-74.14635851999998
Concejo 2023,08,LOCALIDAD  8 KENNEDY,CARVAJAL II SEDE ANTONIA SANTOS II,2472,315,12.74,,,,
Concejo 2023,08,LOCALIDAD  8 KENNEDY,CASABLANCA 32,6391,892,13.96,Salón Comunal Casablanca 32,CRA 79 F # 46 - 16 Sur,4.618398020000029,-74.16793259999997
Concejo 2023,08,LOCALIDAD  8 KENNEDY,CATALINA,4870,678,13.92,Colegio Distrital Las Américas - Sede B (San Rafaél),CLL 52 A Sur # 77 W - 05,4.610011170000064,-74.16898937999997
Concejo 2023,08,LOCALIDAD  8 KENNEDY,CC PLAZA DE LAS AMERICAS,2557,264,10.32,Centro Comercial Plaza de Las Américas,CRA 71 D # 6 - 94 Sur,4.618442610000045,-74.13720238999997
Concejo 2023,08,LOCALIDAD  8 KENNEDY,CENTRO COMERCIAL CIUDAD TINTAL,2435,346,14.21,Centro Comercial Ciudad Tintal,CRA 94 # 6 C - 30 /CRA 93 # 6 B - 50,4.652774050000062,-74.15974955999997
Concejo 2023,08,LOCALIDAD  8 KENNEDY,CENTRO COMERCIAL EL EDEN,12535,1618,12.91,Centro Comercial El Edén,CRA 72 # 12 B - 48,4.646525630000042,-74.12914780999995
Concejo 2023,08,LOCALIDAD  8 KENNEDY,CENTRO COMERCIAL TINTAL PLAZA,9854,1761,17.87,Centro Comercial Tintal Plaza,AV CRA 86 # 6 - 37 /AV Ciudad Cali con Américas,4.6417692200000715,-74.15541177999995
Concejo 2023,08,LOCALIDAD  8 KENNEDY,CENTRO DE DESARROLLO COMUNITARIO KENNEDY,3114,421,13.52,,,,
Concejo 2023,08,LOCALIDAD  8 KENNEDY,CLASS,4650,688,14.8,,,,
Concejo 2023,08,LOCALIDAD  8 KENNEDY,CODEMA,3545,558,15.74,,,,
Concejo 2023,08,LOCALIDAD  8 KENNEDY,COL DE TIMIZA,6091,739,12.13,Col de Timiza,CRA 74 # 42 G - 52 Sur,4.609839340000065,-74.15855085999993
Concejo 2023,08,LOCALIDAD  8 KENNEDY,COL. GABRIEL BETANCOURT MEJIA,9532,1398,14.67,Colegio Distrital Gabriel Betancourt Mejía,CRA 87 A # 6 A - 23 / CRA 88 # 6 A - 28,4.644541440000069,-74.15653033999996
Concejo 2023,08,LOCALIDAD  8 KENNEDY,COLEGIO ALFONSO LOPEZ PUMAREJO,5926,894,15.09,Colegio Distrital Alfonso López,CRA 72 G # 39 - 99 Sur / CLL 39 B Sur # 72 G - 62,4.608288410000057,-74.14384350999995
Concejo 2023,08,LOCALIDAD  8 KENNEDY,COLEGIO ALQUERIA,4449,661,14.86,Colegio Distrital Alquería,CLL 37 B Sur # 68 D - 93,4.604935280000063,-74.13617278999999
Concejo 2023,08,LOCALIDAD  8 KENNEDY,COLEGIO C.E.L.C.O. SAN LUCAS,3197,421,13.17,Colegio Privado C.E.L.C.O. San Lucas,CLL 35 A Sur # 78 I - 21/CRA 78 F # 35 C - 63 Sur ,4.62514187000005,-74.15123481999996
Concejo 2023,08,LOCALIDAD  8 KENNEDY,COLEGIO CIUDAD DE FOMEQUE,135,15,11.11,Colegio Privado Ciudad de Fómeque,CRA 93 B # 42 F -16 Sur /CRA 93 42F - 16 S,4.640719490000038,-74.17544943999997
Concejo 2023,08,LOCALIDAD  8 KENNEDY,COLEGIO CIUDAD DE TECHO I,725,89,12.28,,,,
Concejo 2023,08,LOCALIDAD  8 KENNEDY,COLEGIO CLASS I D E SEDE B ROMA,4014,652,16.24,,,,
Concejo 2023,08,LOCALIDAD  8 KENNEDY,COLEGIO COOPERATIVO TIMIZA,858,152,17.72,Colegio Privado Cooperativo de Timiza,CRA 72 M # 40 F - 18 Sur,4.608652930000062,-74.15073440999998
Concejo 2023,08,LOCALIDAD  8 KENNEDY,COLEGIO DARIO ECHANDIA,3971,568,14.3,Colegio Distrital Darío Echandía,CLL 5 A Sur # 88 B - 08,4.642173000000071,-74.16169599999995
Concejo 2023,08,LOCALIDAD  8 KENNEDY,COLEGIO DEBORA ARANGO,1586,249,15.7,Colegio Distrital Debora Arango Pérez,CRA 84 A # 57 B - 04 Sur / CRA 84 A # 57 B - 22 Sur,4.61796959000003,-74.18313505999998
Concejo 2023,08,LOCALIDAD  8 KENNEDY,COLEGIO DISTRITAL JACKELINE,621,102,16.43,Colegio Distrital Jackeline Sede B,CRA 77 Q # 45 A - 21 Sur,4.608990300000073,-74.16273181999998
Concejo 2023,08,LOCALIDAD  8 KENNEDY,COLEGIO ERNESTO GUHL,154,19,12.34,Colegio Privado Ernesto Guhl,CLL 42 G Sur # 87 G - 16,4.633208070000023,-74.17243266999998
Concejo 2023,08,LOCALIDAD  8 KENNEDY,COLEGIO FE Y ALEGRIA,4246,630,14.84,Colegio Fe y Alegría,TRV 78 C # 6 D - 49,4.635106000000064,-74.14605599999999
Concejo 2023,08,LOCALIDAD  8 KENNEDY,COLEGIO GUSTAVO ROJAS PINILLA,5717,787,13.77,Colegio Distrital Gustavo Rojas Pinilla,CLL 11 B # 80 B - 61 / CLL 11 B # 80 C - 10,4.6485090800000535,-74.14064982999997
Concejo 2023,08,LOCALIDAD  8 KENNEDY,COLEGIO INTEGRACION MODERNA,1389,167,12.02,Colegio Privado de Integración Moderna,CLL 4 # 71 A - 41,4.626742130000025,-74.13479141999994
Concejo 2023,08,LOCALIDAD  8 KENNEDY,COLEGIO JAIME GARZON,6220,1065,17.12,Colegio Distrital Jaime Garzón,TRV 85 A # 49 - 45 Sur,4.625827940000022,-74.17558464999996
Concejo 2023,08,LOCALIDAD  8 KENNEDY,COLEGIO JEAN PIAGET,1723,219,12.71,Colegio Privado Jean Piaget,CLL 2B # 70 - 22,4.62459608000006,-74.13168347999994
Concejo 2023,08,LOCALIDAD  8 KENNEDY,COLEGIO LA AMISTAD,6498,1031,15.87,Colegio Distrital La Amistad,CRA 78 # 35 - 30 Sur,4.623422550000043,-74.14812764999994
Concejo 2023,08,LOCALIDAD  8 KENNEDY,COLEGIO LA MAGDALENA,1228,184,14.98,Colegio Distrital La Magdalena,CLL 8A Bis # 94 - 72 / CRA 94 # 8C - 49,4.657200000000046,-74.15729999999996
Concejo 2023,08,LOCALIDAD  8 KENNEDY,COLEGIO LUZ Y VIDA,590,53,8.98,Gimnasio Cristiano Luz y Vida Sede C,CLL 1 Sur  # 86 - 15,4.63869569000002,-74.15926271999996
Concejo 2023,08,LOCALIDAD  8 KENNEDY,COLEGIO MILITAR MANUEL MURILLO TORO,415,48,11.57,,,,
Concejo 2023,08,LOCALIDAD  8 KENNEDY,COLEGIO NELSON MANDELA,4006,616,15.38,Colegio Disitrital Nelson Mandela,CRA 91 # 43 - 98 Sur / CRA 90 A # 46 - 50 Sur,4.635853710000049,-74.17790967999997
Concejo 2023,08,LOCALIDAD  8 KENNEDY,COLEGIO NUEVA CASTILLA,8192,1145,13.98,Colegio Distrital Nueva Castilla,CRA 78 C # 8 A - 43,4.640465580000068,-74.14191583999997
Concejo 2023,08,LOCALIDAD  8 KENNEDY,COLEGIO OEA,3424,481,14.05,Colegio Distrital OEA,CRA 72 L # 34 - 19 Sur,4.618158630000039,-74.14145867999997
Concejo 2023,08,LOCALIDAD  8 KENNEDY,COLEGIO OEA ANTONIA SANTOS,401,67,16.71,Colegio OEA Sede  Antonia Santos,CRA 69 # 39 - 27  Sur / CRA 69 Bis # 39 - 30 Sur,4.609080690000042,-74.14082054999994
Concejo 2023,08,LOCALIDAD  8 KENNEDY,COLEGIO PAULO VI SEDE A,1269,193,15.21,Colegio Distrital Paulo VI Sede A,CRA 78 N # 41 - 17/ 21 Sur / CRA 78 P # 41 - 20 Sur,4.62088803000006,-74.15802882999998
Concejo 2023,08,LOCALIDAD  8 KENNEDY,COLEGIO RODRIGO TRIANA,5000,778,15.56,Colegio Distrital Rodrigo Triana Sede A (Paraiso),CLL 38 B Sur # 89 - 81 /CLL 38 Sur # 89 - 81,4.640010210000071,-74.16738578999997
Concejo 2023,08,LOCALIDAD  8 KENNEDY,COLEGIO SAN PEDRO CLAVER SEDE A,1908,306,16.04,Colegio Distrital San Pedro Claver Sede A,CRA 79C # 41B - 51 Sur,4.622000000000071,-74.16109999999998
Concejo 2023,08,LOCALIDAD  8 KENNEDY,COLEGIO SAN PEDRO CLAVER SEDE B,483,75,15.53,Colegio Distrital San Pedro Claver Sede B,CLL 42 G Sur # 87 - 06,4.631496880000043,-74.17139979999996
Concejo 2023,08,LOCALIDAD  8 KENNEDY,COLEGIO SAN RAFAEL SEDE A,370,53,14.32,Colegio Distrital San Rafael Sede A,TRV 78 I # 42 B - 81 Sur / CRA 78 L # 42 B - 84 Sur,4.617571590000068,-74.16240130999995
Concejo 2023,08,LOCALIDAD  8 KENNEDY,COLEGIO TOM ADAMS,3725,536,14.39,Colegio Distrital Tom Adams,CLL 40 J Sur # 78 - 08,4.6182880500000465,-74.15564539999997
Concejo 2023,08,LOCALIDAD  8 KENNEDY,DINDALITO,6191,895,14.46,,,,
Concejo 2023,08,LOCALIDAD  8 KENNEDY,EL JAPON,5554,873,15.72,Colegio Distrital El Japón,CRA 78 G # 38 C - 11 Sur,4.621697550000022,-74.15351730999998
Concejo 2023,08,LOCALIDAD  8 KENNEDY,EL SAUCEDAL,2222,215,9.68,Colegio Distrital La Amistad - Sede B,CRA 83 # 38 B - 12 Sur,4.633038830000032,-74.16282556999994
Concejo 2023,08,LOCALIDAD  8 KENNEDY,ESC.TECNOLOGICA INST. TECNICO CENTRAL,1739,244,14.03,Escuela Tecnológica Instituto Técnico Central,CLL 6 C # 94 A - 25,4.653949640000064,-74.16140759999996
Concejo 2023,08,LOCALIDAD  8 KENNEDY,ESTADOS UNIDOS SUPER 13,3971,571,14.38,,,,
Concejo 2023,08,LOCALIDAD  8 KENNEDY,FERNANDO SOTO APARICIO,506,79,15.61,Colegio Fernando Soto Aparicio – Nuevo Kennedy,TRV 73 A Bis B # 36 - 47 Sur,4.618814040000075,-74.14748936999996
Concejo 2023,08,LOCALIDAD  8 KENNEDY,FERNANDO SOTO APARICIO SEDE B,853,114,13.36,Colegio Fernando Soto Aparicio Sede B,CRA 80 A # 51 B - 29 Sur,4.617238000000043,-74.17262599999998
Concejo 2023,08,LOCALIDAD  8 KENNEDY,FLORALIA,3317,413,12.45,Salón Comunal Floralia,TRV 68 C # 31 - 26 Sur,4.608704880000062,-74.13231108999997
Concejo 2023,08,LOCALIDAD  8 KENNEDY,FLORESTA SUR SEDE B,969,111,11.46,Colegio Distrital La Floresta Sur Sede B,CLL 2 # 68 B - 08 Sur / CLL 2 # 68 B - 82 Sur,4.62047855000003,-74.12772212999994
Concejo 2023,08,LOCALIDAD  8 KENNEDY,FRANCISCO JOSE DE CALDAS - INEM SEDE B,4081,505,12.37,Colegio Distrital INEM Francisco de Paula Santander -Sede B,CLL 35 C Sur # 78 N - 10,4.626545720000024,-74.15317527999997
Concejo 2023,08,LOCALIDAD  8 KENNEDY,FRANCISCO MIRANDA,6821,1078,15.8,Colegio Distrital Francisco Miranda,DIAG 41 Sur # 73 A - 80,4.6125888600000735,-74.15445625999996
Concejo 2023,08,LOCALIDAD  8 KENNEDY,GEMA,474,51,10.76,Salón Comunal El Ruby II Sector,CLL 58 B Sur # 78 K - 21 /CLL 58 C Sur # 78 K - 21,4.607525830000043,-74.17686551999998
Concejo 2023,08,LOCALIDAD  8 KENNEDY,GRAN COLOMBIANO,4092,579,14.15,,,,
Concejo 2023,08,LOCALIDAD  8 KENNEDY,INEM FRANCISCO DE PAULA SANTANDER SEDE A,3474,553,15.92,Colegio Distrital INEM Francisco de Paula Santander,CLL 38 C Sur # 79 - 08,4.624982830000022,-74.15550350999996
Concejo 2023,08,LOCALIDAD  8 KENNEDY,ISABEL II,1059,170,16.05,Colegio Isabel II,DIAG 2 D # 79 C - 83,4.6335696800000505,-74.15294974999995
Concejo 2023,08,LOCALIDAD  8 KENNEDY,JAIRO ANIBAL NIÑO,7407,1076,14.53,,,,
Concejo 2023,08,LOCALIDAD  8 KENNEDY,JOHN F. KENNEDY,3616,519,14.35,Colegio Distrital Jhon F. Kennedy,CRA 74 B # 38 A - 35 Sur,4.619573280000054,-74.15025403999994
Concejo 2023,08,LOCALIDAD  8 KENNEDY,LA CHUCUA,5336,738,13.83,Colegio Distrital La Chucua,CRA 72 I # 42 F - 54 Sur,4.6036399400000505,-74.14854788999997
Concejo 2023,08,LOCALIDAD  8 KENNEDY,LA FLORESTA SUR,5163,647,12.53,Colegio Distrital La Floresta Sur - Sede 1,CRA 68 B Bis # 1 - 09 Sur,4.620795860000044,-74.12744373999993
Concejo 2023,08,LOCALIDAD  8 KENNEDY,LAS AMERICAS SEDE A,4079,580,14.22,Colegio Distrital Las Américas - Sede A,CRA 73 C Bis # 38 C - 84 Sur / CLL 38C Sur # 73A - 93,4.616765260000022,-74.15062749999998
Concejo 2023,08,LOCALIDAD  8 KENNEDY,LAS PALMERAS,3464,504,14.55,,,,
Concejo 2023,08,LOCALIDAD  8 KENNEDY,LICEO EL CASTILLO,2143,219,10.22,Colegio Privado El Castillo,CRA 82 Bis # 7 D - 12,4.643894620000026,-74.14992682999997
Concejo 2023,08,LOCALIDAD  8 KENNEDY,LICEO REYNEL,420,56,13.33,Liceo Reynel,CLL 39 Sur # 68 F - 15,4.602634000000023,-74.13856753999994
Concejo 2023,08,LOCALIDAD  8 KENNEDY,LORETO DE CASTILLA,572,75,13.11,Instituto Comercial Loreto de Castilla,CLL 8 # 78 C - 60,4.639170750000062,-74.14319126999999
Concejo 2023,08,LOCALIDAD  8 KENNEDY,LOS HEROES,2545,347,13.63,Colegio Distrital Los Héroes,CLL 35 B Sur # 73 A - 40 Int 1,4.620540830000039,-74.14522563999998
Concejo 2023,08,LOCALIDAD  8 KENNEDY,LOS PERIODISTAS,3521,543,15.42,Colegio Distrital Los Periodistas,CLL 41 C Sur # 78 H - 85,4.617388220000066,-74.15832380999996
Concejo 2023,08,LOCALIDAD  8 KENNEDY,MANDALAY - COLEGIO KENNEDY,5303,657,12.39,Colegio Distrital Kennedy,CLL 5 Sur # 72 A - 69,4.620267630000058,-74.14082627999994
Concejo 2023,08,LOCALIDAD  8 KENNEDY,MANUEL CEPEDA,2702,445,16.47,Colegio Distrital Manuel Cepeda Vargas,CLL 56 Sur # 81 - 26,4.616530010000076,-74.17766229999995
Concejo 2023,08,LOCALIDAD  8 KENNEDY,MARIA PAZ,2759,367,13.3,Salón Comunal María Paz,CLL 5 A Sur # 82 - 63 / CLL 5 A Sur # 82 - 01,4.6368686800000205,-74.15796743999994
Concejo 2023,08,LOCALIDAD  8 KENNEDY,MARSELLA,5300,736,13.89,Colegio Distrital Marsella,CRA 69 # 7 - 90,4.632151290000024,-74.12731736999996
Concejo 2023,08,LOCALIDAD  8 KENNEDY,METRO ALQUERIA,220,23,10.45,Almacén Metro Alquería,AV CRA 68 # 38 - 87 Sur / CRA 68 # 38A - 15,4.602679980000062,-74.13464627999997
Concejo 2023,08,LOCALIDAD  8 KENNEDY,MILENIO PLAZA,3036,434,14.3,Centro Comercial Milenio Plaza,AV Ciudad de Cali # 42 B - 51 Sur / AV CRA 86 # 42 B - 51 Sur,4.630349090000038,-74.16878477999995
Concejo 2023,08,LOCALIDAD  8 KENNEDY,NICOLAS ESGUERRA,162,28,17.28,Colegio Nicolás Esguerra,CLL 9 C # 68 - 52,4.632326110000065,-74.12260322999998
Concejo 2023,08,LOCALIDAD  8 KENNEDY,PATIO BONITO,9092,1406,15.46,,,,
Concejo 2023,08,LOCALIDAD  8 KENNEDY,PATIOS,4364,611,14.0,,,,
Concejo 2023,08,LOCALIDAD  8 KENNEDY,PERPETUO SOCORRO,4033,498,12.35,,,,
Concejo 2023,08,LOCALIDAD  8 KENNEDY,PIO XII - SEDE COLEGIO ISABEL II,3540,466,13.16,Colegio Distrital Isabel II -  Sede B,CRA 79 F # 6 B - 30 / CRA 79 F # 6 B - 34,4.635361170000067,-74.15182267999995
Concejo 2023,08,LOCALIDAD  8 KENNEDY,POLIDEPORTIVO CASTILLA,1199,122,10.18,Polideportivo Castilla,CLL 8 B Bis # 73 B - 1 / CRA 75 8 A - 31,4.639782510000032,-74.13941410999996
Concejo 2023,08,LOCALIDAD  8 KENNEDY,PROSPERO PINZON,4723,694,14.69,Colegio Próspero Pinzón,CLL 35 C Sur #78 F - 81,4.624321240000029,-74.15109253999998
Concejo 2023,08,LOCALIDAD  8 KENNEDY,ROMA,9131,1415,15.5,,,,
Concejo 2023,08,LOCALIDAD  8 KENNEDY,SAGRADO CORAZON,366,60,16.39,Colegio Sagrado Corazón Sede Principal,CLL 54 Sur # 81 H - 15,4.620347680000066,-74.17712049999994
Concejo 2023,08,LOCALIDAD  8 KENNEDY,SALON COMUNAL ANDALUCIA II SECTOR,350,26,7.43,Salón Comunal Andalucia II Sector,CLL 14 A # 81 - 38,4.653618250000022,-74.13694453999994
Concejo 2023,08,LOCALIDAD  8 KENNEDY,SALON COMUNAL BOITA II SECTOR,1113,153,13.75,Salón Comunal Boita II Sector,CRA 72 R Bis # 48 - 11 Sur,4.604087420000042,-74.15639226999997
Concejo 2023,08,LOCALIDAD  8 KENNEDY,SALON COMUNAL CARVAJAL OSORIO,1005,159,15.82,Salón Comunal Carvajal Osorio,CRA 68 L  #37 D - 38 Sur /CRA 68 I # 37 D - 02 Sur / CLL 38 Sur # 68 J - 50,4.6069290000000365,-74.13835799999998
Concejo 2023,08,LOCALIDAD  8 KENNEDY,SALON COMUNAL MARSELLA,3075,405,13.17,Salón Comunal Marsella,CRA 69 # 8 - 28,4.632976380000059,-74.12702547999999
Concejo 2023,08,LOCALIDAD  8 KENNEDY,SALON COMUNAL MONTERREY,655,63,9.62,Salón Comunal Monterrey,CLL 8 Bis # 81 - 40 ,4.643097500000067,-74.14783571999999
Concejo 2023,08,LOCALIDAD  8 KENNEDY,SALON COMUNAL ROMA IV,1232,159,12.91,Salón Comunal Roma IV Segundo Sector,CRA 78 J # 54 - 16 Sur,4.611307110000041,-74.17060251999999
Concejo 2023,08,LOCALIDAD  8 KENNEDY,SALON COMUNAL SANTA CATALINA,516,76,14.73,Salón Comunal Santa Catalina,CRA 72 Q Bis #43 - 06 Sur /CLL 43 Sur # 72Q - 45,4.606108600000027,-74.15486890999995
Concejo 2023,08,LOCALIDAD  8 KENNEDY,SALON COMUNAL VILLA ALSACIA,1451,154,10.61,Salón Comunal Villa Alsacia,CLL 11 A # 72 D - 20,4.64346598000003,-74.13615890999995
Concejo 2023,08,LOCALIDAD  8 KENNEDY,SALON COMUNAL VILLA CLAUDIA,687,102,14.85,Salón Comunal Villa Claudia,CLL 9 A Sur # 68 F - 23,4.617274000000066,-74.12914228999995
Concejo 2023,08,LOCALIDAD  8 KENNEDY,SAN FRANCISCO EN EL TINTAL,4610,636,13.8,Colegio Gimnasio Moderno San Francisco El Tintal,CLL 6 D # 90 - 51,4.649993000000052,-74.15820999999994
Concejo 2023,08,LOCALIDAD  8 KENNEDY,SAN JOSE DE CASTILLA SEDE A,5492,746,13.58,Colegio Distrital San José de Castilla - Sede A,CLL 7 C # 78 F - 20 /CRA 78 F # 7 D - 03,4.638309000000049,-74.14383999999995
Concejo 2023,08,LOCALIDAD  8 KENNEDY,SANTA MARIA DE KENNEDY,4243,471,11.1,Salón Comunal Urbanización Villa Andrea,CLL 51 C Sur # 82 A - 09,4.622501830000033,-74.17647343999994
Concejo 2023,08,LOCALIDAD  8 KENNEDY,SUPERIOR AMERICANO,7583,925,12.2,Colegio Superior Americano,CRA 71 C # 3 A - 41,4.626186380000036,-74.13590567999995
Concejo 2023,08,LOCALIDAD  8 KENNEDY,TAGASTE,2261,295,13.05,,,,
Concejo 2023,08,LOCALIDAD  8 KENNEDY,TINTALITO,5966,827,13.86,,,,
Concejo 2023,08,LOCALIDAD  8 KENNEDY,VILLA ADRIANA,2492,344,13.8,Salón Comunal Villa Adriana,CLL 20 Sur # 68 D - 36,4.612923950000038,-74.12908470999997
Concejo 2023,08,LOCALIDAD  8 KENNEDY,VILLA RICA,2663,339,12.73,,,,
Concejo 2023,08,LOCALIDAD  8 KENNEDY,VILLANUEVA,2454,310,12.63,Colegio Distrital Alfonso López Pumarejo - Sede B,CLL 40 B Sur # 57 - 26 / CRA 68I # 39D - 04 Sur,4.603200020000031,-74.14097587999998
Concejo 2023,08,LOCALIDAD  8 KENNEDY,VISION DE COLOMBIA,6886,870,12.63,Colegio Distrital San José de Castilla - Sede C,CRA 79 C # 13 A - 40,4.65068339000004,-74.13528233999995
Concejo 2023,09,LOCALIDAD 9 FONTIBON,ACUNAR,1372,141,10.28,Jardín Infantil ACUNAR Sabana Grande,CRA 104 # 13 D - 35 / CRA 106 # 15 A - 32,4.668003800000065,-74.15744062999994
Concejo 2023,09,LOCALIDAD 9 FONTIBON,AGUSTINIANO SALITRE,6845,840,12.27,,,,
Concejo 2023,09,LOCALIDAD 9 FONTIBON,ATAHUALPA,3150,409,12.98,Colegio Distrital Atahualpa,AV CRA 116 # 22I - 56,4.688300000000027,-74.14829999999995
Concejo 2023,09,LOCALIDAD 9 FONTIBON,BATAVIA,2771,358,12.92,Concentración Escolar Batavia,CRA 114 # 17 C - 07,4.6826835800000595,-74.15300323999998
Concejo 2023,09,LOCALIDAD 9 FONTIBON,BELEN,6495,729,11.22,Colegio Integrado de Fontibón,CRA 106 # 18 - 77,4.678433950000056,-74.14731024999998
Concejo 2023,09,LOCALIDAD 9 FONTIBON,CACIQUE HYNTIBA,1649,220,13.34,Casa de La Cultura de Fontibón Cacique Hyntiba,CLL 17A # 99 - 53,4.672996710000064,-74.14514481999998
Concejo 2023,09,LOCALIDAD 9 FONTIBON,CASA PENSAMIENTO INTERCULTURAL,414,60,14.49,Casa de Pensamiento Intercultural,DIAG 15 D # 98 - 40,4.666352900000049,-74.15174359999997
Concejo 2023,09,LOCALIDAD 9 FONTIBON,CENTRO A,3640,427,11.73,Colegio Distrital Rodrigo Arenas Betancourt,CRA 97 # 16 J - 15,4.670627620000062,-74.14464347999996
Concejo 2023,09,LOCALIDAD 9 FONTIBON,COLEGIO LUIS ANGEL ARANGO,1097,150,13.67,Colegio Distrital Luis Ángel Arango,CLL 23 G # 103 - 60 /CRA 103 # 23 G - 01,4.681852690000028,-74.13755124999994
Concejo 2023,09,LOCALIDAD 9 FONTIBON,EL CHARCO,369,53,14.36,Colegio Distrital Antonio Van Üden Sede B,CLL 17 F # 128 - 45,4.692487530000051,-74.16143793999998
Concejo 2023,09,LOCALIDAD 9 FONTIBON,EL JARDIN,264,25,9.47,Salón Comunal San José - El Jardín,CRA 100 # 24 D - 65,4.683248640000045,-74.13252331999996
Concejo 2023,09,LOCALIDAD 9 FONTIBON,FERROCAJA,474,72,15.19,Vía Pública Colegio Distrital Villemar El Carmen Sede C,CRA 97 # 22 G - 15,4.676020200000039,-74.13840758999999
Concejo 2023,09,LOCALIDAD 9 FONTIBON,FONTIBON,11073,1088,9.83,Colegio Parroquial San Pedro Claver,CRA 99 CLL 17 A Esquina / CRA 99 # 17A - 62,4.672635170000035,-74.14450537999994
Concejo 2023,09,LOCALIDAD 9 FONTIBON,HAYUELOS CENTRO COMERCIAL,12404,1284,10.35,Centro Comercial Hayuelos,CLL 20 # 82 - 52,4.664203610000072,-74.13054683999997
Concejo 2023,09,LOCALIDAD 9 FONTIBON,HAYUELOS JUMBO,8123,764,9.41,,,,
Concejo 2023,09,LOCALIDAD 9 FONTIBON,INTEGRADO SEDE B,508,55,10.83,Colegio Distrital Integrado - Sede B,CLL 22 F # 109 B - 29,4.683119410000074,-74.14624404999995
Concejo 2023,09,LOCALIDAD 9 FONTIBON,LA ALDEA,2146,278,12.95,Salón Comunal la Aldea,CLL 22 G # 117 A - 38,4.688916000000063,-74.15002899999996
Concejo 2023,09,LOCALIDAD 9 FONTIBON,LA FELICIDAD,4537,438,9.65,Colegio Distrital La Felicidad,CLL 19 # 79 - 37,4.656356410000058,-74.13059069999997
Concejo 2023,09,LOCALIDAD 9 FONTIBON,LA GIRALDA,4678,524,11.2,Subdirección de Integración Social,CRA 104 B # 22 J - 15 /CLL 23 # 104 B - 15,4.681725340000071,-74.14173478999999
Concejo 2023,09,LOCALIDAD 9 FONTIBON,LA LAGUNA,6557,753,11.48,Colegio Distrital Pablo Neruda,CLL 16 F Bis # 102 - 70,4.672245610000061,-74.14939244999994
Concejo 2023,09,LOCALIDAD 9 FONTIBON,MODELIA REAL,3226,306,9.49,Colegio Gimnasio Modelia Real,CLL 24 D # 82 - 13 /CRA 82 # 24 C - 29 ,4.670602090000045,-74.12140295999995
Concejo 2023,09,LOCALIDAD 9 FONTIBON,MODELIA SUR,5394,498,9.23,Salón Múltiple Comunitario,CLL 25 B # 81 - 41 / CRA 81C # 24D 60,4.670049750000032,-74.11924085999993
Concejo 2023,09,LOCALIDAD 9 FONTIBON,MULTIPLAZA,4748,433,9.12,Centro Comercial Multiplaza,CLL 19 A # 72 - 57,4.653330240000059,-74.12499241999996
Concejo 2023,09,LOCALIDAD 9 FONTIBON,NAVARRA MODELIA,3284,345,10.51,Liceo Navarra,CRA 74 # 24 B - 80,4.665820000000053,-74.11706199999998
Concejo 2023,09,LOCALIDAD 9 FONTIBON,PABLO NERUDA,1013,136,13.43,Colegio Distrital Pablo Neruda Sede B,CLL 16 J # 99 - 95,4.672448640000027,-74.14642965999997
Concejo 2023,09,LOCALIDAD 9 FONTIBON,PUENTE GRANDE,2109,306,14.51,Liceo Juvenil Moravia,CRA 137 A # 17 D - 31,4.697663890000058,-74.16811639999997
Concejo 2023,09,LOCALIDAD 9 FONTIBON,PUERTA DE TEJA,1406,133,9.46,Colegio Distrital Costa Rica - Sede C,CLL 25 C Bis B # 96 - 56,4.6821795600000655,-74.12699895999998
Concejo 2023,09,LOCALIDAD 9 FONTIBON,RECODO,3995,471,11.79,Salón Social Conjunto Residencial Fontibón Reservado,CLL 14 B # 119 A - 17,4.680477450000069,-74.16613786999994
Concejo 2023,09,LOCALIDAD 9 FONTIBON,SALITRE PLAZA,11067,973,8.79,Centro Comercial Salitre Plaza,CRA 68 B # 24 - 39,4.652714740000022,-74.10918051999994
Concejo 2023,09,LOCALIDAD 9 FONTIBON,SAN JOSE,697,82,11.76,Colegio Privado Parroquial San José ,CRA 100 # 24 - 60 ,4.681714740000075,-74.13355040999994
Concejo 2023,09,LOCALIDAD 9 FONTIBON,SAN PABLO LA PERLA,3237,355,10.97,Colegio Distrital Antonio Van Üden,CLL 17 D # 123 B - 37,4.688993230000051,-74.15887106999998
Concejo 2023,09,LOCALIDAD 9 FONTIBON,SANTA CECILIA - MODELIA,4513,428,9.48,Colegio Distrital Santa Cecilia,CLL 25 B # 83 - 14,4.671957660000032,-74.12063458999995
Concejo 2023,09,LOCALIDAD 9 FONTIBON,SANTA TERESA CENTRO,2248,260,11.57,Colegio Santa Teresa Centro,CRA 99 # 19 -72,4.6737940000000435,-74.14252299999998
Concejo 2023,09,LOCALIDAD 9 FONTIBON,TREBOLIS,1383,108,7.81,Centro Comercial Trebolis,CRA 90 # 17 - 95 /Cl 19A # 91 - 05,4.66585292000002,-74.13645248999995
Concejo 2023,09,LOCALIDAD 9 FONTIBON,TRES ELEFANTES- LA ESPERANZA,3457,369,10.67,,,,
Concejo 2023,09,LOCALIDAD 9 FONTIBON,TRES ESTANCIAS,1747,205,11.73,Salón Comunal Tres Estancias,CLL 15 # 119 - 14 /CLL 15 # 119 A - 90,4.68281458000007,-74.16417605999999
Concejo 2023,09,LOCALIDAD 9 FONTIBON,VAN UDEN CALLE 13,691,116,16.79,,,,
Concejo 2023,09,LOCALIDAD 9 FONTIBON,VERACRUZ,6170,697,11.3,Colegio Distrital República de Costa Rica - Sede C,CRA 101 # 23 - 42,4.679446400000074,-74.13770941999996
Concejo 2023,09,LOCALIDAD 9 FONTIBON,VERSALLES,7761,923,11.89,Colegio Distrital Internacional,CRA 112 # 23 - 05,4.686837270000069,-74.14523521999996
Concejo 2023,09,LOCALIDAD 9 FONTIBON,VILLA ANDREA,455,78,17.14,Jardín Infantil Villa Andrea,CLL 17 C # 134 - 70 Manzana 1 ,4.695402260000037,-74.16663541999998
Concejo 2023,09,LOCALIDAD 9 FONTIBON,VILLEMAR,7501,895,11.93,Colegio Distrital Villemar El Carmen,CLL 20 D # 96 G - 51,4.6725942300000725,-74.13918464999995
Concejo 2023,09,LOCALIDAD 9 FONTIBON,ZONA FRANCA,8804,1297,14.73,Colegio Distrital Carlo Federici,CLL 14 A # 108 - 78,4.671739570000057,-74.15965762999997
Concejo 2023,10,LOCALIDAD 10 ENGATIVA,ALCALA SEDE B,431,48,11.14,Colegio Distrital Nestor Forero Alcala Sede B,DIAG 70 # 70 - 40,4.681993060000025,-74.09316965999994
Concejo 2023,10,LOCALIDAD 10 ENGATIVA,ALMAZAN ENGATIVA,6814,950,13.94,,,,
Concejo 2023,10,LOCALIDAD 10 ENGATIVA,BACHUE,8601,1237,14.38,Colegio Técnico Distrital Laureano Gómez - Sede B,CLL 90 A # 95 D - 56,4.718635630000051,-74.10182822999997
Concejo 2023,10,LOCALIDAD 10 ENGATIVA,BACHUE II - BOCHICA I,4394,604,13.75,Sede Social Edificio Comunal Bochica 1,CLL 83 # 95 D - 04,4.712395780000065,-74.10589612999996
Concejo 2023,10,LOCALIDAD 10 ENGATIVA,BOCHICA,10956,1588,14.49,Centro Comercial Portal 80,TRV 100A # 80A - 20 / AV CLL 80 # 100 - 50,4.710570740000037,-74.11216228999996
Concejo 2023,10,LOCALIDAD 10 ENGATIVA,BOLIVIA,6024,789,13.1,Colegio Distrital Rodolfo Llinas,CRA 103 D # 86 A - 72,4.719820000000027,-74.10831499999995
Concejo 2023,10,LOCALIDAD 10 ENGATIVA,BONANZA,7126,845,11.86,Colegio Distrital Técnico República de Guatemala,CLL 78 Bis # 69T - 45,4.6901322000000505,-74.08685264999997
Concejo 2023,10,LOCALIDAD 10 ENGATIVA,BOSQUE POPULAR,4808,700,14.56,Colegio Distrital Instituto Técnico Industrial Francisco Jose de Caldas - Sede A,CRA 68 F # 63 B - 02,4.668805920000068,-74.09538259999994
Concejo 2023,10,LOCALIDAD 10 ENGATIVA,BOSQUES DE MARIANA,623,60,9.63,Salón Comunal Bosques de Mariana,CRA 107 B Bis # 70 F - 50,4.707854480000037,-74.12430788999995
Concejo 2023,10,LOCALIDAD 10 ENGATIVA,BOYACA,5273,648,12.29,Colegio Distrital Manuela Ayala de Gaitán - Sede A,CLL 71 # 75 - 11,4.688139070000034,-74.09952888999999
Concejo 2023,10,LOCALIDAD 10 ENGATIVA,CENTRO COMERCIAL NUESTRO BOGOTA,1818,186,10.23,Centro Comercial Nuestro Bogotá,AV CRA 86 # 55 A - 75,4.683601320000037,-74.11529593999995
Concejo 2023,10,LOCALIDAD 10 ENGATIVA,CENTRO COMERCIAL PUNTO 72,1459,208,14.26,Centro Comercial Punto 72,CLL 72 A # 86 - 49 Parqueadero,4.696919330000071,-74.10605957999996
Concejo 2023,10,LOCALIDAD 10 ENGATIVA,CENTRO EDUCATIVO SCALAS,736,105,14.27,Centro Educativo Scalas,CRA 82 # 68 B - 09,4.6900148100000365,-74.10620783999997
Concejo 2023,10,LOCALIDAD 10 ENGATIVA,CIUDAD DE HONDA,1216,170,13.98,Colegio Distrital Instituto Técnico industrial Francisco José de Caldas - Sede B,CLL 64 F Bis # 68 G - 16,4.672932560000049,-74.09349927999995
Concejo 2023,10,LOCALIDAD 10 ENGATIVA,CIUDADELA COLSUBSIDIO,10263,1398,13.62,Colegio Centro Educativo Integral Colsubsidio,CLL 83 # 110 - 58,4.720811410000067,-74.11391556999996
Concejo 2023,10,LOCALIDAD 10 ENGATIVA,COLEGIO COPES,1014,132,13.02,Colegio Pedagógico del Espíritu Santo,CLL 72 # 102 - 23 / AV CLL 72 # 102 - 23,4.7049842100000205,-74.11810398999995
Concejo 2023,10,LOCALIDAD 10 ENGATIVA,COLEGIO LESTONAC,717,103,14.37,Colegio Privado Centro Lestonac Compañía de María,CRA 87 A # 84 A - 81,4.7080329600000255,-74.09906523999996
Concejo 2023,10,LOCALIDAD 10 ENGATIVA,COLEGIO NORTE ADVENTISTA,391,42,10.74,Colegio Adventista del Norte,CRA 70 G # 71 - 04,4.683743500000048,-74.09436380999995
Concejo 2023,10,LOCALIDAD 10 ENGATIVA,COLEGIO RR OBLATAS AL DIVINO AMOR,348,49,14.08,Colegio Privado RR Oblatas Al Divino Amor,CRA 71 B # 52 - 30,4.66938293000004,-74.10683512999998
Concejo 2023,10,LOCALIDAD 10 ENGATIVA,COMUNIDAD COLEGIO FE Y ALEGRIA,568,84,14.79,Colegio Distrital Fe y Alegría,CRA 105 A # 74 A - 15,4.708199280000031,-74.11897248999998
Concejo 2023,10,LOCALIDAD 10 ENGATIVA,DIVERPLAZA,8998,1175,13.06,Centro Comercial Diverplaza,TRV 99 Bis # 70A - 89 / AV CRA 96 # 70A - 89,4.7001410000000305,-74.11511199999995
Concejo 2023,10,LOCALIDAD 10 ENGATIVA,EL CEDRO,1285,160,12.45,Colegio Distrital Charry,CRA 109 A # 77 A - 16 /CRA 108 # 77 - 21 ,4.713627000000031,-74.12015899999994
Concejo 2023,10,LOCALIDAD 10 ENGATIVA,EL CORTIJO,8774,1110,12.65,,,,
Concejo 2023,10,LOCALIDAD 10 ENGATIVA,EL ENCANTO,1862,250,13.43,Salón Comunal de Villaluz,CRA 77 A # 64 B - 03,4.681729460000042,-74.10735812999997
Concejo 2023,10,LOCALIDAD 10 ENGATIVA,EL GUALI,2436,377,15.48,Colegio Cafam Básica Primaria,AV CLL 64 C # 68 F - 29,4.671215580000023,-74.09435405999994
Concejo 2023,10,LOCALIDAD 10 ENGATIVA,EL LUJAN,5775,731,12.66,Colegio Distrital Robert Kennedy - Sede A,AV Boyacá # 64 H - 39 /AV CRA 72 # 64 H - 39,4.678894770000056,-74.10148869999995
Concejo 2023,10,LOCALIDAD 10 ENGATIVA,EL MORISCO,3196,397,12.42,Colegio Distrital Morisco,DIAG 83 # 73 - 12 / DIAG 83 # 73 A - 12 ,4.705155590000061,-74.09038496999995
Concejo 2023,10,LOCALIDAD 10 ENGATIVA,EL MUELLE,8789,1163,13.23,Colegio Colsubsidio Las Mercedes,CRA 105 D # 66 A - 15 /CRA 105 F # 66 - 33,4.700289140000052,-74.12521383999996
Concejo 2023,10,LOCALIDAD 10 ENGATIVA,EL REAL,606,71,11.72,Colegio Distrital Robert Kennedy Sede B,CLL 65 A # 76 - 53,4.68314016000005,-74.10434446999994
Concejo 2023,10,LOCALIDAD 10 ENGATIVA,ENGATIVA,9492,1256,13.23,Colegio Distrital General Santander,CRA 123 # 65 A - 03 / CLL 65A # 123 - 38,4.716288230000032,-74.14095823999997
Concejo 2023,10,LOCALIDAD 10 ENGATIVA,FERIAS II,3342,451,13.49,Colegio Distrital Juán del Corral - Sede A,CRA 69 B # 79 A - 42,4.686961490000044,-74.08190080999998
Concejo 2023,10,LOCALIDAD 10 ENGATIVA,FLORENCIA,2570,305,11.87,Colegio Distrital Nidia Quintero de Turbay - Sede B,DIAG 74 B # 87 - 40,4.69956811000003,-74.10526331999995
Concejo 2023,10,LOCALIDAD 10 ENGATIVA,GARCES NAVAS,8947,1266,14.15,Colegio Distrital Nueva Constitución,CRA 107 B # 74 B - 31,4.711136510000074,-74.12207203999998
Concejo 2023,10,LOCALIDAD 10 ENGATIVA,GIMNASIO SANTA MARIA DEL ALCAZAR,255,28,10.98,Gimnasio Santa Maria del Alcazar,CRA 79 # 64 C - 48,4.68351221000006,-74.10817359999999
Concejo 2023,10,LOCALIDAD 10 ENGATIVA,GRAN GRANADA,10897,1301,11.94,Costado Almacén Éxito de Occidente,CRA 114 A # 78 B -85 /AV CRA 114 # 78 B - 80,4.72099436000002,-74.12272130999997
Concejo 2023,10,LOCALIDAD 10 ENGATIVA,LA CABAÑA,2560,347,13.55,Colegio Distrital Marco Tulio Fernández - Sede A,CLL 63 B # 71 A - 16,4.67429616000004,-74.10219662999998
Concejo 2023,10,LOCALIDAD 10 ENGATIVA,LA CLARITA,1419,180,12.68,Salón Comunal Barrio La Clarita,CRA 83 # 70 - 15,4.6921672100000364,-74.10575418999997
Concejo 2023,10,LOCALIDAD 10 ENGATIVA,LA ESPAÑOLA,3719,459,12.34,Colegio Distrital Jorge Gaitán Cortés - Sede A,CRA 82 A # 82 D - 34 / CRA 82 A # 82 D - 40,4.703375860000051,-74.09653854999993
Concejo 2023,10,LOCALIDAD 10 ENGATIVA,LA ESTRADA,4820,680,14.11,Colegio Distrital República de Colombia - Sede B,CRA 69 C # 69 - 20,4.678782290000072,-74.09152579999994
Concejo 2023,10,LOCALIDAD 10 ENGATIVA,LA ESTRADITA,6357,857,13.48,Colegio Distrital República de Colombia - Sede A,CLL 68 # 69 - 10,4.6774213400000235,-74.09156635999994
Concejo 2023,10,LOCALIDAD 10 ENGATIVA,LA EUROPA,2415,274,11.35,Colegio Distrital Néstor Forero Alcalá - Sede A,CRA 70 C Bis # 71 - 33,4.6838089900000455,-74.09357474999996
Concejo 2023,10,LOCALIDAD 10 ENGATIVA,LA FAENA,446,60,13.45,Colegio Distrital General Santander Sede C,CRA 122 A Bis # 69 C - 21,4.717575450000027,-74.13791882999993
Concejo 2023,10,LOCALIDAD 10 ENGATIVA,LA FLORIDA,3998,462,11.56,Colegio Manyanet,CRA 89 # 68 A - 36 /CRA 89 # 68 A - 32,4.692899560000058,-74.11058796999998
Concejo 2023,10,LOCALIDAD 10 ENGATIVA,LA GRANJA,4349,575,13.22,Colegio Distrital San José Norte - Sede A,CRA 84 # 75 A - 09,4.698713440000063,-74.10180744999997
Concejo 2023,10,LOCALIDAD 10 ENGATIVA,LA PALESTINA,841,116,13.79,Colegio Distrital La Palestina Sede A - Centro de Estudios del Niño,CRA 76 # 79 - 40,4.697159640000052,-74.09355299999999
Concejo 2023,10,LOCALIDAD 10 ENGATIVA,LA SALINA,6125,753,12.29,Colegio Distrital Florida Blanca - Sede A,CLL 70 A # 94 - 38,4.697956260000069,-74.11402122999993
Concejo 2023,10,LOCALIDAD 10 ENGATIVA,LA SERENA,3218,361,11.22,Colegio Distrital Simón Bolívar - Sede B,CRA 85 # 88 - 99 / CRA 85 # 88 - 91,4.708631880000041,-74.09499902999994
Concejo 2023,10,LOCALIDAD 10 ENGATIVA,LAS FERIAS,3699,429,11.6,Colegio Distrital Naciones Unidas - Sede C,CLL 73 Bis # 68 G - 27,4.68068259000006,-74.08716270999997
Concejo 2023,10,LOCALIDAD 10 ENGATIVA,LEON VALENCIA,289,49,16.96,Colegio Distrital Guillermo León Valencia,CRA 93 A # 75 B - 80 /CRA 92 # 75C - 31,4.704311300000029,-74.10861135999994
Concejo 2023,10,LOCALIDAD 10 ENGATIVA,LOS ALAMOS,4394,600,13.65,"Colegio Cooperativo Los Álamos - \""COALAMOS\""",CLL 66 A # 97 A - 15,4.69570563000002,-74.11978794999999
Concejo 2023,10,LOCALIDAD 10 ENGATIVA,LOS ALAMOS NORTE,5658,741,13.1,Colegio Distrital Garces Navas Sede A,CRA 104 A # 76 B - 09,4.710317150000037,-74.11737051999995
Concejo 2023,10,LOCALIDAD 10 ENGATIVA,LOS CEREZOS,2843,433,15.23,Polideportivo,TRV 87 A # 83 A - 48,4.706390360000057,-74.10015043999994
Concejo 2023,10,LOCALIDAD 10 ENGATIVA,MARGARITA BOSCO,2455,261,10.63,Colegio Margarita Bosco,AV CLL 63 # 73 A - 44,4.676707800000031,-74.10595588999996
Concejo 2023,10,LOCALIDAD 10 ENGATIVA,MINUTO DE DIOS,6732,881,13.09,Colegio Minuto de Dios,TRV 74 # 81 C - 05,4.698129250000022,-74.09033767999995
Concejo 2023,10,LOCALIDAD 10 ENGATIVA,MORTIÑO,1502,196,13.05,Salón Comunal,CLL 75 # 110 A - 23,4.713081740000064,-74.12370080999995
Concejo 2023,10,LOCALIDAD 10 ENGATIVA,NACIONES UNIDAS SEDE B,566,73,12.9,Colegio Distrital Naciones Unidas Sede B,CLL 73 A # 69 J - 10,4.684366280000063,-74.08858584999996
Concejo 2023,10,LOCALIDAD 10 ENGATIVA,NORMANDIA,6579,804,12.22,Colegio Privado Instituto Técnico Industrial Centro Don Bosco,DIAG 44 # 69 - 96,4.6619574000000625,-74.10790264999997
Concejo 2023,10,LOCALIDAD 10 ENGATIVA,PALO BLANCO,1293,157,12.14,Colegio Gimnasio El Lago,CLL 74 A # 73 A - 85,4.691378000000043,-74.09556699999996
Concejo 2023,10,LOCALIDAD 10 ENGATIVA,PARIS GAITAN,662,97,14.65,Colegio Distrital Jorge Gaitán Sede B,CRA 84 # 83 - 71,4.704805790000023,-74.09788413999996
Concejo 2023,10,LOCALIDAD 10 ENGATIVA,PARQUE SAN ANDRES,2331,302,12.96,Coliseo Parque San Andrés,CLL 82 # 100 A - 91,4.713394110000024,-74.11002009999999
Concejo 2023,10,LOCALIDAD 10 ENGATIVA,PLAZUELAS DEL VIRREY,4260,464,10.89,Salón Comunal Urbanización Plazuelas del Virrey,CLL 70 A # 105 G - 23 / CLL 70 # 105 F - 28,4.704557270000066,-74.12330064999998
Concejo 2023,10,LOCALIDAD 10 ENGATIVA,PRIMAVERA,1437,225,15.66,Colegio Distrital Simón Bolívar Sede A,CRA 92 # 87 A - 60,4.71113863000005,-74.10000221999996
Concejo 2023,10,LOCALIDAD 10 ENGATIVA,QUIRIGUA,6876,803,11.68,Colegio Distrital República de China,CRA 92 # 82 - 20,4.707612070000039,-74.10385843999995
Concejo 2023,10,LOCALIDAD 10 ENGATIVA,QUIRIGUA (PLAZA DE MERCADO),5559,720,12.95,,,,
Concejo 2023,10,LOCALIDAD 10 ENGATIVA,SALON COMUNAL ALAMOS,941,131,13.92,Salón Comunal Álamos,CLL 66 A # 97 - 64 /CLL 66 A # 97 A - 34 ,4.696324620000041,-74.11943141999996
Concejo 2023,10,LOCALIDAD 10 ENGATIVA,SALON COMUNAL EL VERDUM,499,67,13.43,Salón Comunal El Verdum,CRA 110 C # 64 D - 03,4.702437300000042,-74.13120749999996
Concejo 2023,10,LOCALIDAD 10 ENGATIVA,SALON COMUNAL PROTECHO VILLA AMALIA,2421,339,14.0,Salón Comunal Protecho Villa Amalia,AV CLL 72 # 110 - 13,4.71060631000006,-74.12517638999998
Concejo 2023,10,LOCALIDAD 10 ENGATIVA,SAN IGNACIO,1484,177,11.93,Colegio Distrital Marco Tulio Fernández - Sede D,TRV 76 B # 51 A - 57 /CRA 75 # 51 A - 69,4.673938040000053,-74.11170780999998
Concejo 2023,10,LOCALIDAD 10 ENGATIVA,SAN JOAQUIN,709,97,13.68,Colegio Distrital República de Colombia Sede C,CRA 68 H # 71 A - 01 /CRA 69 # 71 - 16 ,4.680191000000036,-74.08902699999999
Concejo 2023,10,LOCALIDAD 10 ENGATIVA,SAN MARCOS,6794,835,12.29,Colegio Distrital Antonio Nariño - Sede A,CRA 77 A # 67 - 17,4.685961510000027,-74.10397212999999
Concejo 2023,10,LOCALIDAD 10 ENGATIVA,SANTA CECILIA,2071,214,10.33,Salón Comunal,CLL 52 A Bis # 78 - 35 /TRV 85 # 52 A - 70,4.677248620000057,-74.11305604999995
Concejo 2023,10,LOCALIDAD 10 ENGATIVA,SANTA HELENITA,6068,759,12.51,Colegio Distrital Manuela Ayala de Gaitán - Sede B,CRA 78 # 69 A - 11,4.688928770000075,-74.10337860999994
Concejo 2023,10,LOCALIDAD 10 ENGATIVA,SANTA ROSITA,8481,1013,11.94,Colegio Distrital Nidia Quintero de Turbay - Sede A,CLL 75 # 90 - 75,4.701727640000058,-74.10789105999999
Concejo 2023,10,LOCALIDAD 10 ENGATIVA,SIDAUTO,134,20,14.93,Colegio Distrital Jorge Gaitán Sede A,CRA 89 A # 86 - 38,4.709017950000032,-74.09904223999996
Concejo 2023,10,LOCALIDAD 10 ENGATIVA,SOLEDAD NORTE,526,77,14.64,Colegio Distrital San José Norte Sede B,CRA 83 # 73 A - 80 / CLL 74 # 82 - 37,4.696039770000027,-74.10230599999994
Concejo 2023,10,LOCALIDAD 10 ENGATIVA,STA. MARIA DEL LAGO,3242,362,11.17,,,,
Concejo 2023,10,LOCALIDAD 10 ENGATIVA,TABORA,6036,802,13.29,Colegio Distrital Tabora - Sede A,CRA 77 B # 74 A - 02 / CRA 77 B # 74 - 02,4.693789440000046,-74.09808772999997
Concejo 2023,10,LOCALIDAD 10 ENGATIVA,TISQUESUSA,1064,129,12.12,Salón Comunal,DIAG 82 B # 79 - 10,4.702307460000043,-74.09468948999995
Concejo 2023,10,LOCALIDAD 10 ENGATIVA,TORQUIGUA,4208,647,15.38,Colegio Colsubsidio Torquigua,CLL 64 # 128 - 50,4.7217498400000295,-74.14340952999999
Concejo 2023,10,LOCALIDAD 10 ENGATIVA,UNICENTRO DE OCCIDENTE,7103,995,14.01,Centro Comercial Unicentro de Occidente,CRA 111 C # 86 - 05,4.722981320000031,-74.11353946999998
Concejo 2023,10,LOCALIDAD 10 ENGATIVA,UNIMINUTO ESCUELA DE CONVENCIONES,862,113,13.11,Universidad Minuto de Dios,CLL 89 # 87 A - 50,4.710749700000065,-74.09691178999998
Concejo 2023,10,LOCALIDAD 10 ENGATIVA,UNIVERSIDAD UDCA,507,63,12.43,Universidad De Ciencias Aplicadas Y Ambientales - U.D.C.A.,AV Boyacá # 66 A - 61,4.681667960000027,-74.09924365999996
Concejo 2023,10,LOCALIDAD 10 ENGATIVA,VILLA AMALIA,6640,854,12.86,Colegio Distrital Villa Amalia,CRA 110 B # 71 C - 45 /CLL 71 C # 110 B - 21,4.710598490000052,-74.12630134999995
Concejo 2023,10,LOCALIDAD 10 ENGATIVA,VILLA CONSTANZA,1354,138,10.19,Salón Comunal,CLL 70 C # 111 - 15,4.708291400000064,-74.12846495999997
Concejo 2023,10,LOCALIDAD 10 ENGATIVA,VILLA GLADYS,4709,544,11.55,Colegio Distrital Antonio Villavicencio - Sede A,CLL 65 # 112 A - 39,4.705067450000058,-74.13430697999996
Concejo 2023,10,LOCALIDAD 10 ENGATIVA,VILLA LUZ,6195,695,11.22,,,,
Concejo 2023,10,LOCALIDAD 10 ENGATIVA,VILLAS DE GRANADA,7949,990,12.45,Colegio Distrital Los Cerezos,CLL 72 F # 114 - 51,4.716057360000036,-74.12971919999995
Concejo 2023,10,LOCALIDAD 10 ENGATIVA,ZARZAMORA,3680,424,11.52,Sede Social Conjunto Zarzamora CAFAM,CLL 71 B # 88 - 35,4.696281940000063,-74.10797801999996
Concejo 2023,11,LOCALIDAD 11 SUBA,ALBERTO LLERAS CAMARGO - IED,8366,1011,12.08,Colegio Distrital Alberto Lleras Camargo,CRA 111 A # 139 - 88,4.744081450000067,-74.10211914999996
Concejo 2023,11,LOCALIDAD 11 SUBA,ALMACEN ÉXITO LA COLINA,11185,635,5.68,Almacén Éxito la Colina,AV CLL 147 con AV CRA 72 /AV CLL 147 # 58 C - 91,4.734711480000044,-74.06607258999998
Concejo 2023,11,LOCALIDAD 11 SUBA,ALVARO GOMEZ HURTADO SEDE A - IED,8680,1212,13.96,Colegio Distrital Álvaro Gómez Hurtado,CRA 100 A # 130 - 18,4.730444500000033,-74.09685049999996
Concejo 2023,11,LOCALIDAD 11 SUBA,ALVARO GOMEZ HURTADO SEDE B - IED,901,128,14.21,Colegio Distrital Álvaro Gómez Hurtado Sede B,CLL 133 # 98 B -24,4.735261970000067,-74.09337569999997
Concejo 2023,11,LOCALIDAD 11 SUBA,ARTURO CALLE TORRE EMPRESARIAL,3898,255,6.54,,,,
Concejo 2023,11,LOCALIDAD 11 SUBA,BIBLIOTECA JULIO MARIO SANTODOMINGO,5732,556,9.7,,,,
Concejo 2023,11,LOCALIDAD 11 SUBA,CARULLA RINCON DE LA COLINA,5166,326,6.31,Parqueadero Carulla Rincón de la Colina,AV CRA 72 # 152 B - 60,4.740540440000075,-74.06500450999994
Concejo 2023,11,LOCALIDAD 11 SUBA,CASABLANCA SUBA,2011,173,8.6,Parque Casablanca,CLL 146 B # 78 - 51,4.7380403700000215,-74.07585598999998
Concejo 2023,11,LOCALIDAD 11 SUBA,CC PARQUE LA COLINA,11535,831,7.2,Centro Comercial Parque La Colina,CRA 58 D # 146 - 51,4.73251625000006,-74.06549086999996
Concejo 2023,11,LOCALIDAD 11 SUBA,CC PORTOALEGRE,1352,83,6.14,Centro Comercial Portoalegre,CRA 58 # 137 B - 01,4.727719510000043,-74.06481701999996
Concejo 2023,11,LOCALIDAD 11 SUBA,CENTRO COMERCIAL BIMA,467,22,4.71,Centro Comercial BIMA,Autopista Norte # 232 - 35,4.806448270000033,-74.03807321999994
Concejo 2023,11,LOCALIDAD 11 SUBA,CENTRO COMERCIAL BULEVAR NIZA,9598,712,7.42,Parqueadero Centro Comercial Bulevar Niza,AV CLL 127 # 58 - 58,4.711594590000061,-74.07167952999998
Concejo 2023,11,LOCALIDAD 11 SUBA,CENTRO COMERCIAL CENTRO SUBA,9448,1289,13.64,Centro Comercial Centro Suba ,CLL 145 # 91 - 19,4.737655940000025,-74.08555758999995
Concejo 2023,11,LOCALIDAD 11 SUBA,CENTRO COMERCIAL FIESTA SUBA,6564,942,14.35,,,,
Concejo 2023,11,LOCALIDAD 11 SUBA,CENTRO COMERCIAL MAZUREN,7697,570,7.41,Parqueadero Centro Comercial Mazurén,CRA 46 # 152 - 46,4.736490340000046,-74.05005201999995
Concejo 2023,11,LOCALIDAD 11 SUBA,CENTRO COMERCIAL PASEO SAN RAFAEL,11363,682,6.0,Parqueadero Centro Comercial Paseo San Rafael,AV CLL 134 # 55 - 30/AV CLL 134 # 55 - 32,4.723020990000066,-74.06227483999999
Concejo 2023,11,LOCALIDAD 11 SUBA,CENTRO COMERCIAL PLAZA IMPERIAL,9558,1417,14.83,Centro Comercial Plaza Imperial,CRA 104 # 148 - 07,4.74869891000003,-74.09552226999995
Concejo 2023,11,LOCALIDAD 11 SUBA,CENTRO COMERCIAL SANTAFE,7379,766,10.38,Centro Comercial Santafé,CLL 185 # 45 - 03,4.763219530000072,-74.04545498999994
Concejo 2023,11,LOCALIDAD 11 SUBA,CHORRILLOS,135,14,10.37,Colegio Distrital Nicolás Buenaventura Sede B,Kilometro 7 Via Suba - Cota,4.784889000000021,-74.09125699999998
Concejo 2023,11,LOCALIDAD 11 SUBA,COLEGIO CARO Y CUERVO,3316,295,8.9,Colegio Externado Caro y Cuervo,CLL 150 A # 50 - 57,4.733372490000022,-74.05360009999998
Concejo 2023,11,LOCALIDAD 11 SUBA,COLEGIO CELESTIN FREINET,4232,485,11.46,Colegio Celestin Freinet,CLL 136 # 136A - 12,4.74543379000005,-74.11433532999996
Concejo 2023,11,LOCALIDAD 11 SUBA,COLEGIO DEL BOSQUE,376,37,9.84,Colegio del Bosque - Universidad Antonio Nariño - Sede Bachillerato,CRA 65 # 170 - 20,4.757163280000043,-74.06019419999996
Concejo 2023,11,LOCALIDAD 11 SUBA,COLEGIO EUCARISTICO MERCEDARIO,4378,517,11.81,Colegio Eucarístico Mercedario,CLL 137 # 91 - 61 /CRA 91 # 136 - 53 ,4.7353330000000255,-74.08655299999998
Concejo 2023,11,LOCALIDAD 11 SUBA,COLEGIO HELVETIA,966,72,7.45,Colegio Privado Helvetia,CLL 128 # 71 A - 91,4.715101360000062,-74.07644961999995
Concejo 2023,11,LOCALIDAD 11 SUBA,COLEGIO HIJAS DE CRISTO REY,10574,622,5.88,,,,
Concejo 2023,11,LOCALIDAD 11 SUBA,COLEGIO JOHN DEWEY,1135,87,7.67,Colegio John Dewey,TRV 54 # 111 - 85,4.69878041000004,-74.06397834999996
Concejo 2023,11,LOCALIDAD 11 SUBA,COLEGIO LA KHUMBRE,1207,29,2.4,Colegio Privado la Khumbre,KM 16 Vía Guaymaral Finca Cucaita,4.823891890000027,-74.07350944999996
Concejo 2023,11,LOCALIDAD 11 SUBA,COLEGIO MARYMOUNT,2543,150,5.9,Fundación Colegio Marymount,CLL 169 B # 74 A - 02,4.755702270000029,-74.06644191999999
Concejo 2023,11,LOCALIDAD 11 SUBA,COLEGIO MAXIMINO POITIERS,6771,804,11.87,Colegio Máximino Poitiers,CLL 152 A # 102 - 51 / CL 152A # 102B - 51,4.751536060000035,-74.09098673999995
Concejo 2023,11,LOCALIDAD 11 SUBA,COLEGIO PEDAGOGICO DULCE MARIA,4448,630,14.16,Colegio Privado Pedagógico Dulce Maria,TRV 127 C # 139 B - 48,4.746610000000032,-74.10824099999996
Concejo 2023,11,LOCALIDAD 11 SUBA,COLEGIO RAFAEL MAYA,1211,184,15.19,Colegio Rafael Maya,CLL 134A # 147C - 07,4.745221420000064,-74.11884996999999
Concejo 2023,11,LOCALIDAD 11 SUBA,COLEGIO SAN JOSE DE CALASANZ,4516,478,10.58,Colegio San José de Calasanz,CLL 129 # 88B - 35,4.72303026000003,-74.08824495999994
Concejo 2023,11,LOCALIDAD 11 SUBA,COLEGIO SANTA ISABEL DE HUNGRIA,3924,435,11.09,,,,
Concejo 2023,11,LOCALIDAD 11 SUBA,COLEGIO SANTIAGO ALBERIONI,805,63,7.83,Colegio Santiago Alberioni,CRA 62 # 169 A - 14,4.75328458000007,-74.05983302999994
Concejo 2023,11,LOCALIDAD 11 SUBA,COLEGIO VISTA BELLA,2100,233,11.1,Colegio Vista Bella,CRA 58 # 167 - 20 / AV CRA 58 # 167 - 20,4.7500991600000475,-74.05878125999999
Concejo 2023,11,LOCALIDAD 11 SUBA,COLSUBSIDIO MAZUREN,5426,454,8.37,Colsubsidio Mazuren,CLL 152 # 53 A - 05,4.735384150000073,-74.05456045999995
Concejo 2023,11,LOCALIDAD 11 SUBA,COMPARTIR SEDE A - IED,9591,1399,14.59,Institución Educativa Compartir Suba,CRA 128 # 146 - 52,4.755286720000072,-74.10601314999997
Concejo 2023,11,LOCALIDAD 11 SUBA,COMPARTIR SEDE B IED,1463,152,10.39,Colegio Distrital Compartir Sede B,CLL 149 # 117 - 35,4.753361160000054,-74.10429047999997
Concejo 2023,11,LOCALIDAD 11 SUBA,DELIA ZAPATA OLIVELLA - IED,5832,707,12.12,Colegio Distrital Delia Zapata Olivella,CLL 144 C # 141 A - 51,4.753137340000023,-74.11330964999996
Concejo 2023,11,LOCALIDAD 11 SUBA,DON BOSCO - IED,8997,1252,13.92,Centro Educativo Distrital Don Bosco V,CLL 143 A # 118 - 50,4.7504136000000585,-74.10748214999995
Concejo 2023,11,LOCALIDAD 11 SUBA,EL BATAN,2835,176,6.21,Parque El Batán,CLL 123 A # 47 - 34 /CRA 50 # 123 A - 30,4.704806290000022,-74.05702319999995
Concejo 2023,11,LOCALIDAD 11 SUBA,EL SALITRE SEDE C - IED,6517,688,10.56,Colegio Distrital El Salitre Suba - Sede C,CRA 92 # 152 A - 52,4.749192490000041,-74.08305400999996
Concejo 2023,11,LOCALIDAD 11 SUBA,FE Y ALEGRIA JOSE MARIA VELAZ - IED,5034,823,16.35,Colegio Fe y Alegría,CRA 131 # 134 - 44 / CRA 131 # 133 - 44,4.744508040000028,-74.11245527999995
Concejo 2023,11,LOCALIDAD 11 SUBA,FILARMONICO JORGE MARIO BERGOGLIO - IED,3629,471,12.98,Colegio Distrital Jorge Mario Bergoglio,CLL 143 A #113 C - 51 /CRA 113C # 142B - 21,4.748823000000073,-74.10339899999997
Concejo 2023,11,LOCALIDAD 11 SUBA,FLORESTA NORTE-JULIO FLOREZ,4340,399,9.19,,,,
Concejo 2023,11,LOCALIDAD 11 SUBA,FLORESTA OUTLET,4278,354,8.27,Centro Comercial Outlet La Floresta,CRA 69 # 98 A - 45,4.691381540000066,-74.07476324999999
Concejo 2023,11,LOCALIDAD 11 SUBA,FUNDACION SAN FELIPE NERI,860,83,9.65,Fundación San Felipe Neri,CRA 90 # 149 - 73,4.746206000000029,-74.08295499999997
Concejo 2023,11,LOCALIDAD 11 SUBA,FUNDACION UNIVERSITARIA LUIS AMIGO,3677,275,7.48,,,,
Concejo 2023,11,LOCALIDAD 11 SUBA,GERARDO MOLINA RAMIREZ - IED,7399,1158,15.65,Colegio Distrital Gerardo Molina Ramírez,CRA 143 #142 A - 62,4.748668000000066,-74.11538399999995
Concejo 2023,11,LOCALIDAD 11 SUBA,GERARDO PAREDES - IED,9001,1223,13.59,Colegio Distrital Gerardo Paredes - Sede A,CRA 94 C # 129 A - 04,4.7258705700000405,-74.09362808999998
Concejo 2023,11,LOCALIDAD 11 SUBA,GONZALO ARANGO - IED,4053,628,15.49,Colegio Distrital Gonzalo Arango,CLL 130 A # 98 - 71 ,4.729812320000065,-74.09492314999994
Concejo 2023,11,LOCALIDAD 11 SUBA,HUNZA SEDE A - IED,622,111,17.85,Colegio Distrital Hunza - Sede A,CRA 84 A # 129 A - 40,4.723360860000071,-74.08334342999996
Concejo 2023,11,LOCALIDAD 11 SUBA,HUNZA SEDE B - IED,1779,189,10.62,Colegio Distrital Hunza - Sede B,CLL 128 B # 87 D - 05,4.720686160000071,-74.08725561999995
Concejo 2023,11,LOCALIDAD 11 SUBA,INSTITUTO SAN BASILIO,1069,162,15.15,Instituto San Basilio,CLL 136A # 152A -77,4.7438964500000225,-74.12456901999997
Concejo 2023,11,LOCALIDAD 11 SUBA,JUAN LOZANO Y LOZANO SEDE B - IED,1866,289,15.49,Colegio Distrital Juan Lozano y Lozano Sede B,CRA 99 # 154 - 26,4.753495720000046,-74.08667297999995
Concejo 2023,11,LOCALIDAD 11 SUBA,LA ALHAMBRA CARULLA,7926,356,4.49,,,,
Concejo 2023,11,LOCALIDAD 11 SUBA,LA CONEJERA,1104,163,14.76,Colegio Distrital Salitre Sede B,CLL 163 # 92 - 96 / CRA 92 # 169 B - 60,4.759968360000073,-74.07711754999997
Concejo 2023,11,LOCALIDAD 11 SUBA,LA GAITANA SEDE A - IED,6295,878,13.95,Colegio Distrital La Gaitana,TRV 126 # 134 - 88,4.742176890000053,-74.10852231999996
Concejo 2023,11,LOCALIDAD 11 SUBA,LA GAITANA SEDE B - IED,1562,262,16.77,Colegio Distrital La Gaitana Sede B,CLL 132 D # 123 B - 65 / CRA 124 # 132B - 02,4.739718030000063,-74.10669833999998
Concejo 2023,11,LOCALIDAD 11 SUBA,LA TOSCANA LISBOA SEDE A - IED,1433,238,16.61,Colegio Distrital La Toscana Lisboa,CLL 132 D Bis # 132 - 05,4.743527810000046,-74.11344446999993
Concejo 2023,11,LOCALIDAD 11 SUBA,LA TOSCANA LISBOA SEDE B - IED,5085,654,12.86,Colegio Distrital Lisboa - Sede B,CRA 151 A # 132 A - 16,4.743313740000076,-74.12165518999996
Concejo 2023,11,LOCALIDAD 11 SUBA,LICEO ARKADIA,253,34,13.44,,,,
Concejo 2023,11,LOCALIDAD 11 SUBA,MIRANDELA - NUEVA ZELANDIA,3395,350,10.31,Colegio Nueva Zelandia Sede B,CLL 187 # 49 - 42,4.765522130000022,-74.04692982999995
Concejo 2023,11,LOCALIDAD 11 SUBA,NICOLAS BUENAVENTURA - IED,6022,841,13.97,Colegio Distrital Nicolás Buenaventura,CRA 103 B # 153 - 01,4.755537480000044,-74.09060191999998
Concejo 2023,11,LOCALIDAD 11 SUBA,NIZA CENTRO COMERCIAL NIZA,11634,896,7.7,Parqueadero Centro Comercial Niza,AV CLL 127 # 60 - 30,4.711258020000059,-74.07303392999995
Concejo 2023,11,LOCALIDAD 11 SUBA,NIZA IX,3496,276,7.89,Colegio Distrital Prado Veraniego II - Sede B,CRA 53 A # 128 - 51,4.713495870000031,-74.06067302999998
Concejo 2023,11,LOCALIDAD 11 SUBA,NUEVA COLOMBIA - IED,3860,601,15.57,Colegio Distrital Nueva Colombia,CLL 128 C # 102 A - 25 / CRA 102 A # 128 A - 40,4.728539180000041,-74.09984255999996
Concejo 2023,11,LOCALIDAD 11 SUBA,NUEVA ZELANDIA,4877,532,10.91,Colegio Distrital Nueva Zelandia,CLL 181 # 51 A - 31,4.759085620000064,-74.04953912999997
Concejo 2023,11,LOCALIDAD 11 SUBA,PARQUE FUNDACIONAL DE SUBA,13912,1614,11.6,Parque Fundacional de Suba,CRA 90 # 146 C - 40,4.7409315500000275,-74.08333584999997
Concejo 2023,11,LOCALIDAD 11 SUBA,PASADENA-LOS TRES ELEFANTES,4630,262,5.66,,,,
Concejo 2023,11,LOCALIDAD 11 SUBA,PONTEVEDRA,6060,499,8.23,Colegio Distrital Santa Rosa - Sede A,CLL 102 A # 70 - 40,4.695967250000024,-74.07401791999996
Concejo 2023,11,LOCALIDAD 11 SUBA,PRADO CIUDAD JARDIN,3435,308,8.97,Colegio Distrital Gustavo Morales Morales - Sede B,CLL 129 B # 58 B - 45,4.719289010000068,-74.06980867999994
Concejo 2023,11,LOCALIDAD 11 SUBA,PRADO PINZON,4210,359,8.53,Colegio Distrital Anibal Fernández de Soto,CRA 53 # 135 - 13,4.722990700000025,-74.05738753999998
Concejo 2023,11,LOCALIDAD 11 SUBA,PRADO SUR,3779,345,9.13,Colegio Distrital Gustavo Morales Morales,CLL 129 # 55 - 55,4.716510670000048,-74.06435553999995
Concejo 2023,11,LOCALIDAD 11 SUBA,PRADO VERANIEGO,4267,412,9.66,Colegio Distrital Prado Veraniego I - Sede A,CRA 46 # 130 - 65,4.717159630000026,-74.05417373999995
Concejo 2023,11,LOCALIDAD 11 SUBA,PUENTE LARGO-EMMANUEL D.ALZON,6808,443,6.51,,,,
Concejo 2023,11,LOCALIDAD 11 SUBA,RAMON DE ZUBIRIA SEDE A - IED,4954,773,15.6,Colegio Distrital Ramón de Subiría - Sede A,DIAG 129 B Bis # 93 B - 51,4.7254010000000335,-74.09214299999996
Concejo 2023,11,LOCALIDAD 11 SUBA,RAMON DE ZUBIRIA SEDE B - IED,1573,220,13.99,Colegio Distrital Ramón de Subiría - Sede B,CLL 130 D # 88 B - 20,4.727428000000032,-74.08659299999994
Concejo 2023,11,LOCALIDAD 11 SUBA,REPUBLICA DOMINICANA SEDE A - IED,7655,1134,14.81,Colegio Distrital República Dominicana,CLL 131 A # 125 - 39,4.738964390000035,-74.10899938999995
Concejo 2023,11,LOCALIDAD 11 SUBA,REPUBLICA DOMINICANA SEDE B - IED,1637,261,15.94,Colegio Distrital República Dominicana Sede B,CRA 123 # 129 D - 22 / CRA 123 # 129 D - 55,4.734903320000058,-74.10777578999995
Concejo 2023,11,LOCALIDAD 11 SUBA,SALON COMUNAL AURES II,2181,339,15.54,Salón Comunal Aures II,CRA 105 B #129 D - 92,4.733217360000026,-74.10196150999997
Concejo 2023,11,LOCALIDAD 11 SUBA,SALON COMUNAL CIUDAD JARDIN NORTE,681,46,6.75,Salón Comunal Ciudad Jardín Norte,CRA 59 B BIS # 132 - 53,4.724865830000056,-74.07045661999996
Concejo 2023,11,LOCALIDAD 11 SUBA,SALON COMUNAL COMPARTIR 1,719,115,15.99,Salón Comunal Suba Compartir 1,CRA 136 C # 152 F - 44,4.760252180000066,-74.10591839999995
Concejo 2023,11,LOCALIDAD 11 SUBA,SALON COMUNAL EL SOLAR,1026,125,12.18,Salón Comunal El Solar 1,CRA 109 B # 141 A - 36 / CRA 109 B # 141 A 56,4.7458336800000325,-74.09980172999997
Concejo 2023,11,LOCALIDAD 11 SUBA,SALON COMUNAL SAN FRANCISCO,798,88,11.03,Salón Comunal Barrio San Francisco,CRA 84 A # 145 B -07,4.7366590000000315,-74.08034199999997
Concejo 2023,11,LOCALIDAD 11 SUBA,SALON COMUNAL SAN PEDRO DE TIBABUYES,467,68,14.56,Salón Comunal San Pedro de Tibabuyes,CLL 137 # 145 B - 12,4.746355410000035,-74.11793439999997
Concejo 2023,11,LOCALIDAD 11 SUBA,SALON COMUNAL SANTA CECILIA,1600,222,13.88,Salón Comunal Santa Cecilia,CRA 158B # 131A - 45,4.739700000000028,-74.12819999999994
Concejo 2023,11,LOCALIDAD 11 SUBA,SALON COMUNAL VILLA CINDY,840,109,12.98,Salón Comunal Villa Cindy,CLL 137 B #1 57 - 17,4.74375297000006,-74.12773663999997
Concejo 2023,11,LOCALIDAD 11 SUBA,SALON COMUNAL VILLA MARIA,990,144,14.55,Salón Comunal Villa Maria,CRA 111 # 135 - 25,4.7405871000000275,-74.10368113999994
Concejo 2023,11,LOCALIDAD 11 SUBA,SAN CIPRIANO,4035,413,10.24,Colegio Distrital Vista Bella - Sede B,CLL 166 Bis  # 54 C - 08 / CLL 166 # 54 C - 08,4.748629040000026,-74.05503118999997
Concejo 2023,11,LOCALIDAD 11 SUBA,SAN JOSE BAVARIA-ABRAHAM LINCOLN,2349,224,9.54,,,,
Concejo 2023,11,LOCALIDAD 11 SUBA,SAN NICOLAS-AGUSTINIANO NORTE,4755,282,5.93,,,,
Concejo 2023,11,LOCALIDAD 11 SUBA,SIMON BOLIVAR - IED,4261,548,12.86,Colegio Distrital  Simón Bolívar Suba,CRA 92 # 146C - 38,4.741306350000059,-74.08484848999996
Concejo 2023,11,LOCALIDAD 11 SUBA,TEJARES NORTE,5056,465,9.2,Universidad Pedagógica Nacional,CLL 183 # 54 D - 25,4.762782870000024,-74.05026994999997
Concejo 2023,11,LOCALIDAD 11 SUBA,TIBABUYES UNIVERSAL SEDE A - IED,6440,819,12.72,Colegio Distrital Tibabuyes Universal,CRA 128 A # 139 - 13,4.74623162000006,-74.11057586999993
Concejo 2023,11,LOCALIDAD 11 SUBA,TIBABUYES UNIVERSAL SEDE B - IED,1002,146,14.57,Colegio Distrital Tibabuyes Universal Sede B,CRA 118 # 136 -14,4.741808640000045,-74.10474295999995
Concejo 2023,11,LOCALIDAD 11 SUBA,UNIVERSIDAD UDCA,631,24,3.8,Universidad UDCA,CLL 222 # 55 - 09,4.800223800000026,-74.04886564999998
Concejo 2023,11,LOCALIDAD 11 SUBA,VEINTIUN ANGELES SEDE A - IED,639,94,14.71,Colegio Distrital Veintiún Ángeles,CRA 90 # 154 A - 09,4.749452670000039,-74.08034907999996
Concejo 2023,11,LOCALIDAD 11 SUBA,VILLA DEL PRADO UNIAGRARIA,7834,767,9.79,,,,
Concejo 2023,11,LOCALIDAD 11 SUBA,VILLA ELISA SEDE A - IED,3004,331,11.02,Colegio Distrital Villa Elisa - Sede A,CLL 132 C # 92 A - 71,4.73234393000007,-74.08785468999997
Concejo 2023,11,LOCALIDAD 11 SUBA,VILLA ELISA SEDE B IED,271,24,8.86,Colegio Distrital Villa Elisa Sede B,CLL 135 # 94 C - 57,4.73449123000006,-74.08876332999995
Concejo 2023,11,LOCALIDAD 11 SUBA,VILLA ELISA SEDE C - IED,4191,457,10.9,Colegio Villa Elisa Sedes C y D,CLL 128 Bis # 93 - 80,4.722742550000021,-74.09331632999994
Concejo 2023,11,LOCALIDAD 11 SUBA,VIRGINIA GUTIERREZ DE PINEDA - IED,2603,379,14.56,Colegio Distrital Virginia Gutiérrez de Pineda,CLL 131 B # 94 F - 31,4.731055910000066,-74.09174548999994
Concejo 2023,12,LOCALIDAD 12 BARRIOS UNIDOS,11 DE NOVIEMBRE,158,24,15.19,Jardín Infantil Santa Sofía,CRA 28 B #75 - 11 ,4.668502700000033,-74.06914313999994
Concejo 2023,12,LOCALIDAD 12 BARRIOS UNIDOS,12 DE OCTUBRE,1999,237,11.86,Colegio Distrital  Francisco Primero Sede C,CRA 29 C # 71 C - 11,4.666941940000072,-74.07335094999996
Concejo 2023,12,LOCALIDAD 12 BARRIOS UNIDOS,BENJAMIN HERRERA,2139,235,10.99,Colegio Distrital Francisco Primero Sede Alemania,CRA 28 # 63 - 64,4.652273760000071,-74.07567929999993
Concejo 2023,12,LOCALIDAD 12 BARRIOS UNIDOS,CAFAM AV. 68,5433,518,9.53,,,,
Concejo 2023,12,LOCALIDAD 12 BARRIOS UNIDOS,COLOMBIA,1974,277,14.03,Colegio Mercedario San Pedro,CLL 69 # 17 - 39,4.657375870000067,-74.06551905999999
Concejo 2023,12,LOCALIDAD 12 BARRIOS UNIDOS,DOMINGO FAUSTINO SARMIENTO SEDE B,499,52,10.42,Colegio Distrital Domingo Faustino Sarmiento Sede B,CLL 91 A # 60 - 01,4.680526830000076,-74.06668700999995
Concejo 2023,12,LOCALIDAD 12 BARRIOS UNIDOS,ENTRE RIOS,2800,255,9.11,Parqueadero Conjunto Residencial Entre Ríos,CRA 62 # 83 - 02 / AV CLL 80 # 58 - 84 ,4.6803001500000505,-74.07541461999995
Concejo 2023,12,LOCALIDAD 12 BARRIOS UNIDOS,GAITAN,3316,316,9.53,Colegio Distrital Rafaél Bernal Jiménez - Sede B,CRA 54 # 78 - 85,4.674229420000074,-74.07245197999998
Concejo 2023,12,LOCALIDAD 12 BARRIOS UNIDOS,HELADIA MEJIA SEDE A,226,27,11.95,Colegio Distrital Heladía Mejía Sede A,CLL 65 A # 15 - 64 / CLL 65 A # 15A - 02,4.653123520000065,-74.06566702999999
Concejo 2023,12,LOCALIDAD 12 BARRIOS UNIDOS,ISERRA 100,5080,363,7.15,Centro Comercial ISERRA 100,TRV 55 # 98 A - 66,4.6878207200000475,-74.06459721999994
Concejo 2023,12,LOCALIDAD 12 BARRIOS UNIDOS,JORGE ELIECER GAITAN SEDE B PRIMARIA,1504,180,11.97,Colegio Distrital Jorge Eliecer Gaitán - Sede B,AV CLL 72 # 58 - 75,4.6725178800000435,-74.07983929999995
Concejo 2023,12,LOCALIDAD 12 BARRIOS UNIDOS,JOSE JOAQUIN VARGAS,5491,623,11.35,Fundación Universitaria Monserrate - UNIMONSERRATE,AV CLL 68 # 62 - 11,4.67268260000003,-74.08314809999996
Concejo 2023,12,LOCALIDAD 12 BARRIOS UNIDOS,LA CASTELLANA,4478,314,7.01,Cancha detrás de Olimpica,CRA 47 A con CLL 94 Cancha Parque / CRA 48 # 94 - 02,4.68258983000004,-74.06048851999998
Concejo 2023,12,LOCALIDAD 12 BARRIOS UNIDOS,LA MUEQUETA,1146,151,13.18,Colegio Distrital Heladia Mejía - Sede B,CLL 64 # 20 - 21,4.654475370000057,-74.06936124999999
Concejo 2023,12,LOCALIDAD 12 BARRIOS UNIDOS,LA PAZ,1723,133,7.72,Colegio Distrital Francisco primero Sede Manuela Ayala,CRA 28 B # 65 - 80,4.660220170000059,-74.07520913999997
Concejo 2023,12,LOCALIDAD 12 BARRIOS UNIDOS,LORENCITA VILLEGAS DE SANTOS,131,8,6.11,Colegio Distrital Lorencita Villegas de Santos,CRA 52 # 76 - 63,4.67264018000003,-74.07196111999997
Concejo 2023,12,LOCALIDAD 12 BARRIOS UNIDOS,LOS ALCAZARES,2581,318,12.32,Colegio San Felipe Neri,CRA 27 C # 71 - 80,4.66374804000003,-74.07035057999997
Concejo 2023,12,LOCALIDAD 12 BARRIOS UNIDOS,METROPOLIS,5096,531,10.42,Centro Comercial Metrópolis,AV CRA 68 # 75 A - 50,4.680544730000065,-74.08229830999994
Concejo 2023,12,LOCALIDAD 12 BARRIOS UNIDOS,PATRIA,1385,168,12.13,Fundación Educativa Santa María,CRA 50 # 90 - 50,4.6790756500000725,-74.06517254999994
Concejo 2023,12,LOCALIDAD 12 BARRIOS UNIDOS,PLAZA DE LOS ARTESANOS,1397,156,11.17,Plaza de Los Artesanos,CRA 60 # 63 A - 52/AV CRA 60 # 63 - 64,4.664194990000055,-74.08583786999998
Concejo 2023,12,LOCALIDAD 12 BARRIOS UNIDOS,POLIDEPORTIVO  POLO,1306,154,11.79,,,,
Concejo 2023,12,LOCALIDAD 12 BARRIOS UNIDOS,POLO CLUB,2442,207,8.48,Alianza Cristiana y Misionera Colombiana,AV CRA 20 (Autopista norte) # 81 - 55,4.669161300000042,-74.06070016999996
Concejo 2023,12,LOCALIDAD 12 BARRIOS UNIDOS,POPULAR MODELO,6489,773,11.91,Colegio Distrital Jorge Eliecer Gaitán - Sede A,CLL 66 A # 56 B – 35 / CLL 66 A # 56 - 25,4.665450650000025,-74.08165928999995
Concejo 2023,12,LOCALIDAD 12 BARRIOS UNIDOS,RAFAEL BERNAL JIMENEZ SEDE A,122,7,5.74,Colegio Distrital Rafael Bernal Jimenez Sede A,CRA 53 # 75 - 17,4.671847540000044,-74.07350123999998
Concejo 2023,12,LOCALIDAD 12 BARRIOS UNIDOS,REPUBLICA DE PANAMA SEDE C,549,62,11.29,Colegio Distrital República de Panamá - Sede C,CLL 78 # 58 - 60,4.676408760000072,-74.07657952999995
Concejo 2023,12,LOCALIDAD 12 BARRIOS UNIDOS,RIONEGRO,4217,417,9.89,Colegio Distrital Faustino Sarmiento - Sede A,TRV 60 # 95 - 51,4.684978810000075,-74.06649724999994
Concejo 2023,12,LOCALIDAD 12 BARRIOS UNIDOS,SAN FELIPE,1536,175,11.39,Colegio Distrital Juan Francisco Berbeo - Sede B,CLL 77 # 22 - 66 / CLL 77 # 22 - 68,4.666845970000054,-74.06340933999996
Concejo 2023,12,LOCALIDAD 12 BARRIOS UNIDOS,SAN FERNANDO,4278,451,10.54,Colegio Distrital República de Panamá Sede A,CRA 57 A # 74 A - 32,4.672777720000056,-74.07670480999997
Concejo 2023,12,LOCALIDAD 12 BARRIOS UNIDOS,SAN MIGUEL,901,95,10.54,Colegio Distrital Jorge Eliecer Gaitán - Sede A,CLL 66 A # 43 - 25 / CLL 66 A # 56 - 25 ,4.665057630000035,-74.08108760999994
Concejo 2023,12,LOCALIDAD 12 BARRIOS UNIDOS,SANTA SOFIA,2316,258,11.14,Colegio Distrital Juan Francisco Berbeo - Sede A,CRA 28 B # 78 - 40 / CRA 28 B # 78 - 30 ,4.670677320000038,-74.06707617999996
Concejo 2023,12,LOCALIDAD 12 BARRIOS UNIDOS,SIETE DE AGOSTO,3697,487,13.17,Universidad del Rosario,CRA 24 # 63 C - 69,4.654623560000061,-74.07208126999996
Concejo 2023,12,LOCALIDAD 12 BARRIOS UNIDOS,SIMON BOLIVAR,5774,626,10.84,Colegio Distrital Tomás Carrasquilla - sede A,CLL 74 A # 62 - 44,4.67576162000006,-74.08023465999997
Concejo 2023,13,LOCALIDAD 13 TEUSAQUILLO,ACEVEDO TEJADA,1735,417,24.03,Salón Comunal Acevedo Tejada,CRA 32 A # 27 A - 16/CRA 32 A # 27 A -20,4.629909000000055,-74.08123899999998
Concejo 2023,13,LOCALIDAD 13 TEUSAQUILLO,BIBLIOTECA VIRGILIO BARCO,2644,405,15.32,Biblioteca Virgilio Barco,AV CRA 60 # 57 - 60,4.657094270000073,-74.08867879999997
Concejo 2023,13,LOCALIDAD 13 TEUSAQUILLO,CAFAM CALLE 51,3178,483,15.2,,,,
Concejo 2023,13,LOCALIDAD 13 TEUSAQUILLO,CENTRO COMERCIAL GALERIAS,3217,396,12.31,Centro Comercial Galerías,CLL 53 B # 25 - 21,4.643162800000027,-74.07494141999996
Concejo 2023,13,LOCALIDAD 13 TEUSAQUILLO,CENTRO EDUCATIVO LIBERTAD,196,48,24.49,,,,
Concejo 2023,13,LOCALIDAD 13 TEUSAQUILLO,CENTRO NARIÑO,2723,545,20.01,Acueducto,AV CLL 24 # 37 - 27,4.628473690000021,-74.09149144999998
Concejo 2023,13,LOCALIDAD 13 TEUSAQUILLO,CIRCULO COLOMBIANO DE ARTISTAS,723,167,23.1,Teatro Bernardo Romero Lozano,CLL 46 # 28 - 30,4.636136780000072,-74.07842896999995
Concejo 2023,13,LOCALIDAD 13 TEUSAQUILLO,CIUDAD SALITRE,5353,498,9.3,Plazoleta Centro Comercial Gran Estación,AV CLL 26 # 62 - 47 /AV CLL 26 # 60 - 61,4.64855878000003,-74.10117280999998
Concejo 2023,13,LOCALIDAD 13 TEUSAQUILLO,COLEGIO AMERICANO,4197,820,19.54,Colegio Americano,CRA 22 # 45 A - 51,4.634310560000074,-74.07409025999993
Concejo 2023,13,LOCALIDAD 13 TEUSAQUILLO,COLEGIO DEL PILAR,482,67,13.9,Colegio Nuestra Señora del Pilar,CLL 62 # 27 A - 12,4.650735230000066,-74.07527643999998
Concejo 2023,13,LOCALIDAD 13 TEUSAQUILLO,COLEGIO MONTEHELENA,2487,490,19.7,,,,
Concejo 2023,13,LOCALIDAD 13 TEUSAQUILLO,COLEGIO SANTA CLARA,1991,391,19.64,Colegio Santa Clara,AV CRA 28 # 35 - 35,4.624981000000048,-74.07672481999998
Concejo 2023,13,LOCALIDAD 13 TEUSAQUILLO,DIVINO SALVADOR,2660,421,15.83,Colegio Distrital Manuela Beltrán,CRA 14 A # 57 - 28,4.644427050000047,-74.06639656999994
Concejo 2023,13,LOCALIDAD 13 TEUSAQUILLO,EL CAMPIN,1824,274,15.02,Centro Superior de Estudios en Administración Deportiva - CEAD (Frente al Col. Cubierto El Campín),DIAG 61 C  # 27 - 21 ,4.649279930000034,-74.07582904999998
Concejo 2023,13,LOCALIDAD 13 TEUSAQUILLO,EL SALITRE,1806,169,9.36,Salón Comunal Salitre Greco,CLL 46 # 67 A - 35,4.655930620000049,-74.10011001999999
Concejo 2023,13,LOCALIDAD 13 TEUSAQUILLO,IMPRENTA NACIONAL,5842,465,7.96,Imprenta Nacional,CRA 66 # 24 - 09,4.649000000000058,-74.10539999999997
Concejo 2023,13,LOCALIDAD 13 TEUSAQUILLO,LA ESMERALDA,4276,499,11.67,Colegio Calazanz Femenino,CLL 44 C # 55 - 50 /CLL 45 # 54 - 51,4.647254000000032,-74.09103470999997
Concejo 2023,13,LOCALIDAD 13 TEUSAQUILLO,LA MAGDALENA,2549,558,21.89,Colegio Champagnat,CRA 17 # 39 B - 51,4.6293509600000675,-74.07105250999996
Concejo 2023,13,LOCALIDAD 13 TEUSAQUILLO,LICEO PARROQUIAL SARA ZAPATA,1910,366,19.16,Liceo Parroquial Sara Zapata,CRA 22 # 51 - 68,4.640129330000036,-74.07275262999997
Concejo 2023,13,LOCALIDAD 13 TEUSAQUILLO,NICOLAS DE FEDERMAN,5404,623,11.53,Colegio de la Contraloría,CLL 57 B # 37 - 34,4.648238760000027,-74.08198887999998
Concejo 2023,13,LOCALIDAD 13 TEUSAQUILLO,PABLO VI,4901,688,14.04,Plazoleta Pablo VI,CRA 53 con CLL 57 B (Plazoleta) / CLL 57A # 53 - 21,4.649792880000064,-74.08685654999994
Concejo 2023,13,LOCALIDAD 13 TEUSAQUILLO,PABLO VI II ETAPA,1739,218,12.54,,,,
Concejo 2023,13,LOCALIDAD 13 TEUSAQUILLO,PALERMO,4265,624,14.63,Colegio Distrital Palermo,CRA 23 # 49 - 37,4.638043200000027,-74.07408780999998
Concejo 2023,13,LOCALIDAD 13 TEUSAQUILLO,QUINTA PAREDES A,1980,349,17.63,Hemeroteca Nacional,AV Dorado CLL 26 # 44 A - 40,4.636170900000025,-74.09153300999998
Concejo 2023,13,LOCALIDAD 13 TEUSAQUILLO,QUINTA PAREDES B,6595,826,12.52,Gimnasio Mackinley,AV CLL 24 # 48 - 53,4.637018090000026,-74.09760863999998
Concejo 2023,13,LOCALIDAD 13 TEUSAQUILLO,RAFAEL NUÑEZ,3455,454,13.14,Escuela Superior de Administración Pública - ESAP,CLL 44 # 53 - 37,4.644623940000031,-74.09262936999994
Concejo 2023,13,LOCALIDAD 13 TEUSAQUILLO,RESIDENCIAS B.C.H.,1924,370,19.23,Instituto Distrital Manuela Beltrán,CRA 32 A # 27 - 18,4.6296729100000675,-74.08162453999995
Concejo 2023,13,LOCALIDAD 13 TEUSAQUILLO,SAN LUIS,2842,426,14.99,Colegio Antonio Nariño,CL 61 16 15,4.648300910000046,-74.06726194999999
Concejo 2023,13,LOCALIDAD 13 TEUSAQUILLO,SANTA TERESITA,880,137,15.57,Liceo Universidad Católica,DIAG 46 A # 15 - 21 /CRA 15 # 46 - 69,4.634295930000064,-74.06879445999994
Concejo 2023,13,LOCALIDAD 13 TEUSAQUILLO,SUPERCADE CAD,590,102,17.29,Sistema Distrital de Servicio a la Ciudadanía - Supercade CAD,CRA 30 # 25 - 90,4.625532340000063,-74.08150576999998
Concejo 2023,13,LOCALIDAD 13 TEUSAQUILLO,TEUSAQUILLO,3198,718,22.45,Fundación Universitaria Compensar (Sede K),CLL 32 A # 17 - 14,4.621280330000047,-74.07273435999997
Concejo 2023,13,LOCALIDAD 13 TEUSAQUILLO,UNIVERSIDAD ANTONIO NARIÑO,333,55,16.52,Universidad Antonio Nariño,CLL 58 A Bis # 37 - 94,4.649932790000037,-74.08236802999994
Concejo 2023,13,LOCALIDAD 13 TEUSAQUILLO,UNIVERSIDAD ECCI - SEDE G,1314,334,25.42,Universidad ECCI - Sede G,CRA 19 # 48 - 32,4.636799850000045,-74.07135072999995
Concejo 2023,13,LOCALIDAD 13 TEUSAQUILLO,UNIVERSIDAD NACIONAL AUD ALFONSO LOPEZ,1883,500,26.55,Universidad Nacional - Auditorio Alfonso López Pumarejo,CRA 45 # 26 - 85,4.639493190000053,-74.08986527999997
Concejo 2023,14,LOCALIDAD 14 MARTIRES,ANTONIO RICAURTE,572,90,15.73,Colegio Distrital Antonio Ricaurte - Sede A,CRA 26 # 07 - 61,4.605491680000057,-74.09318330999997
Concejo 2023,14,LOCALIDAD 14 MARTIRES,CENTRO CRECER,3108,374,12.03,Centro Crecer,AV CLL 1 # 24 B - 26,4.594708290000028,-74.09769646999996
Concejo 2023,14,LOCALIDAD 14 MARTIRES,CENTRO MEMORIA,782,153,19.57,Centro Memoria,CRA 19 B # 24 - 32,4.618683370000042,-74.07725251999994
Concejo 2023,14,LOCALIDAD 14 MARTIRES,COLEGIO BILINGUE CEDAM,836,72,8.61,Colegio Privado Bilingüe CEDAM,CLL 2 B # 27 A - 26,4.601268120000043,-74.09919003999994
Concejo 2023,14,LOCALIDAD 14 MARTIRES,COLEGIO DISTRITAL TECNICO MENORAH,1049,143,13.63,Colegio Distrital Técnico Menorah,CRA 19 A # 1 C -56 / CRA 19 A # 1 C -64 /CRA 19 A # 1 C - 19,4.59398292000003,-74.09278723999995
Concejo 2023,14,LOCALIDAD 14 MARTIRES,COLSEGUROS,2001,333,16.64,Salón Comunal,AV CLL 22 C # 29 A - 47,4.621698650000042,-74.08428456999997
Concejo 2023,14,LOCALIDAD 14 MARTIRES,EDUARDO SANTOS,2468,318,12.88,Centro Educativo Distrital Eduardo Santos,CRA 19 A Bis # 1 A - 55 / CRA 19 B Bis # 1 C - 55,4.5943392400000675,-74.09333049999998
Concejo 2023,14,LOCALIDAD 14 MARTIRES,EL VERGEL,2422,291,12.01,Colegio Distrital San Francisco de Asís - Sede B,CRA 21  # 1 D – 06 / CRA 21 # 1 H – 06,4.596321870000054,-74.09426546999998
Concejo 2023,14,LOCALIDAD 14 MARTIRES,ESTACION DE LA SABANA,1871,244,13.04,Salones de la Estación,CLL 13 # 18 - 24,4.607028940000021,-74.08335136999995
Concejo 2023,14,LOCALIDAD 14 MARTIRES,LA ESTANZUELA,4460,357,8.0,,,,
Concejo 2023,14,LOCALIDAD 14 MARTIRES,LA REBECA,735,98,13.33,Colegio Distrital Eduardo Santos - Sede B - Primera Infancia,CRA 24 # 1 H - 19,4.5969049800000334,-74.09586257999996
Concejo 2023,14,LOCALIDAD 14 MARTIRES,MALLPLAZA,4569,495,10.83,Centro Comercial Mallplaza,AV NQS con 19 /CRA 30 20 54 ,4.6192269700000566,-74.08655260999996
Concejo 2023,14,LOCALIDAD 14 MARTIRES,PANAMERICANO,998,185,18.54,Colegio Distrital Panamericano,CRA 27 # 24 C - 19,4.6230571100000475,-74.07883499999997
Concejo 2023,14,LOCALIDAD 14 MARTIRES,RICAURTE,3309,405,12.24,Colegio Distrital Antonio Ricaurte - Sede B,CLL 10 # 29 - 64,4.610112400000048,-74.09447961999996
Concejo 2023,14,LOCALIDAD 14 MARTIRES,SALON COMUNAL SANTA ISABEL,1771,254,14.34,Salón Comunal Santa Isabel,CLL 1 D Bis # 29 - 92,4.599747280000031,-74.10290328999997
Concejo 2023,14,LOCALIDAD 14 MARTIRES,SAMPER MENDOZA,1943,267,13.74,,,,
Concejo 2023,14,LOCALIDAD 14 MARTIRES,SAN FASON,1021,142,13.91,Colegio Nuestra Señora de la Presentación,CLL 19 # 19 - 27,4.61216225000004,-74.08133885999996
Concejo 2023,14,LOCALIDAD 14 MARTIRES,SANTA FE,2422,321,13.25,Colegio Distrital República Bolivariana de Venezuela - Sede A,CLL 22 A # 18 B - 42,4.615162800000064,-74.07940437999997
Concejo 2023,14,LOCALIDAD 14 MARTIRES,VERAGUAS,2050,218,10.63,Salón Comunal Barrio El Progreso,CLL 5 A # 26 A - 39,4.602877290000038,-74.09628110999995
Concejo 2023,15,LOCALIDAD 15 ANTONIO NARIÑO,CASA COMUNAL CIUDAD JARDIN,1169,199,17.02,Casa Comunal Ciudad Jardín,CRA 12 F # 19 - 37 Sur,4.580744910000021,-74.09961815999998
Concejo 2023,15,LOCALIDAD 15 ANTONIO NARIÑO,CINCO DE NOVIEMBRE,695,108,15.54,Salón Comunal Cinco de Noviembre,CLL 39 A Sur # 39 A - 12/CRA 34F # 39 - 12 Sur,4.593381400000055,-74.12591339999994
Concejo 2023,15,LOCALIDAD 15 ANTONIO NARIÑO,CIUDAD BERNA,3306,538,16.27,Escuela Superior Distrital María Montesory - Sede B,CLL 10 Sur # 13 - 27,4.586132710000072,-74.09353677999997
Concejo 2023,15,LOCALIDAD 15 ANTONIO NARIÑO,CIUDAD JARDIN,5017,637,12.7,Colegio Cooperativo del Magisterio de Cundinamarca,CLL 16 Bis Sur # 12 C - 02,4.582211690000065,-74.09646507999997
Concejo 2023,15,LOCALIDAD 15 ANTONIO NARIÑO,COLEGIO ADVENTISTA EMMANUEL,455,55,12.09,Colegio Adventista Emmanuel,CLL 10 B Sur # 18 A - 15,4.588831590000041,-74.09755352999997
Concejo 2023,15,LOCALIDAD 15 ANTONIO NARIÑO,COLEGIO NUESTRA SEÑORA DE LA PAZ,94,4,4.26,Colegio Privado Comunidad Hermanas de Nuestra Señora de La Paz,AV CRA 27 # 29 - 17 Sur / AV CRA 27 # 29 - 65 Sur,4.588895250000064,-74.11326542999996
Concejo 2023,15,LOCALIDAD 15 ANTONIO NARIÑO,LA FRAGUA,3242,442,13.63,Colegio Distrital Atanasio Girardot - Sede A,CLL 14 Sur # 28 - 16,4.594286360000069,-74.10444051999997
Concejo 2023,15,LOCALIDAD 15 ANTONIO NARIÑO,LA FRAGUITA,1911,262,13.71,,,,
Concejo 2023,15,LOCALIDAD 15 ANTONIO NARIÑO,LA VALVANERA,2671,315,11.79,Colegio Parroquial La Valvanera,CLL 13 Sur # 24 B - 04,4.58998900000006,-74.10028399999999
Concejo 2023,15,LOCALIDAD 15 ANTONIO NARIÑO,LUNA PARK,1453,221,15.21,Colegio Distrital Guillermo León Valencia - Sede C,CLL 10 B Bis Sur # 16 - 11,4.5871945200000255,-74.09726188999997
Concejo 2023,15,LOCALIDAD 15 ANTONIO NARIÑO,POLICARPA,4287,962,22.44,Colegio Distrital Jaime Pardo Leal,CRA 10 A Sur # 3 - 63/CRA 10 A # 3 - 21 Sur,4.586603000000025,-74.08822097999996
Concejo 2023,15,LOCALIDAD 15 ANTONIO NARIÑO,RESTREPO A,5419,774,14.28,Escuela Normal Superior Distrital María Montesory - Sede A,CLL 14 Sur # 14 - 20,4.58524452000006,-74.09690012999994
Concejo 2023,15,LOCALIDAD 15 ANTONIO NARIÑO,RESTREPO B,5455,684,12.54,Colegio Distrital Guillermo León Valencia - Sede A,CLL 15 Sur # 24 B - 15 / CLL 15 Sur # 24 B - 17 / CRA 24 B # 16 - 03 Sur,4.588278760000037,-74.10211534999996
Concejo 2023,15,LOCALIDAD 15 ANTONIO NARIÑO,SALON COMUNAL CIUDAD BERNA,232,20,8.62,Salón Comunal Ciudad Berna,CLL 8 Sur # 11 A - 39 / CRA 11 A # 8 - 39 Sur,4.585331780000047,-74.09086793999995
Concejo 2023,15,LOCALIDAD 15 ANTONIO NARIÑO,SALON COMUNAL EDUARDO FREI,156,23,14.74,Salón Comunal Eduardo Frei,CL 32 Sur 29A # 75,4.590770970000051,-74.11702177999996
Concejo 2023,15,LOCALIDAD 15 ANTONIO NARIÑO,SALON COMUNAL SEVILLA SUR,74,7,9.46,Salón Comunal Sevilla Sur,CLL 2 Sur # 13 A - 16,4.590275770000062,-74.09024811999996
Concejo 2023,15,LOCALIDAD 15 ANTONIO NARIÑO,SALON COMUNAL VILLA MAYOR,1600,247,15.44,Salón Comunal Ciudad Villa Mayor,CRA 34 C # 34 - 18 Sur/CRA 34 C # 32A - 18 Sur,4.592108650000057,-74.11921227999994
Concejo 2023,15,LOCALIDAD 15 ANTONIO NARIÑO,SALÓN COMUNAL SAN ANTONIO,537,70,13.04,Salón Comunal San Antonio,CRA 18A # 4 - 81 Sur / CLL 6 Sur #18A - 04,4.590876380000054,-74.09567293999999
Concejo 2023,15,LOCALIDAD 15 ANTONIO NARIÑO,SAN ANTONIO,3488,432,12.39,Gimnasio Monseñor Manuel María Camargo,CLL 6 Sur # 14 - 49 / CRA 14 # 6 - 51 Sur,4.587600360000067,-74.09360645999999
Concejo 2023,15,LOCALIDAD 15 ANTONIO NARIÑO,SANTANDER,2004,237,11.83,Colegio Distrital Francisco Jose de Paula - Sede A,CLL 23 Sur # 27 - 27,4.589816230000054,-74.11035550999998
Concejo 2023,15,LOCALIDAD 15 ANTONIO NARIÑO,SANTANDER SUR,1757,294,16.73,Colegio Distrital Francisco Jose de Paula - Sede B,CLL 29 Sur # 29 A - 47,4.590989210000032,-74.11432248999995
Concejo 2023,15,LOCALIDAD 15 ANTONIO NARIÑO,SENA,3700,567,15.32,SENA Centro Distrital (San Jorge Central),AV CRA 30 # 17 B - 25 Sur/AV CRA 30 # 17 - 91 Sur,4.595189790000063,-74.11194130999996
Concejo 2023,15,LOCALIDAD 15 ANTONIO NARIÑO,VILLA MAYOR,5307,721,13.59,Centro Comercial Centro Mayor,CLL 38 A Sur # 34 D - 51,4.592644460000031,-74.12509334999999
Concejo 2023,16,LOCALIDAD 16 PUENTE ARANDA,ALCALA,5763,821,14.25,Colegio Distrital Benjamín Herrera - Sede B,CRA 51 C # 33 - 41 Sur,4.601979990000075,-74.12717777999995
Concejo 2023,16,LOCALIDAD 16 PUENTE ARANDA,ALCALDIA PUENTE ARANDA,4890,556,11.37,Alcaldía Local de Puente Aranda,CRA 31 D # 04 - 43,4.605798810000067,-74.10315106999997
Concejo 2023,16,LOCALIDAD 16 PUENTE ARANDA,ALQUERIA,4055,593,14.62,Colegio Distrital Julio Garavito - Sede A,CLL 40 B Sur # 52 C - 60,4.599751690000062,-74.13425670999999
Concejo 2023,16,LOCALIDAD 16 PUENTE ARANDA,AUTOPISTA SUR,1843,222,12.05,Salón Comunal Barrio Autopista Sur,CLL 38 Sur # 50 A - 70 / CRA 51 # 37 A - 52 Sur,4.598533670000052,-74.12678912999996
Concejo 2023,16,LOCALIDAD 16 PUENTE ARANDA,C.C. OUTLET FACTORY,2323,276,11.88,Centro Comercial Outlet Factory,AV CLL 9 # 62 - 84 entrada 1 y 2,4.629242370000043,-74.11836959999994
Concejo 2023,16,LOCALIDAD 16 PUENTE ARANDA,CARRERA CENTRO COMERCIAL,1088,119,10.94,,,,
Concejo 2023,16,LOCALIDAD 16 PUENTE ARANDA,CENTRO EDUCATIVO DISTRITAL ESPAÑA,288,42,14.58,Colegio Distrital Centro Educativo España,CLL 18 # 35 - 25,4.621806080000056,-74.09303401999995
Concejo 2023,16,LOCALIDAD 16 PUENTE ARANDA,CENTRO PARA CIEGOS  CRAC,824,123,14.93,,,,
Concejo 2023,16,LOCALIDAD 16 PUENTE ARANDA,CIUDAD MONTES,5462,794,14.54,Colegio Nacional de Cultura Popular,CRA 51 # 16 -64 Sur,4.60615837000006,-74.12029329999996
Concejo 2023,16,LOCALIDAD 16 PUENTE ARANDA,COLEGIO DISTRITAL SORRENTO,1809,243,13.43,Colegio Distrital Sorrento Sede A,CLL 5 B # 53 C - 74,4.622991050000053,-74.11328684999995
Concejo 2023,16,LOCALIDAD 16 PUENTE ARANDA,COLEGIO ROMULO GALLEGO,918,112,12.2,,,,
Concejo 2023,16,LOCALIDAD 16 PUENTE ARANDA,COLON,6422,715,11.13,Colegio José Allamano,CLL 4 # 56 - 03,4.620190370000046,-74.11942847999995
Concejo 2023,16,LOCALIDAD 16 PUENTE ARANDA,COLONIA ORIENTAL,1864,160,8.58,Salón Comunal Colonia Oriental,CLL 4 A # 51 A - 90,4.618300000000033,-74.11489999999998
Concejo 2023,16,LOCALIDAD 16 PUENTE ARANDA,CULTURA POPULAR,882,146,16.55,Colegio Distrital Cultura Popular Sede A,CLL 32 Sur # 51 - 12,4.601407540000025,-74.12538361999998
Concejo 2023,16,LOCALIDAD 16 PUENTE ARANDA,CUNDINAMARCA,1181,180,15.24,Colegio Distrital España - Sede B,CLL 19 C # 33 - 30,4.6226899300000355,-74.08933231999998
Concejo 2023,16,LOCALIDAD 16 PUENTE ARANDA,DELICIAS MUZU,4260,663,15.56,,,,
Concejo 2023,16,LOCALIDAD 16 PUENTE ARANDA,EL JAZMIN,4368,561,12.84,Colegio Distrital Jazmín - Sede A,CLL 1 H # 40 D - 13,4.609959440000068,-74.11487266999995
Concejo 2023,16,LOCALIDAD 16 PUENTE ARANDA,EL REMANZO,1464,186,12.7,,,,
Concejo 2023,16,LOCALIDAD 16 PUENTE ARANDA,EL TEJAR,3640,449,12.34,Colegio Distrital Luis Vargas Tejada - Sede B,CRA 52 D # 24 - 50 Sur / CRA 52 D # 24 - 48 Sur,4.608584810000025,-74.12752014999995
Concejo 2023,16,LOCALIDAD 16 PUENTE ARANDA,GALAN,5177,663,12.81,Colegio Distrital José Manuel Restrepo,CLL 2 Bis # 56 A - 37,4.617260900000076,-74.12247562999994
Concejo 2023,16,LOCALIDAD 16 PUENTE ARANDA,INSTITUTO DE INTEGRACION CULTURAL,808,92,11.39,Instituto de Integración Cultural,CLL 5 C # 31 C - 16,4.607929010000021,-74.10099576999994
Concejo 2023,16,LOCALIDAD 16 PUENTE ARANDA,JORGE GAITAN CORTES,275,40,14.55,Colegio Distrital Marco Antonio Carreño Sede A,CLL 17 B Sur # 34 A - 21 / CRA 34 # 17A - 70 Sur,4.597531100000026,-74.11216462999994
Concejo 2023,16,LOCALIDAD 16 PUENTE ARANDA,JOSE JOAQUIN CASAS SEDE A,212,23,10.85,,,,
Concejo 2023,16,LOCALIDAD 16 PUENTE ARANDA,LA ASUNCION,3633,433,11.92,Colegio Distrital Marco Antonio Carreño - Sede C,CRA 32 B #1 D - 21,4.60269444000005,-74.10681925999995
Concejo 2023,16,LOCALIDAD 16 PUENTE ARANDA,LA FRANCIA,2216,294,13.27,Salón Comunal La Francia,DIAG 5 F Bis A # 43 B - 02,4.620199920000061,-74.10746025999998
Concejo 2023,16,LOCALIDAD 16 PUENTE ARANDA,LA PONDEROSA,3810,451,11.84,Colegio Distrital Luis Carlos Galán,CLL 1 B # 52 A - 02,4.611495330000025,-74.11908075999997
Concejo 2023,16,LOCALIDAD 16 PUENTE ARANDA,LA PRADERA,2766,321,11.61,Colegio Distrital Silveria Espinosa Rendon - Sede B,CLL 4 B # 65 - 31,4.623994110000069,-74.12182555999993
Concejo 2023,16,LOCALIDAD 16 PUENTE ARANDA,LA PRIMAVERA,4449,554,12.45,Colegio Distrital El Jazmín - Sede B,CRA 41 B # 4 C – 27,4.6155186800000365,-74.10939312999994
Concejo 2023,16,LOCALIDAD 16 PUENTE ARANDA,LA TRINIDAD,1806,230,12.74,Colegio Distrital Silvera Espinosa Rendón - Sede C,CLL 5 B # 60 - 29,4.626988280000035,-74.11704187999999
Concejo 2023,16,LOCALIDAD 16 PUENTE ARANDA,LOS ANGELES,1035,122,11.79,Colegio Distrital Julio Garavito Sede B,CLL 39 Sur # 51 F - 59 / CLL 39 Sur # 51 F - 21,4.599680020000051,-74.13075839999993
Concejo 2023,16,LOCALIDAD 16 PUENTE ARANDA,LOS SAUCES,3676,419,11.4,Salón Comunal Villas del Rosario,TRV 38 # 29 B - 61 Sur,4.596838560000037,-74.11885338999997
Concejo 2023,16,LOCALIDAD 16 PUENTE ARANDA,LUIS CARLOS GALAN SARMIENTO,2169,256,11.8,Colegio Luis Carlos Galán Sarmiento Sede B,CLL 2 A # 47 - 59,4.611871060000055,-74.11809662999997
Concejo 2023,16,LOCALIDAD 16 PUENTE ARANDA,MILENTA,3232,390,12.07,Colegio Distrital Luis Vargas Tejada - Sede A,CRA 52 C # 19 A - 76 Sur,4.6095319800000425,-74.12565622999995
Concejo 2023,16,LOCALIDAD 16 PUENTE ARANDA,PRIMAVERA Y GORGONZOLA,1852,264,14.25,Salón Comunal Primavera y Gorgonzola,CRA 41B # 5 - 57,4.616300000000024,-74.10769999999997
Concejo 2023,16,LOCALIDAD 16 PUENTE ARANDA,PUENTE ARANDA,1550,162,10.45,Colegio Distrital José Joaquín Casas - Sede A,CRA 56 # 15 - 41,4.632026550000035,-74.10888559999995
Concejo 2023,16,LOCALIDAD 16 PUENTE ARANDA,SALAZAR GOMEZ,1795,245,13.65,Colegio Distrital Francisco José de Sucre,CLL 11 # 65 B - 10,4.6335643900000605,-74.11809821999998
Concejo 2023,16,LOCALIDAD 16 PUENTE ARANDA,SALON COMUNAL BOCHICA CENTRAL,457,25,5.47,Salón Comunal Bochica Central,CRA 35 # 1 C - 30,4.603028030000075,-74.10840604999999
Concejo 2023,16,LOCALIDAD 16 PUENTE ARANDA,SALON COMUNAL JOSE ANTONIO GALAN,1095,105,9.59,Salón Comunal José Antonio Galán,DIAG 2 # 57 - 39,4.6178096600000345,-74.12330054999995
Concejo 2023,16,LOCALIDAD 16 PUENTE ARANDA,SALON COMUNAL NUEVA PRIMAVERA,666,85,12.76,Salón Comunal Nueva Primavera,CRA 43 B # 4 - 26 /CRA 43 # 4 B - 72,4.617838490000054,-74.11017334999997
Concejo 2023,16,LOCALIDAD 16 PUENTE ARANDA,SALON COMUNAL RAFAEL EUCALIPTOS,70,11,15.71,Salón Comunal Rafael Eucaliptos,CRA 53 B Bis # 4 C - 04,4.61952481000003,-74.11451810999995
Concejo 2023,16,LOCALIDAD 16 PUENTE ARANDA,SALON COMUNAL TORREMOLINOS I,349,19,5.44,Salón Comunal Torremolinos I,CRA 52 Bis # 19 - 53 / Cl 19A Sur # 52A - 51,4.608688640000025,-74.12350125999995
Concejo 2023,16,LOCALIDAD 16 PUENTE ARANDA,SALON COMUNAL VERAGUAS,1596,191,11.97,Salón Comunal Veraguas Central,CLL 4 A # 32 A - 77 / CLL 4 A # 32 A - 75,4.606667880000032,-74.10320906999993
Concejo 2023,16,LOCALIDAD 16 PUENTE ARANDA,SALON COMUNAL VILLA INES,425,30,7.06,Salón Comunal Villa Inés,CRA 38 A # 1 D - 30,4.606371070000023,-74.11175211999995
Concejo 2023,16,LOCALIDAD 16 PUENTE ARANDA,SALÓN COMUNAL COLÓN,1848,218,11.8,Salón Comunal Barrio Colón,CRA 53F # 4G - 04,4.6222569600000725,-74.11500637999995
Concejo 2023,16,LOCALIDAD 16 PUENTE ARANDA,SALÓN COMUNAL LA TRINIDAD,1356,162,11.95,Salón Comunal La Trinidad,CRA 58 # 4 B - 31,4.623040510000067,-74.11877985999996
Concejo 2023,16,LOCALIDAD 16 PUENTE ARANDA,SAN ANDRESITO,1551,168,10.83,Centro Comercial Puerto López,CRA 38 # 10 - 90,4.616956960000039,-74.10142829999995
Concejo 2023,16,LOCALIDAD 16 PUENTE ARANDA,SAN EUSEBIO,942,98,10.4,Colegio Distrital Benjamín Herrera Sede A,CRA 51 A # 26 - 38 Sur,4.60340012000006,-74.12382050999997
Concejo 2023,16,LOCALIDAD 16 PUENTE ARANDA,SAN RAFAEL,3758,427,11.36,Colegio Distrital Rafaél Sorrento - Sede B,CLL 4 F # 53 - 55,4.619919490000029,-74.11365582999997
Concejo 2023,16,LOCALIDAD 16 PUENTE ARANDA,SANTA MATILDE,3963,536,13.53,Colegio Distrital Marco Antonio Carreño - Sede B,CLL 1 # 34 B 20 / CLL 1 B # 35 - 20,4.603050430000053,-74.10943883999994
Concejo 2023,16,LOCALIDAD 16 PUENTE ARANDA,SANTA RITA,5255,698,13.28,Colegio Distrital de Cultura Popular - Sede B,CRA 41 # 34 - 35 Sur,4.598047750000035,-74.12372762999996
Concejo 2023,17,LOCALIDAD 17 CANDELARIA,ALCALDIA MAYOR,4299,786,18.28,Parqueadero de La Alcaldía Mayor y Palacio de Justicia,"CRA 8 # 10 - 65 Entre Calles 10, 11 y 12",4.598427600000036,-74.07650555999999
Concejo 2023,17,LOCALIDAD 17 CANDELARIA,ARCHIVO DISTRITAL,3761,674,17.92,Archivo Distrital,CLL 6 B # 5 - 75,4.5916819900000405,-74.07713534999993
Concejo 2023,17,LOCALIDAD 17 CANDELARIA,AUTONOMA DE COLOMBIA,928,134,14.44,Fundación Universidad Autónoma de Colombia,CLL 12 B # 4 - 31,4.598427880000031,-74.07209575999997
Concejo 2023,17,LOCALIDAD 17 CANDELARIA,COLEGIO MAYOR SAN BARTOLOME,2056,317,15.42,Colegio Mayor San Bartolomé,CRA 7 # 9 - 54,4.596770700000036,-74.07607922999995
Concejo 2023,17,LOCALIDAD 17 CANDELARIA,EGIPTO,2684,346,12.89,Escuela Nacional de Comercio -  Sede B,CRA 3 Este # 9 - 77,4.592943400000024,-74.07001943999995
Concejo 2023,17,LOCALIDAD 17 CANDELARIA,EGIPTO ESCUELA QUINTA DIAZ,660,79,11.97,Escuela Nacional de Comercio (Sede Bachillerato),CLL 9A # 0 - 30 Este / CLL 9 A # 0 - 22 Este,4.593216810000058,-74.07054775999995
Concejo 2023,17,LOCALIDAD 17 CANDELARIA,LA CONCORDIA,4013,873,21.75,Colegio Distrital La Concordia,CLL 12D # 1A - 09 / CLL 12C # 1A - 24,4.598773000000051,-74.06917662999996
Concejo 2023,17,LOCALIDAD 17 CANDELARIA,LA SALLE CANDELARIA,563,91,16.16,Universidad de La Salle,CRA 2 # 10 - 70 / CRA 2 # 10 - 52 ,4.5949023900000725,-74.07107874999997
Concejo 2023,17,LOCALIDAD 17 CANDELARIA,MURILLO TORO,3263,417,12.78,Ministerio de las Tecnologías de la Información,CRA 8 # 12 A - 14 / CRA 7 # 12 A - 37,4.6001000000000545,-74.07499999999999
Concejo 2023,18,LOCALIDAD 18 RAFAEL URIBE URIB,ALCALDIA QUIROGA,4878,708,14.51,Colegio Distrital Clemencia de Caycedo,CLL 32 Sur # 22 - 30,4.580469760000028,-74.11464625999997
Concejo 2023,18,LOCALIDAD 18 RAFAEL URIBE URIB,ALEJANDRO OBREGON GUSTAVO REST,3153,432,13.7,,,,
Concejo 2023,18,LOCALIDAD 18 RAFAEL URIBE URIB,ALEXANDER FLEMING SAN JORGE,3421,412,12.04,Colegio Distrital Alexander Fleming - Sede B,CLL 43 Sur # 16 A - 40 /DIAG 45 Bis B Sur # 13 F - 41,4.5715935500000455,-74.12031360999998
Concejo 2023,18,LOCALIDAD 18 RAFAEL URIBE URIB,ALIANZA QUIROGA,2346,367,15.64,Colegio Distrital Alianza Quiroga,CRA 23 # 35 - 20 Sur,4.57960324000004,-74.11728742999998
Concejo 2023,18,LOCALIDAD 18 RAFAEL URIBE URIB,BRAVO PAEZ,2096,290,13.84,Colegio Distrital Rafael Delgado Salguero (General Paez) - Sede A,CRA 26 B # 35 B - 49 Sur,4.5848005000000285,-74.12037853999993
Concejo 2023,18,LOCALIDAD 18 RAFAEL URIBE URIB,CAFAM SANTA LUCIA,1017,162,15.93,Colegio Distrital Cafam Santa Lucía,DIAG 36 Sur # 16 B - 26 / CRA 13 G # 37 - 80 Sur,4.5747160000000235,-74.11847699999998
Concejo 2023,18,LOCALIDAD 18 RAFAEL URIBE URIB,CENTENARIO,2305,338,14.66,Instituto San Pablo Apóstol - ISPA,CRA 24 B # 29 A - 02 Sur,4.584835380000072,-74.11268451999996
Concejo 2023,18,LOCALIDAD 18 RAFAEL URIBE URIB,CENTRAL QUIROGA,2863,409,14.29,Colegio Distrital Bravo Páez,CLL 37 Sur # 23 - 51,4.579885020000063,-74.11908819999996
Concejo 2023,18,LOCALIDAD 18 RAFAEL URIBE URIB,CIUDAD BOCHICA SUR,5579,711,12.74,Colegio Distrital Alfredo Iriarte - Sede A,TRV 5 J # 48 F - 69 Sur / TRV 5 L Bis # 48 F - 69 Sur,4.557649000000026,-74.11213381999994
Concejo 2023,18,LOCALIDAD 18 RAFAEL URIBE URIB,CLARET,3177,448,14.1,Colegio Distrital Manuel del Socorro Rodríguez - Sede B,CLL 46 Sur # 27 - 12,4.583001400000057,-74.12841806999995
Concejo 2023,18,LOCALIDAD 18 RAFAEL URIBE URIB,COLEGIO  RESTREPO MILLAN SEDE  A,875,150,17.14,,,,
Concejo 2023,18,LOCALIDAD 18 RAFAEL URIBE URIB,COLEGIO  TORIBIO DE MOGROVEJO,173,23,13.29,,,,
Concejo 2023,18,LOCALIDAD 18 RAFAEL URIBE URIB,COLEGIO JOSE MARTI LUIS LOPEZ DE MESA,148,23,15.54,,,,
Concejo 2023,18,LOCALIDAD 18 RAFAEL URIBE URIB,COUNTRY SUR,6921,1094,15.81,Colegio Distrital Enrique Olaya Herrera,CRA 10 # 31 - 29 Sur,4.5681729900000505,-74.10245540999995
Concejo 2023,18,LOCALIDAD 18 RAFAEL URIBE URIB,COVIVIENDA DEL SUR ORIENTE,3797,495,13.04,Colegio Distrital Diana Turbay - Sede A,DIAG 48 Z Sur # 4 B - 10,4.547539880000045,-74.11013650999996
Concejo 2023,18,LOCALIDAD 18 RAFAEL URIBE URIB,DIANA TURBAY,2031,318,15.66,,,,
Concejo 2023,18,LOCALIDAD 18 RAFAEL URIBE URIB,EL MIRADOR,122,17,13.93,Colegio Distrital Alfredo Iriarte Sede B,DIAG 48 J Sur # 9 - 14,4.559660060000056,-74.11626096999998
Concejo 2023,18,LOCALIDAD 18 RAFAEL URIBE URIB,EL SOCORRO SUR,1865,243,13.03,Colegio Distrital Alexander Fleming - Sede D,CLL 50 B Sur # 13 A - 32,4.564808620000065,-74.12448236999995
Concejo 2023,18,LOCALIDAD 18 RAFAEL URIBE URIB,ESTADOS UNIDOS DE AMERICA,615,76,12.36,Colegio Distrital Estados Unidos de América,CLL 22 Sur # 22 - 65 / CLL 22 Sur # 24 B - 65,4.584815530000071,-74.10600814999998
Concejo 2023,18,LOCALIDAD 18 RAFAEL URIBE URIB,GRANJAS DE SAN PABLO,2185,185,8.47,Colegio Distrital José Marti - Sede C,CLL 40 D Sur # 12 J - 39,4.57151293000004,-74.11613731999995
Concejo 2023,18,LOCALIDAD 18 RAFAEL URIBE URIB,GUSTAVO RESTREPO,3482,506,14.53,Colegio Distrital Gustavo Restrepo - Sede A,CRA 12 H Bis B # 28 C - 24 Sur,4.575755500000071,-74.10616393999999
Concejo 2023,18,LOCALIDAD 18 RAFAEL URIBE URIB,IDIPRON UPI MOLINOS,1053,101,9.59,IDIPRON UPI Molinos (Unidad de Prevención Infantil),CRA 5 A Bis # 48N-48 Sur,4.553168190000065,-74.10886904999995
Concejo 2023,18,LOCALIDAD 18 RAFAEL URIBE URIB,INGLES,3460,558,16.13,Colegio Distrital Restrepo Millán - Sede B,CLL 40 Sur # 26 - 90 / CLL 41 Sur # 26 - 44,4.583322850000059,-74.12341538999993
Concejo 2023,18,LOCALIDAD 18 RAFAEL URIBE URIB,INTEG. RAFAEL DELGADO SALGUERO,423,62,14.66,,,,
Concejo 2023,18,LOCALIDAD 18 RAFAEL URIBE URIB,LA MARQUEZA,737,96,13.03,Integración Social Mi Taller Creativo,TRV 1 B Este # 49 B - 20 Sur,4.543018000000075,-74.10695699999997
Concejo 2023,18,LOCALIDAD 18 RAFAEL URIBE URIB,LAS COLINAS,1996,230,11.52,Colegio Distrital José Marti - Sede B,DIAG 32 B Sur # 15 C - 25 / DIAG 32 B Sur # 13 B - 17,4.5743693100000655,-74.11286773999996
Concejo 2023,18,LOCALIDAD 18 RAFAEL URIBE URIB,LAS LOMAS,3477,426,12.25,Colegio Distrital Misael Pastrana Borrero,CRA 10 A # 39 - 05 Sur,4.564671510000039,-74.10835907999996
Concejo 2023,18,LOCALIDAD 18 RAFAEL URIBE URIB,LIBERTADOR II,3213,491,15.28,Colegio Distrital El Libertador,CLL 32 Sur # 24 B - 20,4.584036610000055,-74.11613920999997
Concejo 2023,18,LOCALIDAD 18 RAFAEL URIBE URIB,LICEO FEMENINO MERCEDES NARIÑO,364,76,20.88,Colegio Distrital Liceo Femenino Mercedes Nariño,AV CRA 14 # 23 - 24 Sur /CRA 14 # 22A - 24 Sur,4.580559060000041,-74.10338390999993
Concejo 2023,18,LOCALIDAD 18 RAFAEL URIBE URIB,LICEO PSICOPEDAGOGICO MARCO FIDEL SUAREZ,808,114,14.11,Colegio Liceo Psicopedagógico Marco Fidel Suárez,DIAG 46 Sur #13 - 40,4.567893390000052,-74.11835891999993
Concejo 2023,18,LOCALIDAD 18 RAFAEL URIBE URIB,LICEO SAN PABLO,543,75,13.81,Liceo Psicopedagógico San Pablo,TRV 5 G # 48 P - 03 /CLL 48 P Sur # 5 G - 07,4.5544558800000345,-74.11162578999995
Concejo 2023,18,LOCALIDAD 18 RAFAEL URIBE URIB,LOS MOLINOS II SECTOR,4024,663,16.48,Colegio Distrital Colombia Viva - Sede A,TRV 5 A # 48 M - 50 Sur,4.553589050000028,-74.10769519999997
Concejo 2023,18,LOCALIDAD 18 RAFAEL URIBE URIB,MARCO FIDEL SUAREZ,3771,496,13.15,Colegio Distrital Reino de Holanda - Sede A,TRV 13 G Bis # 46 - 35 Sur,4.568143760000055,-74.12201370999998
Concejo 2023,18,LOCALIDAD 18 RAFAEL URIBE URIB,MARIA CANO,2200,369,16.77,Colegio Distrital María Cano,TRV 5 U # 48 J - 30 Sur,4.559253420000061,-74.11541592999998
Concejo 2023,18,LOCALIDAD 18 RAFAEL URIBE URIB,MARRUECOS APARTAMENTOS,2168,287,13.24,Salón Comunal Marruecos,CLL 48 P # 5 L - 40 Sur / CLL 48 Q Sur # 5 J - 86,4.554367680000041,-74.11256656999996
Concejo 2023,18,LOCALIDAD 18 RAFAEL URIBE URIB,MIRADOR DE MARROCOS,646,79,12.23,Salón Comunal Mirador de Marrocos,TRV 5 P # 48 J - 31 Sur,4.557800500000042,-74.11357176999996
Concejo 2023,18,LOCALIDAD 18 RAFAEL URIBE URIB,MOLINOS DEL SUR,8008,1125,14.05,Colegio Distrital Marruecos y Molinos - Sede A,CLL 49 D Bis Sur # 5 X - 02,4.555161540000029,-74.11787293999998
Concejo 2023,18,LOCALIDAD 18 RAFAEL URIBE URIB,OLAYA,3091,476,15.4,Colegio Distrital Antonio Baraya -  Sede A,CLL 27 Sur # 22 A - 02,4.583496480000065,-74.10905678999995
Concejo 2023,18,LOCALIDAD 18 RAFAEL URIBE URIB,PALERMO SUR,2963,370,12.49,Colegio Distrital Palermo Sur,TRV 2 B Bis # 49 D - 41 Sur,4.543099720000043,-74.10971793999994
Concejo 2023,18,LOCALIDAD 18 RAFAEL URIBE URIB,PARROQUIAL SAN JOSE,836,120,14.35,Colegio Parroquial San José,TRV 13 H # 45 B - 33 Sur /TRV 13 H # 45 F - 33 Sur ,4.569197000000031,-74.12211399999995
Concejo 2023,18,LOCALIDAD 18 RAFAEL URIBE URIB,PROVIDENCIA,765,80,10.46,Colegio Distrital Alfredo Iriarte - Sede C,TRV 11 A # 49 D - 12 Sur / TRV 11 D # 49 D - 57 Sur,4.56171992000003,-74.12083405999994
Concejo 2023,18,LOCALIDAD 18 RAFAEL URIBE URIB,QUIROGA,3322,526,15.83,Colegio Distrital Clemencia Holguín de Urdaneta,CLL 30 Sur # 19 B - 25,4.579222340000058,-74.11055170999998
Concejo 2023,18,LOCALIDAD 18 RAFAEL URIBE URIB,RAFAEL DELGADO SEDE C,460,33,7.17,Colegio Distrital Rafael Delgado Salguero - Sede C,CLL 41 Sur # 31 - 81 / CLL 41 Bis Sur # 31 - 46,4.587100000000021,-74.12519999999995
Concejo 2023,18,LOCALIDAD 18 RAFAEL URIBE URIB,RAFAEL URIBE LA PAZ,1407,164,11.66,Colegio Distrital La Paz,DIAG 52 A Sur # 4 P - 10,4.543710450000049,-74.11728252999995
Concejo 2023,18,LOCALIDAD 18 RAFAEL URIBE URIB,REINO DE HOLANDA,2311,255,11.03,Colegio Distrital Reino de Holanda - Sede B,DIAG 46 Sur # 12 A - 32,4.567280720000042,-74.11530817999994
Concejo 2023,18,LOCALIDAD 18 RAFAEL URIBE URIB,RESURRECCION,1781,208,11.68,Colegio Distrital José Marti - Sede D,DIAG 32 B Sur # 12 B - 36 / CLL 36 D Sur # 11 D - 40 ,4.568414240000038,-74.10933182999997
Concejo 2023,18,LOCALIDAD 18 RAFAEL URIBE URIB,SALON COMUNAL DIANAT SECTOR AYACUCHO,108,11,10.19,,,,
Concejo 2023,18,LOCALIDAD 18 RAFAEL URIBE URIB,SALON COMUNAL LA MARQUEZA,1130,97,8.58,Salón Comunal La Marqueza,DIAG 49 B Bis A Sur # 1 B - 35 Este,4.542306560000043,-74.10688149999999
Concejo 2023,18,LOCALIDAD 18 RAFAEL URIBE URIB,SALÓN COMUNAL CEBADAL,184,26,14.13,Salón Comunal Cebadal,CRA 4 D Bis # 52 - 95 Sur,4.543416000000036,-74.11507399999994
Concejo 2023,18,LOCALIDAD 18 RAFAEL URIBE URIB,SALÓN COMUNAL CLARET,1986,299,15.06,Salón Comunal Claret,CLL 46 Sur # 27 - 30,4.583412800000076,-74.12849366999995
Concejo 2023,18,LOCALIDAD 18 RAFAEL URIBE URIB,SALÓN COMUNAL INGLES,857,112,13.07,Salón Comunal Ingles,CLL 41 Sur # 27 - 87 / CRA 26 A # 41 - 10 Sur,4.5833639500000345,-74.12364274999999
Concejo 2023,18,LOCALIDAD 18 RAFAEL URIBE URIB,SALÓN COMUNAL LA PAZ NARANJOS,515,73,14.17,Salón Comunal La Paz Naranjos,DIAG 54 Sur # 3F - 17,4.541364460000068,-74.11372138999997
Concejo 2023,18,LOCALIDAD 18 RAFAEL URIBE URIB,SAN AGUSTIN SUR,5234,621,11.86,Colegio Distrital San Agustín - Sede A,CLL 49 C Sur # 5 C - 41,4.547747280000067,-74.11336674999995
Concejo 2023,18,LOCALIDAD 18 RAFAEL URIBE URIB,SAN JORGE,998,158,15.83,Colegio Distrital  Alexander Fleming - sede A,CLL 45 A Sur # 14 A - 19 / DIAG 45 Bis B Sur # 13F - 36,4.571675030000051,-74.11984847999997
Concejo 2023,18,LOCALIDAD 18 RAFAEL URIBE URIB,SAN JOSE,4029,585,14.52,,,,
Concejo 2023,18,LOCALIDAD 18 RAFAEL URIBE URIB,SAN JUANITO,822,116,14.11,Plazoleta entrada del almacén ARA - Conjunto Asturias Real,AV Caracas # 37 - 48 Sur,4.5758363200000645,-74.11861098999998
Concejo 2023,18,LOCALIDAD 18 RAFAEL URIBE URIB,SANTA LUCIA,3993,630,15.78,Colegio Distrital Manuel del Socorro Rodríguez - Sede A,TRV 23 Bis # 44 - 90 Sur,4.577615820000062,-74.12599363999993
Concejo 2023,18,LOCALIDAD 18 RAFAEL URIBE URIB,TORRE MAYOR,142,12,8.45,Colegio Distrital El Libertador Sede B,CLL 33 Sur # 26 G - 10,4.588368020000075,-74.11768288999997
Concejo 2023,18,LOCALIDAD 18 RAFAEL URIBE URIB,VILLA MAYOR LA NUEVA,2201,269,12.22,Salón Comunal Villa Mayor La Nueva,DIAG 41 Sur # 34 A -90,4.589394040000059,-74.12704195999999
Concejo 2023,19,LOCALIDAD 19 CIUDAD BOLIVAR,ALTOS DE JALISCO,698,74,10.6,Salón Comunal,CRA 18 K Bis # 61 B - 52 Sur,4.555775960000062,-74.13929741999993
Concejo 2023,19,LOCALIDAD 19 CIUDAD BOLIVAR,ALTOS DE LA ESTANCIA,640,110,17.19,Colegio Compartir San Isidro,CRA 77 C # 59 A - 15 Sur,4.591730870000049,-74.18192706999997
Concejo 2023,19,LOCALIDAD 19 CIUDAD BOLIVAR,ARBORIZADORA ALTA,7212,1386,19.22,Colegio Distrital Gimnasio Sabio Caldas,CRA 42 # 72 C - 24 Sur /CRA 42 # 73 A - 10 Sur ,4.567857630000049,-74.16372346999998
Concejo 2023,19,LOCALIDAD 19 CIUDAD BOLIVAR,ARBORIZADORA BAJA,6361,1007,15.83,Colegio Distrital Arborizadora Baja,CLL 59 I Sur # 44 A - 02 / CLL 59 Sur # 44 A - 09 ,4.57546332000004,-74.15152411999998
Concejo 2023,19,LOCALIDAD 19 CIUDAD BOLIVAR,ARBORIZADORA BAJA SALON COMUNAL,1393,201,14.43,Salón Comunal Arborizadora Baja,CLL 59 A Sur # 42 - 20,4.574008100000071,-74.15135665999998
Concejo 2023,19,LOCALIDAD 19 CIUDAD BOLIVAR,BALMORAL,784,132,16.84,Centro de Desarrollo Educativo IDIPRON,CRA 70C # 60 B - 05 Sur / AV CRA 70C # 60 B - 05 Sur,4.591654940000069,-74.16167387999997
Concejo 2023,19,LOCALIDAD 19 CIUDAD BOLIVAR,BELLA FLOR,547,72,13.16,Colegio Distrital José María Vargas Vila (Bella Flor),DIAG 74 B Bis A Sur # 26 C - 12 /CRA 27 # 74 B - 51 Sur,4.543303430000037,-74.16173741999995
Concejo 2023,19,LOCALIDAD 19 CIUDAD BOLIVAR,BONAVISTA,5410,914,16.89,Colegio Distrital María Mercedes Carranza,TRV 70 G # 65 - 02 Sur,4.586891000000037,-74.16333299999997
Concejo 2023,19,LOCALIDAD 19 CIUDAD BOLIVAR,BRISAS DEL VOLADOR,1029,94,9.14,Colegio Distrital República de Canadá,CLL 76 Sur # 24 A - 11,4.541085580000072,-74.15459903999994
Concejo 2023,19,LOCALIDAD 19 CIUDAD BOLIVAR,CALASANZ BUENAVISTA,419,83,19.81,,,,
Concejo 2023,19,LOCALIDAD 19 CIUDAD BOLIVAR,CANDELARIA LA NUEVA,8484,1390,16.38,Colegio Distrital Rodrigo Lara Bonilla,DIAG 64 A Sur # 41 - 51 / CRA 43A # 66-51 Sur,4.571103850000043,-74.15287384999993
Concejo 2023,19,LOCALIDAD 19 CIUDAD BOLIVAR,CARACOLI,1048,162,15.46,Salón Comunal Nuevo Caracolí,CLL 77 Sur # 73 C 18,4.572640190000072,-74.17115116999997
Concejo 2023,19,LOCALIDAD 19 CIUDAD BOLIVAR,CASA DE LA CULTURA CIUDAD BOLIVAR,1631,291,17.84,Casa de la Cultura Ciudad Bolívar,CRA 38 # 59 B - 43 Sur / CL 59B Bis Sur # 38 - 05,4.572982840000066,-74.15093494999996
Concejo 2023,19,LOCALIDAD 19 CIUDAD BOLIVAR,CASA GRANDE,1829,267,14.6,,,,
Concejo 2023,19,LOCALIDAD 19 CIUDAD BOLIVAR,CASA LINDA TUNAL UNIDAD 2,1422,205,14.42,Conjunto Residencial Casa Linda Del Tunal Unidad 2,CLL 60 Sur # 22 B - 55,4.569139030000031,-74.14470499999999
Concejo 2023,19,LOCALIDAD 19 CIUDAD BOLIVAR,CASAVIANCA,1811,271,14.96,,,,
Concejo 2023,19,LOCALIDAD 19 CIUDAD BOLIVAR,CASONA DEL LIBERTADOR,5583,801,14.35,,,,
Concejo 2023,19,LOCALIDAD 19 CIUDAD BOLIVAR,COLEGIO CIUDAD BOLIVAR ARGENTINA IED,1072,160,14.93,Colegio Distrital Ciudad Bolívar Argentina,CLL 70 Sur # 54 - 12 /CLL 70 Sur # 56 - 45,4.5782415900000615,-74.16500349999995
Concejo 2023,19,LOCALIDAD 19 CIUDAD BOLIVAR,COLEGIO FANNY MIKEY,1037,149,14.37,Colegio Distrital Fanny Mikey,CRA 18 # 70 A - 05 Sur / CRA 18N # 70 A - 51 Sur,4.549826460000077,-74.15253320999994
Concejo 2023,19,LOCALIDAD 19 CIUDAD BOLIVAR,CORDILLERA,642,84,13.08,Colegio Distrital José Jaime Rojas,CRA 18 R # 77 - 16 Sur / CLL 77 A # 18 U - 91 Sur,4.539866760000052,-74.14964727999995
Concejo 2023,19,LOCALIDAD 19 CIUDAD BOLIVAR,DIVINO NIÑO,778,92,11.83,Comedor Comunitario,CLL 78 C Sur # 16 - 29 /CLL 78 C Sur # 16 P - 29,4.537809190000075,-74.13810351999996
Concejo 2023,19,LOCALIDAD 19 CIUDAD BOLIVAR,EL MIRADOR,2079,256,12.31,Colegio Distrital Paraíso Mirador,CRA 27 L # 71 H - 46 Sur,4.55155805000004,-74.16189114999997
Concejo 2023,19,LOCALIDAD 19 CIUDAD BOLIVAR,EL PARAISO,2861,349,12.2,Colegio Distrital Paraíso Mirador - Sede B,CRA 27 B # 71 C - 12 Sur,4.552388760000042,-74.15899211999994
Concejo 2023,19,LOCALIDAD 19 CIUDAD BOLIVAR,EL TESORO,3715,598,16.1,Colegio Distrital Bicentenario,CLL 81 Sur # 18 M - 02 / CLL 81 Sur # 18 P - 08,4.534972580000044,-74.14944513999995
Concejo 2023,19,LOCALIDAD 19 CIUDAD BOLIVAR,ESTRELLA DEL SUR,2755,351,12.74,Colegio Distrital Estrella del Sur - Sede C,CLL 74 A Sur # 18 - 23,4.5430990500000235,-74.14255463999996
Concejo 2023,19,LOCALIDAD 19 CIUDAD BOLIVAR,GALICIA,8910,1657,18.6,Colegio Distrital Cundinamarca,CLL 60 A Sur # 73 - 31,4.5909999100000505,-74.17067691999995
Concejo 2023,19,LOCALIDAD 19 CIUDAD BOLIVAR,GRAN PLAZA EL ENSUEÑO,9985,1848,18.51,Centro Comercial Gran Plaza El Ensueño,CRA 51 # 59 C - 93 Sur/ CLL 59 Sur # 51 - 21,4.581217550000076,-74.15675720999997
Concejo 2023,19,LOCALIDAD 19 CIUDAD BOLIVAR,ICES LAS BRISAS,255,91,35.69,Colegio Cerro del Sur,CLL 81 Sur # 42 - 09,4.56824148000004,-74.17109081999996
Concejo 2023,19,LOCALIDAD 19 CIUDAD BOLIVAR,ISMAEL PERDOMO,8711,1227,14.09,Colegio Distrital Ismael Perdomo,CLL 64 Sur # 71 F - 18,4.587222700000041,-74.16541519999998
Concejo 2023,19,LOCALIDAD 19 CIUDAD BOLIVAR,JARDIN INFANTIL LARA BONILLA,868,109,12.56,Jardín Infantil Lara Bonilla,TRV 49 # 59 C - 15 Sur,4.578444770000033,-74.15479065999995
Concejo 2023,19,LOCALIDAD 19 CIUDAD BOLIVAR,JERUSALEN (EL TANQUE),4016,649,16.16,Colegio Distrital Tanque Laguna - Sede B,CLL 75 Sur # 46 B - 16,4.571907090000025,-74.16542992999996
Concejo 2023,19,LOCALIDAD 19 CIUDAD BOLIVAR,JOSE CELESTINO MUTIS,3583,659,18.39,Vía pública al costado del Colegio Distrital Rodrigo Lara Bonilla Sede B (José Celesti# Mutis),CRA 29 entre Calles 64 y 64 C Sur,4.568745080000042,-74.14997740999996
Concejo 2023,19,LOCALIDAD 19 CIUDAD BOLIVAR,JUAN PABLO II,3495,489,13.99,Colegio Distrital Santa Bárbara,CRA 18 P # 67 C - 21 Sur /CRA 18 Q Bis B # 67 C - 21 Sur,4.555261990000076,-74.14786307999998
Concejo 2023,19,LOCALIDAD 19 CIUDAD BOLIVAR,LA ACACIA,7216,906,12.56,Colegio Distrital La Acacia II - Sede A,CLL 62 Sur # 19 B – 42,4.560672140000065,-74.14226651999996
Concejo 2023,19,LOCALIDAD 19 CIUDAD BOLIVAR,LA CORUÑA - LICEO CONTADORA,1415,227,16.04,Liceo Contadora,CLL 59 Sur # 45 D - 15 / CLL 59 C Sur # 45 D - 15,4.575745020000056,-74.15352522999996
Concejo 2023,19,LOCALIDAD 19 CIUDAD BOLIVAR,LA ESTANCIA,6828,1255,18.38,Colegio Distrital La Estancia San Isidro,CLL 59 A Sur # 75 B - 75 CRA 75 # 59 - 45 Sur,4.593077630000039,-74.17636491999997
Concejo 2023,19,LOCALIDAD 19 CIUDAD BOLIVAR,LAS MANAS,161,35,21.74,,,,
Concejo 2023,19,LOCALIDAD 19 CIUDAD BOLIVAR,LAS QUINTAS,866,140,16.17,Colegio Distrital Estrella del Sur Sede B,CLL 75 Sur # 18 B - 45,4.542262440000059,-74.14440777999994
Concejo 2023,19,LOCALIDAD 19 CIUDAD BOLIVAR,LUCERO DEL SUR,4575,617,13.49,Colegio Distrital León de Greiff,CRA 17 B Bis A # 67 - 30 Sur / CRA 17 B Bis A # 67 - 48 Sur,4.550661160000061,-74.13841959999996
Concejo 2023,19,LOCALIDAD 19 CIUDAD BOLIVAR,LUCERO MEDIO,2187,248,11.34,Colegio Distrital El Recuerdo - Sede A,CLL 69 Sur # 18 B - 35,4.549026850000075,-74.14561459999999
Concejo 2023,19,LOCALIDAD 19 CIUDAD BOLIVAR,MADELENA,6411,1046,16.32,Colegio Distrital El Ensueño,TRV 70 D # 60 - 90 Sur,4.5863692100000435,-74.15838840999999
Concejo 2023,19,LOCALIDAD 19 CIUDAD BOLIVAR,MANUELA BELTRAN,2870,321,11.18,Colegio Distrital Paraíso Manuela Beltrán - Sede A,CRA 45 C # 69 D - 15 Sur /CLL 69 D Sur # 45 B - 37 ,4.572565190000034,-74.15747734999997
Concejo 2023,19,LOCALIDAD 19 CIUDAD BOLIVAR,MARANDU,211,37,17.54,Colegio Distrital Santa Barbara Sur,CRA 18 U # 65 - 01 SUR,4.557569220000062,-74.14606567999994
Concejo 2023,19,LOCALIDAD 19 CIUDAD BOLIVAR,MEISSEN,2267,293,12.92,Colegio Distrital Guillermo Ca# Isaza,CRA 16 C # 62 - 35 Sur /CRA 16 C # 62 - 81 Sur ,4.556714750000026,-74.13563345999995
Concejo 2023,19,LOCALIDAD 19 CIUDAD BOLIVAR,MEXICO,6256,738,11.8,Colegio Distrital República de México - Sede Principal,CLL 64 Sur # 17 - 50 / CRA 17 # 64 - 14 Sur,4.555005580000056,-74.13659954999997
Concejo 2023,19,LOCALIDAD 19 CIUDAD BOLIVAR,MILLAN,192,23,11.98,,,,
Concejo 2023,19,LOCALIDAD 19 CIUDAD BOLIVAR,MOCHUELO ALTO,449,76,16.93,Colegio Distrital Rural Mochuelo Alto,KM 24 Vía a Pasquilla,4.488795610000068,-74.14828890999996
Concejo 2023,19,LOCALIDAD 19 CIUDAD BOLIVAR,MOCHUELO BAJO,1206,164,13.6,Colegio Distrital José Celestino Mutis,El Clavel KM 10 Vía Quiba,4.510414230000038,-74.15202863999997
Concejo 2023,19,LOCALIDAD 19 CIUDAD BOLIVAR,MONTREAL,985,136,13.81,Colegio Rómulo Gallego Sede B (Villas del Diamante),CRA 17 B # 64 B - 45 Sur,4.553398000000072,-74.13828899999999
Concejo 2023,19,LOCALIDAD 19 CIUDAD BOLIVAR,NUEVA ARGENTINA,1330,168,12.63,Colegio Distrital Ciudad Bolívar Argentina - Sede B,CLL 72 Sur # 47 B - 09,4.573266180000076,-74.16226332999997
Concejo 2023,19,LOCALIDAD 19 CIUDAD BOLIVAR,PASQUILLA,555,53,9.55,Colegio Distrital Rural Pasquilla,KM 5 Vía Olarte,4.448451590000047,-74.15583651999998
Concejo 2023,19,LOCALIDAD 19 CIUDAD BOLIVAR,POLIDEPORTIVO LA ESTANCIA,2745,509,18.54,Polideportivo La Estancia,CLL 59 Sur # 74 - 19 / CLL 59 Sur # 74C - 06,4.592812710000032,-74.17372989999996
Concejo 2023,19,LOCALIDAD 19 CIUDAD BOLIVAR,POTOSI (LA LAGUNA),2339,551,23.56,Colegio Distrital Sierra Morena -  Sede C (Divino Niño),TRV 46 A # 79 D - 15 Sur,4.570871200000056,-74.16954199999998
Concejo 2023,19,LOCALIDAD 19 CIUDAD BOLIVAR,ROGELIO SALMONA,1952,258,13.22,Colegio Distrital Rogelio Salmona,CLL 59 Sur # 65 - 42,4.587342730000046,-74.15492847999997
Concejo 2023,19,LOCALIDAD 19 CIUDAD BOLIVAR,SALON COMUNAL SAN  FRANCISCO I SECTOR,731,85,11.63,,,,
Concejo 2023,19,LOCALIDAD 19 CIUDAD BOLIVAR,SALON COMUNAL SIERRA MORENA I,446,81,18.16,Salón Comunal Sierra Morena I,CRA 73 D # 69 B - 04 Sur,4.581285370000046,-74.16745588999999
Concejo 2023,19,LOCALIDAD 19 CIUDAD BOLIVAR,SAN FRANCISCO,8565,1111,12.97,Colegio Distrital Nicolas Gómez Dávila,CLL 67 Sur # 20 D - 20,4.563622940000073,-74.14905784999996
Concejo 2023,19,LOCALIDAD 19 CIUDAD BOLIVAR,SAN FRANCISCO SEDE A,3518,564,16.03,Colegio Distrital San Francisco Sede A,CRA 22 # 64 - 29 Sur,4.566305000000057,-74.14712699999995
Concejo 2023,19,LOCALIDAD 19 CIUDAD BOLIVAR,SAN FRANCISCO SEDE B,2200,343,15.59,Colegio Distrital San Francisco Sede B,CRA 20 C # 67 - 00 Sur / CLL 67 Sur # 20 A - 51 ,4.562514260000057,-74.14975262999997
Concejo 2023,19,LOCALIDAD 19 CIUDAD BOLIVAR,SAN JOAQUIN DEL VATICANO,3492,448,12.83,Colegio Distrital Don Bosco La Joya Sede A,CLL 80 A Sur # 18 C - 70,4.537077280000062,-74.14493207999993
Concejo 2023,19,LOCALIDAD 19 CIUDAD BOLIVAR,SANTA ROSA,66,10,15.15,Vereda Santa Rosa,Vereda Santa Rosa Zona Rural Ciudad Bolívar Vía Pasquilla,4.397168160000035,-74.16104311999999
Concejo 2023,19,LOCALIDAD 19 CIUDAD BOLIVAR,SANTO DOMINGO,3100,357,11.52,Colegio Distrital Sierra Morena -  Sede B,CLL 62 B Sur # 77 C - 11 / CLL 68 B Sur # 77 A - 07 ,4.5788444400000685,-74.17893963999995
Concejo 2023,19,LOCALIDAD 19 CIUDAD BOLIVAR,SIERRA MORENA,6198,1038,16.75,Colegio Distrital CEDIT Ciudad Bolívar,CLL 70 Sur # 56 - 11,4.577678520000063,-74.16562389999996
Concejo 2023,19,LOCALIDAD 19 CIUDAD BOLIVAR,SOTAVENTO,5586,792,14.18,Colegio Distrital Antonio García,CRA 17 F # 73 A - 31 Sur,4.544400310000071,-74.13939966999999
Concejo 2023,19,LOCALIDAD 19 CIUDAD BOLIVAR,TANQUE-SIERRA MORENA,889,133,14.96,,,,
Concejo 2023,19,LOCALIDAD 19 CIUDAD BOLIVAR,UNION EUROPEA,1021,133,13.03,Colegio Distrital Unión Europea Sede A,CRA 18 M # 63 D - 09 Sur / CRA 18 M # 63 D -15 Sur,4.555916850000074,-74.14190997999998
Concejo 2023,19,LOCALIDAD 19 CIUDAD BOLIVAR,VEREDA QUIBA,666,38,5.71,Colegio Distrital Quiba Alta San Martín - Sede B,Kilómetro 20 Vía a Quiba,4.528303820000076,-74.16620634999998
Concejo 2023,19,LOCALIDAD 19 CIUDAD BOLIVAR,VILLA GLORIA SUR,1228,138,11.24,Colegio Distrital Villa Mar - Sede A,CRA 18 M # 69 J - 25 Sur,4.553459470000064,-74.15275059999993
Concejo 2023,19,LOCALIDAD 19 CIUDAD BOLIVAR,VISTAHERMOSA,5637,752,13.34,Colegio Distrital Rafaél Uribe Uribe,DIAG 71 B Sur # 18 I - 20,4.547101880000071,-74.14905681999994
Concejo 2023,20,LOCALIDAD 20 SUMAPAZ,BETANIA,592,47,7.94,Salón Comunal de Betania,Centro Poblado Corregimiento de Betania,4.217895300000066,-74.14625837999995
Concejo 2023,20,LOCALIDAD 20 SUMAPAZ,LA UNION,333,261,78.38,Salón Comunal La Unión,Centro Poblado Corregimiento de La Unión,3.9857414700000504,-74.36349308999996
Concejo 2023,20,LOCALIDAD 20 SUMAPAZ,LA Y SANTA ROSA,805,181,22.48,,,,
Concejo 2023,20,LOCALIDAD 20 SUMAPAZ,NAZARETH,944,191,20.23,Salón Comunal Nazareth,Centro Poblado Corregimiento de Nazareth,4.172630290000029,-74.14727384999998
Concejo 2023,20,LOCALIDAD 20 SUMAPAZ,NUEVA GRANADA,226,172,76.11,Salón Comunal Nueva Granada,Centro Poblado Nueva Granada,3.890367240000046,-74.35831699999994
Concejo 2023,20,LOCALIDAD 20 SUMAPAZ,SAN JUAN DE SUMAPAZ,589,484,82.17,Salón Comunal Mario Upegui,Centro Poblado Corregimiento de San Juan de Sumapaz,4.028746790000071,-74.31516925999995
JAL 2023,01,LOCALIDAD 1 USAQUEN,ALESSANDRO VOLTA,4510,235,5.21,Colegio Alessandro Volta,CLL 119 # 4 - 79,4.694216800000049,-74.02790711999995
JAL 2023,01,LOCALIDAD 1 USAQUEN,ANGLO AMERICANO,2567,251,9.78,Colegio Anglo Americano,CLL 170 # 8 - 80 /CLL 170 # 8 - 70,4.747961740000051,-74.02898538999995
JAL 2023,01,LOCALIDAD 1 USAQUEN,BUENAVISTA,3526,402,11.4,Colegio Distrital Nuevo Horizonte Sede A,CRA 5 B # 189 B - 30,4.766856690000054,-74.02579166999993
JAL 2023,01,LOCALIDAD 1 USAQUEN,CALAZANS,4943,498,10.07,,,,
JAL 2023,01,LOCALIDAD 1 USAQUEN,CANAIMA,1453,160,11.01,Vía pública,CLL 195 # 19 - 50 Vía Pública / CLL 195 # 20 - 91 Vía Pública,4.772747020000054,-74.04098847999995
JAL 2023,01,LOCALIDAD 1 USAQUEN,CARULLA 140,4508,265,5.88,Almacén Carulla CLL 140 - Parqueadero,CRA 11  # 140 - 20 /CLL 140 # 11 - 20,4.71926086000002,-74.03542253999996
JAL 2023,01,LOCALIDAD 1 USAQUEN,CEDRO GOLF,5614,497,8.85,Parque Cedro Golf,CRA 7 A # 150 - 85,4.725494390000051,-74.02642591999995
JAL 2023,01,LOCALIDAD 1 USAQUEN,CENTRO COMERCIAL BELAIRE PLAZA,1347,134,9.95,Centro Comercial Belaire Plaza,CRA 7 # 152 - 54,4.72691406000007,-74.02445669999997
JAL 2023,01,LOCALIDAD 1 USAQUEN,CENTRO COMERCIAL CEDRITOS 151,10871,742,6.83,Parqueadero Centro Comercial Cedritos 151,CLL 150 # 16 - 56,4.7314900900000225,-74.04181592999998
JAL 2023,01,LOCALIDAD 1 USAQUEN,CENTRO COMERCIAL HACIENDA SANTA BARBARA,7349,273,3.71,Centro Comercial Hacienda Santa Bárbara,CLL 114 CRA 6 Entrada Zona C /CRA 6 # 115 - 65 Entrada F,4.692593030000069,-74.03165672999995
JAL 2023,01,LOCALIDAD 1 USAQUEN,CENTRO COMERCIAL PALATINO,6239,404,6.48,Centro Comercial Palatino,CRA 7 # 138 - 33,4.715298940000025,-74.02903810999999
JAL 2023,01,LOCALIDAD 1 USAQUEN,CENTRO COMERCIAL UNICENTRO,15595,575,3.69,Parqueadero Unicentro,AV CRA 15 # 124 - 30,4.7023787700000526,-74.04262499999999
JAL 2023,01,LOCALIDAD 1 USAQUEN,COLEGIO AGUSTIN FERNANDEZ SEDE A,5349,570,10.66,Colegio Distrital Agustín Fernández - Sede A,CRA 7 # 155 - 20,4.7295440200000485,-74.02379497999993
JAL 2023,01,LOCALIDAD 1 USAQUEN,COLEGIO AQUILEO PARRA SEDE BACHILLERATO,7509,824,10.97,Colegio Distrital Aquileo Parra,CRA 18 A # 187 - 75 /CRA 18 A # 187 - 97,4.766259870000056,-74.03911764999998
JAL 2023,01,LOCALIDAD 1 USAQUEN,COLEGIO BUEN CONSEJO,5663,184,3.25,Colegio Buen Consejo,CLL 104 # 17 - 22entrada por la CLL 105 con CRA 17,4.68997384000005,-74.04904848999996
JAL 2023,01,LOCALIDAD 1 USAQUEN,COLEGIO CAMPESTRE SAN JOSE,3154,139,4.41,Colegio Campestre San José,CLL 128 B # 20 - 80,4.7132078200000365,-74.04955777999999
JAL 2023,01,LOCALIDAD 1 USAQUEN,COLEGIO CARDENAL SANCHA,3232,148,4.58,Colegio Cardenal Sancha,CLL 127 B Bis # 21 - 02,4.709756000000027,-74.05093978999997
JAL 2023,01,LOCALIDAD 1 USAQUEN,COLEGIO COLSUBSIDIO NORTE USAQUEN,7302,583,7.98,Colegio Colsubsidio Norte,CLL 151 # 15 - 70,4.732726000000071,-74.04059599999994
JAL 2023,01,LOCALIDAD 1 USAQUEN,COLEGIO DISTRITAL CRISTOBAL COLON,3012,310,10.29,Colegio Distrital Cristóbal Colón,CLL 165 # 8 A - 03,4.741343000000029,-74.02593299999995
JAL 2023,01,LOCALIDAD 1 USAQUEN,COLEGIO DISTRITAL DIVINO MAESTRO SEDE A,2787,271,9.72,Colegio Distrital Divino Maestro - Sede A,CRA 8 C # 163 B - 20,4.739852820000067,-74.02774595999995
JAL 2023,01,LOCALIDAD 1 USAQUEN,COLEGIO DISTRITAL DIVINO MAESTRO SEDE B,1488,148,9.95,Colegio Distrital Divino Maestro - Sede B,CLL 164 # 7 F - 08 / CRA 7 F # 164 - 51,4.7402532100000485,-74.02522372999994
JAL 2023,01,LOCALIDAD 1 USAQUEN,COLEGIO DISTRITAL LA EQUIDAD SALUDCOOP,289,13,4.5,Colegio Distrital La Equidad SALUDCOOP,CRA 1 Este # 163 - 60,4.735055420000037,-74.01616506999994
JAL 2023,01,LOCALIDAD 1 USAQUEN,COLEGIO DISTRITAL SALUDCOOP NORTE,2801,356,12.71,Colegio Distrital Salud Coop Norte,CLL 181 # 18 B - 83,4.757606000000067,-74.04041199999995
JAL 2023,01,LOCALIDAD 1 USAQUEN,COLEGIO DISTRITAL TOBERIN SEDE A,6492,693,10.67,,,,
JAL 2023,01,LOCALIDAD 1 USAQUEN,COLEGIO DISTRITAL USAQUEN SEDE A,3499,148,4.23,Colegio Distrital Usaquén - Sede A,CLL 127 C # 9 A - 03,4.707009080000034,-74.03447423999995
JAL 2023,01,LOCALIDAD 1 USAQUEN,COLEGIO ESCLAVAS DEL SAGRADO CORAZON,1984,199,10.03,Colegio Esclavas del Sagrado Corazón,CLL 175 # 20 A - 26Entrada por detrás del CC PANAMA,4.755656320000071,-74.04309303999997
JAL 2023,01,LOCALIDAD 1 USAQUEN,COLEGIO FRIEDRICH NAUMANN SEDE A,902,75,8.31,,,,
JAL 2023,01,LOCALIDAD 1 USAQUEN,COLEGIO FRIEDRICH NAUMANN SEDE B,691,94,13.6,,,,
JAL 2023,01,LOCALIDAD 1 USAQUEN,COLEGIO GENERAL SANTANDER USAQUEN,2969,308,10.37,Parque Alta Blanca,CRA 8A # 158 - 04,4.7344863200000304,-74.02905374999995
JAL 2023,01,LOCALIDAD 1 USAQUEN,COLEGIO LA ESTRELLITA,1083,121,11.17,Colegio La Estrellita (antes Don Bosco III),CRA 26 # 187 B - 37 /CLL 187C # 4A - 30 /CRA 4 # 187 D - 09,4.764576000000034,-74.02449415999996
JAL 2023,01,LOCALIDAD 1 USAQUEN,COLEGIO MARIA AUXILIADORA NORTE,932,74,7.94,Colegio María Auxiliadora Norte,CRA 8 G # 166 - 70,4.744558520000055,-74.02956340999998
JAL 2023,01,LOCALIDAD 1 USAQUEN,COLEGIO MAYOR JOSE CELESTINO MUTIS,288,37,12.85,Colegio Mayor José Celestino Mutis,CRA 11 # 185 B - 88,4.7630960000000755,-74.03262163999995
JAL 2023,01,LOCALIDAD 1 USAQUEN,COLEGIO MONTERROSALES,799,107,13.39,Colegio Monterrosales,KM 4.5 Vía La Calera,4.67414296000004,-74.01973278999998
JAL 2023,01,LOCALIDAD 1 USAQUEN,COLEGIO NUEVO HORIZONTE SEDE D TORCA,148,16,10.81,,,,
JAL 2023,01,LOCALIDAD 1 USAQUEN,COLEGIO PROVINMA,4287,373,8.7,Colegio PROVINMA,CLL 145 # 11 - 40,4.723774540000022,-74.03497694999999
JAL 2023,01,LOCALIDAD 1 USAQUEN,COLEGIO PUREZA DE MARIA,4729,339,7.17,Colegio Privado Pureza de María,CRA 7  # 147 - 02,4.722543740000049,-74.02603038999996
JAL 2023,01,LOCALIDAD 1 USAQUEN,COLEGIO SAN FRANCISCO CL 186,2085,259,12.42,,,,
JAL 2023,01,LOCALIDAD 1 USAQUEN,COLEGIO SANS FACON,1797,155,8.63,,,,
JAL 2023,01,LOCALIDAD 1 USAQUEN,"COLEGIO TOBERIN ""B""",3361,397,11.81,,,,
JAL 2023,01,LOCALIDAD 1 USAQUEN,ESCUELA COLOMBIANA DE REHABILITACION,3707,278,7.5,Escuela Colombiana de Rehabilitación,AV CRA 15 # 151 - 68,4.732884050000052,-74.03997240999996
JAL 2023,01,LOCALIDAD 1 USAQUEN,FUNDACION ANA RESTREPO DEL CORRAL,301,16,5.32,Fundación Ana Restrepo del Corral,CLL 130 # 1 – 10 Este,4.705022530000065,-74.02224767999996
JAL 2023,01,LOCALIDAD 1 USAQUEN,I E AQUILEO PARRA SEDE PRIMARIA,327,36,11.01,Colegio Distrital Aquileo Parra Sede Primaria,TRV 18 B # 187 - 43,4.765408610000065,-74.03934941999995
JAL 2023,01,LOCALIDAD 1 USAQUEN,INSTITUTO PEDAGOGICO NACIONAL,5943,300,5.05,Instituto Pedagógico Nacional,AV CLL 127 # 11 - 20,4.704392980000023,-74.03444789999998
JAL 2023,01,LOCALIDAD 1 USAQUEN,LIJACA,5279,567,10.74,Colegio Distrital Unión Colombia - Sede B,CLL 189 # 7 - 05,4.765537420000044,-74.02799442999998
JAL 2023,01,LOCALIDAD 1 USAQUEN,PARQUE CEDRITOS,6243,450,7.21,Parque Cedritos,CRA 9 Entre CLL 145 y 146 / CRA 11 # 145 - 60,4.723401710000076,-74.03252395999993
JAL 2023,01,LOCALIDAD 1 USAQUEN,PLAZA MEXICO,6629,223,3.36,Parqueadero Plaza México,CRA 19 A con CLL 117,4.699343850000048,-74.05045573999996
JAL 2023,01,LOCALIDAD 1 USAQUEN,SALON COMUNAL SAN CRISTOBAL NORTE,608,40,6.58,Salón Comunal San Cristóbal Norte,CLL 162 # 7 G - 37,4.737904300000025,-74.02651205999996
JAL 2023,01,LOCALIDAD 1 USAQUEN,SALON COMUNAL TIBABITA,286,35,12.24,Salón Comunal Tibabita,CRA 8 B # 191 - 04,4.768201210000029,-74.02949775999997
JAL 2023,01,LOCALIDAD 1 USAQUEN,SALON COMUNAL VILLA NIDIA,146,12,8.22,Salón Comunal Villa Nidia,CRA 4 # 160B - 23,4.734658380000042,-74.02081487999999
JAL 2023,01,LOCALIDAD 1 USAQUEN,SAN ANTONIO UNIÓN COLOMBIA,5812,583,10.03,Colegio Distrital Unión Colombia - Sede A,CRA 7 A # 182 A - 07,4.759461830000021,-74.02751643999994
JAL 2023,01,LOCALIDAD 1 USAQUEN,SANTA PAULA,5661,183,3.23,Parqueadero,CRA 13 A # 107 A - 10,4.690482880000047,-74.04258361999996
JAL 2023,01,LOCALIDAD 1 USAQUEN,SANTO TOMAS DE AQUINO,7724,437,5.66,Colegio Santo Tomás de Aquino,CRA 21 # 132 – 46,4.717314540000075,-74.04961493999997
JAL 2023,01,LOCALIDAD 1 USAQUEN,SERVITA,11160,967,8.66,Centro de Atención Distrital Especializado Servitá,CLL 165 # 7 - 38 /CLL 165 # 7 - 52,4.7414059700000735,-74.02346389999997
JAL 2023,01,LOCALIDAD 1 USAQUEN,UNIVERSIDAD EL BOSQUE,7513,450,5.99,Universidad El Bosque,AV CRA 9 # 131 A – 02,4.710340760000065,-74.03238880999999
JAL 2023,01,LOCALIDAD 1 USAQUEN,UNIVERSIDAD MILITAR,2206,101,4.58,Vía Pública Universidad Militar,CRA 11 con CLL 101 Esquina,4.683697680000023,-74.04260518999996
JAL 2023,01,LOCALIDAD 1 USAQUEN,USAQUÉN,8489,624,7.35,Vía Pública,CRA 6A ENTRE CLL 119 Y 120A VIA PUBLICA,4.696280220000062,-74.03074327999997
JAL 2023,01,LOCALIDAD 1 USAQUEN,VERBENAL SANTA MARIA,4058,485,11.95,Colegio Santa María,CRA 11 # 185 B - 17,4.762672440000074,-74.03284929999995
JAL 2023,02,LOCALIDAD 2 CHAPINERO,ANTIGUO COUNTRY PLAZOLETA CARULLA,5592,275,4.92,Carulla - Plazoleta,CRA 15 con CLL 85 Esquina,4.669904140000028,-74.05568486999994
JAL 2023,02,LOCALIDAD 2 CHAPINERO,BETHLEMITAS-CALLE 65,2885,326,11.3,,,,
JAL 2023,02,LOCALIDAD 2 CHAPINERO,CENTRO COMERCIAL DE LA 93,1831,75,4.1,Centro Comercial de la 93,CLL 93 # 14 - 20 Entrada C,4.676842290000025,-74.05147766999994
JAL 2023,02,LOCALIDAD 2 CHAPINERO,CHICO 97,705,22,3.12,,,,
JAL 2023,02,LOCALIDAD 2 CHAPINERO,CHICO LICEO FRANCES LOUIS PASTEUR,7781,204,2.62,Liceo Francés Louis Pasteur,CLL 86 # 7 - 40,4.666711980000059,-74.04677355999996
JAL 2023,02,LOCALIDAD 2 CHAPINERO,CHICO NORTE,4849,278,5.73,Parqueadero,AV CLL 100 # 16 - 75,4.685075570000038,-74.04965463999997
JAL 2023,02,LOCALIDAD 2 CHAPINERO,CHICO RESERVADO,4156,172,4.14,Parqueadero Olímpica,CLL 97 # 10 - 45,4.6797337100000505,-74.04422465999994
JAL 2023,02,LOCALIDAD 2 CHAPINERO,COLEGIO CAMPESTRE MONTEVERDE SAN LUIS,2663,408,15.32,Colegio Distrital Campestre Monteverde,CRA 5 C Este # 98 A - 55,4.670209740000075,-74.02153894999998
JAL 2023,02,LOCALIDAD 2 CHAPINERO,COLEGIO DEL ROSARIO DE SANTO DOMINGO,446,24,5.38,Colegio del Rosario de Santo Domingo,CLL 68 # 0 - 51 Este /CLL 68 # 1 - 51 Este,4.647583970000028,-74.05235526999996
JAL 2023,02,LOCALIDAD 2 CHAPINERO,COLEGIO LICEO DE CERVANTES EL RETIRO,1856,54,2.91,Colegio Liceo de Cervantes El Retiro,CRA 8 # 83 - 29 /CRA 8 # 84A - 37,4.664575900000045,-74.04943287999998
JAL 2023,02,LOCALIDAD 2 CHAPINERO,COLEGIO NUEVO GIMNASIO,889,68,7.65,Colegio Nuevo Gimnasio,CLL 81  # 11 - 71 / CLL 80 # 11 - 70,4.664884250000057,-74.05461493999996
JAL 2023,02,LOCALIDAD 2 CHAPINERO,COLEGIO SIMON RODRIGUEZ SEDE A,2584,377,14.59,Colegio Distrital  Simón Rodríguez Sede A,CLL 69 # 11 - 27,4.654052440000044,-74.06109617999994
JAL 2023,02,LOCALIDAD 2 CHAPINERO,EL AQUINATE U. SANTO TOMAS,1279,177,13.84,,,,
JAL 2023,02,LOCALIDAD 2 CHAPINERO,GRANADA COLEGIO SIMON RODRIGUEZ SEDE B,1423,186,13.07,Colegio Distrital Simón Rodríguez - Sede B,CLL 65 Bis # 4 - 90,4.648396260000027,-74.05664862999998
JAL 2023,02,LOCALIDAD 2 CHAPINERO,MARISCAL SUCRE SEDE B,303,52,17.16,,,,
JAL 2023,02,LOCALIDAD 2 CHAPINERO,MUSEO DEL CHICO,2282,72,3.16,Museo del Chico,CRA 7 # 93 - 01 / AV CRA 7 # 93 - 51,4.6728828500000645,-74.04334129999995
JAL 2023,02,LOCALIDAD 2 CHAPINERO,PARQUEADERO CHICO CALLE 90,1470,64,4.35,,,,
JAL 2023,02,LOCALIDAD 2 CHAPINERO,SALON COMUNAL PARAISO EL TROPIHUECO,560,105,18.75,Vía Pública Salón Comunal Paraíso El Tropihueco,TRV 1 Este # 40 B - 90,4.626993920000075,-74.06058271999996
JAL 2023,02,LOCALIDAD 2 CHAPINERO,SENA CALLE 52,3409,646,18.95,,,,
JAL 2023,02,LOCALIDAD 2 CHAPINERO,SENA CALLE 65,2463,401,16.28,,,,
JAL 2023,02,LOCALIDAD 2 CHAPINERO,U. SANTO TOMAS CLAUSTRO,1948,337,17.3,,,,
JAL 2023,02,LOCALIDAD 2 CHAPINERO,UNIVERSIDAD AREA ANDINA,322,38,11.8,Universidad Área Andina,AV Caracas # 69 - 44,4.655955820000031,-74.06230299999999
JAL 2023,02,LOCALIDAD 2 CHAPINERO,UNIVERSIDAD CATOLICA,1968,348,17.68,Universidad Católica de Colombia,CRA 14 # 47 - 44,4.634848980000072,-74.06707901999994
JAL 2023,02,LOCALIDAD 2 CHAPINERO,UNIVERSIDAD DE LA SALLE,2362,382,16.17,Universidad de La Salle,CRA 5 # 59 A - 44,4.644731880000052,-74.06006504999993
JAL 2023,02,LOCALIDAD 2 CHAPINERO,UNIVERSIDAD DISTRITAL,3347,728,21.75,Universidad Distrital,CRA 8 # 40 B - 62 / 64,4.628189520000035,-74.06579504999996
JAL 2023,02,LOCALIDAD 2 CHAPINERO,UNIVERSIDAD EAN,5345,213,3.99,Universidad EAN,CLL 79 # 11 - 45 / CRA 11 # 78 - 47,4.663431080000066,-74.05480024999997
JAL 2023,02,LOCALIDAD 2 CHAPINERO,UNIVERSIDAD JAVERIANA,640,90,14.06,Universidad Javeriana,CLL 40 B # 5 - 37,4.626828340000031,-74.06433563999997
JAL 2023,02,LOCALIDAD 2 CHAPINERO,UNIVERSIDAD KONRAD LORENZ,4177,556,13.31,Fundación Universitaria Konrad Lorenz,CRA 9 Bis # 62 - 43,4.648417560000041,-74.06145695999999
JAL 2023,02,LOCALIDAD 2 CHAPINERO,UNIVERSIDAD PEDAGOGICA NACIONAL,3708,537,14.48,Universidad Pedagógica Nacional,CLL 72 # 11 - 86,4.657867380000027,-74.05929988999998
JAL 2023,02,LOCALIDAD 2 CHAPINERO,UNIVERSIDAD PILOTO,2154,379,17.6,Universidad Piloto de Colombia,CRA 9 # 45 A - 25,4.632772360000047,-74.06547381999997
JAL 2023,02,LOCALIDAD 2 CHAPINERO,UNIVERSIDAD SERGIO ARBOLEDA,3566,232,6.51,Universidad Sergio Arboleda,CLL 74 # 14 - 14,4.660894640000038,-74.05979578999995
JAL 2023,03,LOCALIDAD 3 SANTA FE,CAMILO TORRES,2100,470,22.38,Colegio Distrital Externado Camilo Torres,CRA 7 # 33 - 64,4.620288450000032,-74.06658511999996
JAL 2023,03,LOCALIDAD 3 SANTA FE,CENTRO COMERCIAL SAN MARTIN,2909,634,21.79,Centro Comercial San Martín,CRA 7 # 32 - 84 / CLL 33 # 6B - 95,4.619655990000069,-74.06767179999997
JAL 2023,03,LOCALIDAD 3 SANTA FE,CENTRO ORIENTE,1606,224,13.95,Centro Comunitario Lourdes,CRA 2 # 4 - 10 /CRA 2 # 4 - 12,4.589504470000065,-74.07394484999998
JAL 2023,03,LOCALIDAD 3 SANTA FE,COLEGIO LA GIRALDA,1989,327,16.44,Colegio Distrital la Giralda,CLL 1 # 3 - 58 /CLL 1 # 3 - 60,4.583296250000046,-74.07918392999994
JAL 2023,03,LOCALIDAD 3 SANTA FE,COLEGIO RAMON JIMENO,80,29,36.25,Colegio Ramón Jimeno,CLL 26 # 2 - 44 /CRA 3 # 26A - 04,4.609487350000052,-74.06499823999997
JAL 2023,03,LOCALIDAD 3 SANTA FE,EL CONSUELO,3010,333,11.06,Colegio Distrital Aulas Colombianas - Sede A,CRA 11 Este # 1 A - 85,4.5808390800000325,-74.07114749999994
JAL 2023,03,LOCALIDAD 3 SANTA FE,EL GRAN SAN,1264,129,10.21,Centro Comercial El Gran San,CRA 10 # 9 - 37,4.598662970000021,-74.07912582999995
JAL 2023,03,LOCALIDAD 3 SANTA FE,EL VERJON,238,5,2.1,Colegio Distrital El Verjón Alto - Sede B (Verjón),KM 13 Vía a Choachí,4.605824590000054,-74.02245576999997
JAL 2023,03,LOCALIDAD 3 SANTA FE,FACULTAD DE ARTES - ASAB,1053,214,20.32,Biblioteca Distrital Antonio Nariño,CRA 13 # 14 - 69,4.604598850000059,-74.07837072999996
JAL 2023,03,LOCALIDAD 3 SANTA FE,GIRARDOT,1816,206,11.34,Colegio Distrital Jorge Soto del Corral - Sede A,CLL 3 # 1 B - 09 Este /CLL 3 # 2 - 64 Este,4.587580040000034,-74.07299619999998
JAL 2023,03,LOCALIDAD 3 SANTA FE,LA PERSEVERANCIA,2257,351,15.55,Colegio Distrital Manuel Elkin Patarroyo,CLL 32 A # 3 C - 37,4.617778000000044,-74.06450466999996
JAL 2023,03,LOCALIDAD 3 SANTA FE,LAS AGUAS,1481,317,21.4,Parqueadero primer piso edificio Julio Mario Santo Domingo Universidad de los Andes,CLL 21 # 1 - 20,4.60414564000007,-74.06592859999995
JAL 2023,03,LOCALIDAD 3 SANTA FE,LAS CRUCES,2993,407,13.6,Colegio Distrital Antonio José Uribe,CLL 3 # 9 - 70,4.592220080000061,-74.08225487999994
JAL 2023,03,LOCALIDAD 3 SANTA FE,LAS NIEVES,2209,475,21.5,Colegio Distrital República de Argentina - Sede B (Policarpa Salavarrieta),CLL 20 # 4 - 68,4.6050135900000555,-74.06913089999995
JAL 2023,03,LOCALIDAD 3 SANTA FE,LOS LACHES,3640,333,9.15,Colegio Distrital Efraín Cañavera - Sede B (Los Pinos),CRA 7 Este # 5 - 20,4.587465470000041,-74.06663596999994
JAL 2023,03,LOCALIDAD 3 SANTA FE,MEDICINA LEGAL,715,102,14.27,Antigua Escuela Santa Ines,CRA 12 A # 7 - 07,4.597536170000069,-74.08290337999995
JAL 2023,03,LOCALIDAD 3 SANTA FE,PALACIO SAN FRANCISCO,2815,658,23.37,Palacio San Francisco,CLL 13 (AV Jiménez) # 7 - 56,4.601961520000032,-74.07359543999996
JAL 2023,03,LOCALIDAD 3 SANTA FE,POLICARPA SALAVARRIETA,1679,456,27.16,Colegio Distrital Popicarpa Salavarrieta - Sede A,CLL 28 # 5 A - 06,4.614912220000065,-74.06780814999996
JAL 2023,03,LOCALIDAD 3 SANTA FE,SAN BERNARDO,1458,219,15.02,Colegio Distrital Los Ángeles - Sede B (Santa Inés),CLL 3 # 11 B - 40 / CRA 12 # 3 - 04,4.593608140000072,-74.08471557999997
JAL 2023,03,LOCALIDAD 3 SANTA FE,UNIVERSIDAD ANTONIO NARIÑO,472,47,9.96,,,,
JAL 2023,03,LOCALIDAD 3 SANTA FE,UNIVERSIDAD CENTRAL,2121,264,12.45,Universidad Central,CRA 5 # 21 - 38,4.606374050000056,-74.06934481999997
JAL 2023,03,LOCALIDAD 3 SANTA FE,UNIVERSIDAD INCCA DE COLOMBIA,413,55,13.32,Universidad INCCA de Colombia Sede XXX Aniversario,CLL 24 A # 13 - 72,4.611820390000048,-74.07312631999997
JAL 2023,03,LOCALIDAD 3 SANTA FE,UNIVERSIDAD JORGE TADEO LOZANO,2118,431,20.35,Universidad Jorge Tadeo Lozano (Parqueadero),CRA 4 # 22 Int. 1 Ed Módulo 21 / CLL 23 # 4 - 47,4.60739540000003,-74.06791988999998
JAL 2023,04,LOCALIDAD 4 SAN CRISTOBAL,20 DE JULIO SEDE B,4283,714,16.67,Colegio Distrital 20 de Julio Sede A,CRA 7 A # 24 - 01 Sur /CLL 25 Sur # 7 - 76,4.571464270000035,-74.09452944999998
JAL 2023,04,LOCALIDAD 4 SAN CRISTOBAL,AGUAS CLARAS,685,170,24.82,Colegio Distrital Aguas Claras,CLL 14 Sur # 25 - 05 Este,4.562157230000025,-74.06739883999995
JAL 2023,04,LOCALIDAD 4 SAN CRISTOBAL,ALTAMIRA,5534,833,15.05,Colegio Distrital Altamira Sur Oriental - Sede A,CLL 42 A Sur # 12 A - 27 Este,4.545385690000046,-74.08484395999994
JAL 2023,04,LOCALIDAD 4 SAN CRISTOBAL,ARBOLEDA SUR,2361,401,16.98,Colegio Distrital Aldemar Rojas Plazas,CRA 9 A # 14 -04 Sur,4.579195660000039,-74.09111476999993
JAL 2023,04,LOCALIDAD 4 SAN CRISTOBAL,ATENAS,1192,146,12.25,,,,
JAL 2023,04,LOCALIDAD 4 SAN CRISTOBAL,BELLAVISTA SAN CRISTOBAL,4076,536,13.15,Colegio Distrital Los Alpes,CRA 9 Este # 36 G - 80 Sur,4.552632460000041,-74.08445703999996
JAL 2023,04,LOCALIDAD 4 SAN CRISTOBAL,BELLO HORIZONTE,4589,589,12.84,Colegio Distrital José Castro Martínez - Sede A,CLL 31 D Bis Sur # 2 - 24 Este /CLL 31 D Bis Sur # 2 - 25 Este,4.559956490000047,-74.09247452999995
JAL 2023,04,LOCALIDAD 4 SAN CRISTOBAL,CANADA GUIRA,1349,164,12.16,Colegio Distrital Canadá Guira - Sede C,CLL 48 Sur # 2 - 27 Este,4.544384960000059,-74.09879300999995
JAL 2023,04,LOCALIDAD 4 SAN CRISTOBAL,CDC LA VICTORIA,8906,1079,12.12,Centro de Desarrollo Comunitario La Victoria,CLL 37 Bis B Sur # 2 - 81 Este,4.554597520000073,-74.09505745999996
JAL 2023,04,LOCALIDAD 4 SAN CRISTOBAL,COLEGIO LA VICTORIA SEDE A,737,62,8.41,Colegio Distrital La Victoria Sede A,CRA 3 B Este # 38 - 25 Sur,4.552257040000029,-74.09342702999999
JAL 2023,04,LOCALIDAD 4 SAN CRISTOBAL,COLISEO DEPORTIVO PRIMERA DE MAYO,2238,389,17.38,Coliseo Deportivo Primera de Mayo,CRA 5 Bis # 18 A - 14 Sur / CL 19 S # 5 - 40,4.573732100000029,-74.08919654999994
JAL 2023,04,LOCALIDAD 4 SAN CRISTOBAL,EL PORTAL,1626,270,16.61,Colegio Distrital Francisco Javier Matiz Sede B,CRA 3B # 30A - 42 Sur,4.565800000000024,-74.09489999999994
JAL 2023,04,LOCALIDAD 4 SAN CRISTOBAL,EL QUINDIO,1833,318,17.35,Colegio Distrital El Quindío - Sede B,CLL 46 G Sur # 16 A - 01 Este,4.537394020000022,-74.08281201999995
JAL 2023,04,LOCALIDAD 4 SAN CRISTOBAL,EL RODEO SEDE A,470,49,10.43,Colegio Distrital El Rodeo Sede A,CLL 40 A Sur # 2 - 56 Este,4.551325330000054,-74.09524105999998
JAL 2023,04,LOCALIDAD 4 SAN CRISTOBAL,EL RODEO SEDE B LA GLORIA,695,95,13.67,,,,
JAL 2023,04,LOCALIDAD 4 SAN CRISTOBAL,ENTRE NUBES SEDE A,219,35,15.98,Colegio Distrital Entre Nubes Sur  Oriental Sede A - Anibal Fernández de Soto,CRA 1 D Este # 43 B - 28 Sur,4.547742930000027,-74.09763957999996
JAL 2023,04,LOCALIDAD 4 SAN CRISTOBAL,ESCUELA LA VICTORIA B,2417,377,15.6,Colegio Distrital La Victoria Sede B,CRA 3 A Este # 35 - 37 Sur /CRA 3 A Este # 37 A - 59 Sur,4.554348810000022,-74.09391078999994
JAL 2023,04,LOCALIDAD 4 SAN CRISTOBAL,GUACAMAYAS II,1823,295,16.18,Colegio Distrital Alemania Unificada Sede A,CLL 37 A Bis Sur # 2 A - 04,4.555739480000057,-74.09673592999997
JAL 2023,04,LOCALIDAD 4 SAN CRISTOBAL,JUAN DEL RIZZO,5261,738,14.03,Colegio privado Salesiano Juan del Rizzo Sede B,CLL 27 Sur # 2 B - 59 / CLL 27 A Sur # 2 B - 59,4.567028210000046,-74.09322578999996
JAL 2023,04,LOCALIDAD 4 SAN CRISTOBAL,JUAN REY,3335,468,14.03,Colegio Distrital Juan Rey - Sede A,CLL 70 Sur # 13 B - 27 Este,4.522433830000068,-74.08995579999998
JAL 2023,04,LOCALIDAD 4 SAN CRISTOBAL,JUANA ESCOBAR SEDE A,1367,199,14.56,Colegio Distrital Juana Escobar,CRA 15 A Este # 57 A - 16 Sur,4.530567480000059,-74.08541718999999
JAL 2023,04,LOCALIDAD 4 SAN CRISTOBAL,LA BELLEZA,1018,218,21.41,Colegio Distrital Los Libertadores - Sede A,CLL 64 Sur # 10 A 39 Este,4.530444760000023,-74.09219882999997
JAL 2023,04,LOCALIDAD 4 SAN CRISTOBAL,LA CASTAÑA,513,75,14.62,Salón Comunal La Castaña,CLL 20 A Sur # 12 - 20 Este,4.566594820000034,-74.07984100999994
JAL 2023,04,LOCALIDAD 4 SAN CRISTOBAL,LA GLORIA,4105,570,13.89,Colegio Distrital  Altamira - Sede B,CLL 48 B Sur # 11 - 14 Este,4.541038680000042,-74.08928989999998
JAL 2023,04,LOCALIDAD 4 SAN CRISTOBAL,LA GLORIA- ESCUELA ALTAMIRA,2332,405,17.37,,,,
JAL 2023,04,LOCALIDAD 4 SAN CRISTOBAL,LAS BRISAS,1726,326,18.89,Colegio Distrital República del Ecuador I.E.D.,CRA 1 A # 6 C - 50 Sur /CRA 1 C Este # 6 C - 85 Sur,4.576838520000024,-74.08007908999997
JAL 2023,04,LOCALIDAD 4 SAN CRISTOBAL,LAS MERCEDES,4276,564,13.19,Colegio Distrital San Critóbal - Sede B,CLL 19 Sur # 10C - 44 Este,4.569269680000048,-74.08081978999996
JAL 2023,04,LOCALIDAD 4 SAN CRISTOBAL,LAS MERCEDES II,1174,100,8.52,Colegio Distrital San Cristóbal Sur - Sede A,CRA 10 D Este # 17 B - 46 Sur,4.569659070000057,-74.07942861999999
JAL 2023,04,LOCALIDAD 4 SAN CRISTOBAL,LOS LIBERTADORES,3499,480,13.72,Colegio Distrital Los Libertadores,CLL 55 Sur # 10 A - 29 Este,4.534402600000021,-74.09086296999999
JAL 2023,04,LOCALIDAD 4 SAN CRISTOBAL,MONTEBELLO,5240,639,12.19,Colegio Distrital Montebello,CLL 24 A Sur # 1 A - 95 Este,4.5667468200000485,-74.08799157999994
JAL 2023,04,LOCALIDAD 4 SAN CRISTOBAL,MONTEBELLO SEDE B,837,108,12.9,Colegio Distrital Montebello Sede B,CLL 28 Sur # 1 A - 37 Este,4.563757250000037,-74.08962596999999
JAL 2023,04,LOCALIDAD 4 SAN CRISTOBAL,MORALBA,334,63,18.86,Colegio Distrital Moralba Sede A,CRA 16 A Este # 42 C - 80 Sur,4.543021550000049,-74.08128967999994
JAL 2023,04,LOCALIDAD 4 SAN CRISTOBAL,NUEVA DELHI,582,94,16.15,Colegio Distrital Nueva Delhi,CLL 62 A Sur # 14 I - 33 Este,4.5281640500000435,-74.08716430999993
JAL 2023,04,LOCALIDAD 4 SAN CRISTOBAL,PARQUEADERO GUACAMAYAS,2647,297,11.22,Colegio Distrital Alemania Unificada - Sede B,CRA 2 L # 38 A - 11 Sur,4.557598890000065,-74.10010721999998
JAL 2023,04,LOCALIDAD 4 SAN CRISTOBAL,PRIMERA DE MAYO,3536,602,17.02,Colegio Distrital José Félix Restrepo - Sede A,CRA 6 A # 18 A - 04 Sur / CRA 6 # 18 - 02 Sur *,4.574318480000045,-74.09008011999998
JAL 2023,04,LOCALIDAD 4 SAN CRISTOBAL,RAMAJAL,2166,250,11.54,Colegio Distrital José Acevedo y Gómez - Sede A,CRA 9 B Este # 28 - 81 Sur,4.562173590000043,-74.08363440999995
JAL 2023,04,LOCALIDAD 4 SAN CRISTOBAL,RAMAJAL AMAPOLAS,596,90,15.1,,,,
JAL 2023,04,LOCALIDAD 4 SAN CRISTOBAL,REPUBLICA DEL CANADA,2566,386,15.04,Colegio Distrital Juana Escobar - Sede C,CRA 13 D Bis Este # 50 - 07 Sur,4.535771780000061,-74.08732729999997
JAL 2023,04,LOCALIDAD 4 SAN CRISTOBAL,ROMA COLSUBSIDIO,382,66,17.28,Colegio Nueva Roma I.D.E.,CLL 48 Sur # 4 - 85 Este,4.541079740000043,-74.09591548999998
JAL 2023,04,LOCALIDAD 4 SAN CRISTOBAL,SALON COMUNAL LA ROCA,485,114,23.51,Salón Comunal La Roca,CLL 6 B Bis Sur # 5 - 29 Este,4.577924430000053,-74.07772637999994
JAL 2023,04,LOCALIDAD 4 SAN CRISTOBAL,SALON COMUNAL SAN ISIDRO II SECTOR,340,29,8.53,Salón Comunal San Isidro II Sector,CRA 7 A # 35 A - 33 Sur,4.564123890000076,-74.10204283999997
JAL 2023,04,LOCALIDAD 4 SAN CRISTOBAL,SAN BLAS,6202,786,12.67,Colegio Distrital Manuelita Sáenz,CRA 3 Este # 18 A - 34 Sur,4.571123990000046,-74.08486410999996
JAL 2023,04,LOCALIDAD 4 SAN CRISTOBAL,SAN CRISTOBAL SUR,5026,829,16.49,Colegio Distrital José Félix Restrepo - Sede C,AV CLL 11 Sur # 4 - 79 Este,4.5727072500000645,-74.07945499999994
JAL 2023,04,LOCALIDAD 4 SAN CRISTOBAL,SAN GERONIMO,529,79,14.93,Cancha Maracaná,CRA 18 Este # 13 - 42 Sur,4.569051080000065,-74.07476982999998
JAL 2023,04,LOCALIDAD 4 SAN CRISTOBAL,SAN ISIDRO,6067,774,12.76,Colegio Distrital San isidro Sur Oriental - Sede A,CLL 34 Sur # 7 A - 88,4.565904590000059,-74.10093585999994
JAL 2023,04,LOCALIDAD 4 SAN CRISTOBAL,SAN MARTIN DE LOBA SUR,5227,532,10.18,Colegio Distrital Juán Evangelista Gómez,DIAG 39 Sur # 2 - 10 Este  /DIAG 39 Sur # 2 - 00 Este,4.552086760000066,-74.09566884999998
JAL 2023,04,LOCALIDAD 4 SAN CRISTOBAL,SAN PEDRO SUR ORIENTAL,2623,296,11.28,Colegio Distrital Tomás Rueda Vargas - Sede A - parte posterior,CRA 5 Este # 26 - 91 Sur,4.56450454000003,-74.08717514999995
JAL 2023,04,LOCALIDAD 4 SAN CRISTOBAL,SAN VICENTE COLSUBSIDIO,1510,251,16.62,Colegio San Vicente I.D.E.,TRV 6 C Este # 33 - 70 Sur,4.555281000000036,-74.08769399999994
JAL 2023,04,LOCALIDAD 4 SAN CRISTOBAL,SANTA ANA SUR,2622,464,17.7,Colegio Distrital José Félix Restrepo - Sede B,CLL 10 A Sur # 3 A - 61,4.577041490000056,-74.08415686999996
JAL 2023,04,LOCALIDAD 4 SAN CRISTOBAL,SOSIEGO,2177,362,16.63,Colegio Distrital Rafael Nuñez,CRA 9 A # 18 - 74 Sur,4.576361590000033,-74.09301011999997
JAL 2023,04,LOCALIDAD 4 SAN CRISTOBAL,SURAMERICA,674,124,18.4,Colegio Distrital Francisco Javier Matiz,CRA 2 A # 29 A - 29 Sur,4.565286380000032,-74.09360623999999
JAL 2023,04,LOCALIDAD 4 SAN CRISTOBAL,TOMAS RUEDA VARGAS SEDE B,831,93,11.19,Colegio Distrital Tomás Rueda Vargas Sede B,CRA 5 Este # 29 A - 25 Sur,4.561553810000021,-74.08832799999993
JAL 2023,04,LOCALIDAD 4 SAN CRISTOBAL,VILLA DE LOS ALPES,4666,669,14.34,Polideportivo Coliseo Villa de Los Alpes,CRA 3 B  # 35 - 22 Sur / CRA 3 B # 35 - 04 Sur,4.561453490000076,-74.09844987999998
JAL 2023,04,LOCALIDAD 4 SAN CRISTOBAL,VILLA DEL CERRO,2043,258,12.63,Salón Comunal Villa del Cerro,CLL 46 A Sur  # 3 B - 40 Este / CLL 46 A Sur # 3 B - 30 Este,4.544188750000046,-74.09562215999995
JAL 2023,04,LOCALIDAD 4 SAN CRISTOBAL,VILLA JAVIER LA MARIA,1210,275,22.73,Parque urbanización Villa Javier,Cl 8 A S 5 A 23,4.580006590000039,-74.08477373999995
JAL 2023,05,LOCALIDAD 5 USME,ALFONSO LOPEZ,3077,752,24.44,Colegio Distrital Estanislao Zuleta Sede A,CRA 7 C Este # 92 - 48 Sur/CRA 7 C Este # 90 A - 35 Sur ,4.497976000000051,-74.10086199999995
JAL 2023,05,LOCALIDAD 5 USME,ALMIRANTE PADILLA,6178,946,15.31,Colegio Distrital Almirante Padilla,CLL 76 A Sur # 8 D - 59 Este / CLL 76 A Sur # 8 D - 25,4.512266250000039,-74.11190313999998
JAL 2023,05,LOCALIDAD 5 USME,BOLONIA,664,98,14.76,Jardín Infantil Entre Nubes,CLL 79 Sur # 10 - 50 Este,4.511011550000035,-74.09865008999998
JAL 2023,05,LOCALIDAD 5 USME,BRASILIA,2925,530,18.12,Colegio Distrital Brasilia,CRA 12 B # 73 B - 97 Sur /CRA 12 B # 73 B - 31 Sur,4.517608740000071,-74.11643952999998
JAL 2023,05,LOCALIDAD 5 USME,BRAZUELOS,962,175,18.19,Colegio Distrital Brazuelos,CLL 104 Sur # 14 - 90,4.494948850000071,-74.11987399999998
JAL 2023,05,LOCALIDAD 5 USME,CABAÑAS,916,177,19.32,Colegio Distrital Federico Lorca Sede B,CLL 80 A Sur # 5 - 15,4.509259000000043,-74.10793999999999
JAL 2023,05,LOCALIDAD 5 USME,CDC JULIO CESAR SANCHEZ,1713,296,17.28,Centro de Desarrollo Comunitario Julio César Sánchez,CLL 91 Sur # 4C - 26,4.501102800000069,-74.10917208999996
JAL 2023,05,LOCALIDAD 5 USME,CENTRO COMERCIAL ALTAVISTA,1571,220,14.0,Centro Comercial Altavista,CRA 1 # 65 D - 58 SurEntrada del Parqueadero / CLL 65C Sur 11 71,4.532900720000043,-74.11842795999996
JAL 2023,05,LOCALIDAD 5 USME,CHUNIZA,4703,801,17.03,Colegio Distrital Chuniza,CRA 1 G Este # 84 A - 42 Sur / CRA 9 # 84 A - 82 Sur,4.505972770000028,-74.11140448999998
JAL 2023,05,LOCALIDAD 5 USME,COLEGIO ANDRES ESCOBAR,409,45,11.0,Colegio Andrés Escobar,CRA 3 B 55 B 30 Sur,4.5383862200000635,-74.11464666999996
JAL 2023,05,LOCALIDAD 5 USME,COLEGIO FERNANDO GONZALEZ OCHOA,1197,218,18.21,Colegio Distrital Fernando González Ochoa,CRA 4 A # 89 - 43 Sur /CRA 4 # 89 - 43 Sur,4.5026692900000285,-74.10763076999996
JAL 2023,05,LOCALIDAD 5 USME,COLEGIO JOSE EUSTASIO RIVERA,676,85,12.57,Colegio José Eustasio Rivera,CRA 3 # 136 - 98 Sur Entrada Parqueadero /CRA 14 135 05 Sur,4.475316410000062,-74.12277975999996
JAL 2023,05,LOCALIDAD 5 USME,COLEGIO RURAL EL UVAL,59,5,8.47,Colegio Distrital Rural El Uval,Vereda el Uval Km. 8 Autopista al Llano,4.477590000000021,-74.10524999999996
JAL 2023,05,LOCALIDAD 5 USME,EL BOSQUE,3641,530,14.56,Colegio Distrital Ofelia Uribe de Acosta,CLL 81 A Sur # 6 - 40 Este / TRV 1 Este # 85 - 86 Sur,4.5060183200000665,-74.10311553999998
JAL 2023,05,LOCALIDAD 5 USME,EL CORTIJO,1483,287,19.35,Colegio Distrital El Cortijo Vianey - Sede A,CRA 2A # 74B - 00 Sur /CLL 74B Sur # 14H - 25 ,4.515102340000055,-74.11894303999998
JAL 2023,05,LOCALIDAD 5 USME,EL DANUBIO AZUL,3386,501,14.8,Colegio Distrital  Fabio Lozano Simonelli - Sede B,CLL 56 A Sur # 3 A - 14,4.5377657200000385,-74.11502143999996
JAL 2023,05,LOCALIDAD 5 USME,EL DESTINO,502,77,15.34,Colegio Distrital El Destino,KM 8 Vía San Juan de Sumapáz,4.408203000000071,-74.13895918999998
JAL 2023,05,LOCALIDAD 5 USME,EL HATO,282,39,13.83,Colegio Distrital El Hato,Kilómetro 14 Vía San Juan de Sumapáz,4.36958887000003,-74.17951987999999
JAL 2023,05,LOCALIDAD 5 USME,EL VIRREY,4559,708,15.53,Colegio Distrital El Virrey Solís,CRA 7 # 92 A - 31 Sur,4.502502340000035,-74.11179900999997
JAL 2023,05,LOCALIDAD 5 USME,GRAN YOMASA,3114,552,17.73,Colegio Distrital Gran Yomasa,CLL 81 C Sur # 8 A - 06,4.508524000000023,-74.10973399999995
JAL 2023,05,LOCALIDAD 5 USME,JARDIN INFANTIL LA FORTALEZA DEL OSO,1010,157,15.54,Jardín Infantil la Fortaleza del Oso,CLL 71 D Sur # 14 - 64,4.520474620000073,-74.11828479999997
JAL 2023,05,LOCALIDAD 5 USME,JUAN JOSE RONDON,1575,187,11.87,Colegio Distrital Gabriel García Marquez,CLL 88 F Sur # 12 F - 20 Este,4.503719570000044,-74.09119911999994
JAL 2023,05,LOCALIDAD 5 USME,LA ALBORADA,1154,243,21.06,Colegio Distrital Estanislao Zuleta Sede B,CRA 4 Este # 90 D - 24 Sur,4.497972000000061,-74.10395699999998
JAL 2023,05,LOCALIDAD 5 USME,LA AURORA,7512,1109,14.76,Colegio Distrital La Aurora,TRV 14 T # 70 - 49 Sur,4.521681540000031,-74.12113945999994
JAL 2023,05,LOCALIDAD 5 USME,LA FISCALA,3811,704,18.47,Colegio Distrital Fabio Lozano Simonelli,CLL 65 Sur # 5 - 65,4.533770830000037,-74.11172753999995
JAL 2023,05,LOCALIDAD 5 USME,LA FLORA,2429,251,10.33,Colegio Distrital Nueva Esperanza,CRA 14 B Este # 76 - 59 Sur /CRA 14 Este # 76 - 79 Sur,4.513564350000024,-74.09039197999994
JAL 2023,05,LOCALIDAD 5 USME,LA FORTALEZA,2843,510,17.94,Colegio Distrital El Cortijo Vianey Sede B,CLL 73B Sur # 14C - 16,4.517830870000068,-74.11916043999997
JAL 2023,05,LOCALIDAD 5 USME,LOS COMUNEROS,4366,693,15.87,Colegio Distrital Los Comuneros,CLL 91 C Sur # 2 A - 49,4.498587950000058,-74.10874843999994
JAL 2023,05,LOCALIDAD 5 USME,LOS TEJARES,1142,250,21.89,,,,
JAL 2023,05,LOCALIDAD 5 USME,MARICHUELA,5412,807,14.91,Colegio Distrital Miguel de Cervantes Saavedra - Sede A,CRA 14 B # 76 - 33 Sur,4.512414100000058,-74.11698187999997
JAL 2023,05,LOCALIDAD 5 USME,MONTEBLANCO,4322,717,16.59,Colegio Distrital Diego Montaño Cuellar,TRV 6 B # 100 C - 55 Sur,4.4967805500000395,-74.11504818999998
JAL 2023,05,LOCALIDAD 5 USME,NUSADAL,884,147,16.63,Colegio Distrital Nuevo San Andrés de Los Altos,CLL 69 A Bis Sur # 14 C - 18,4.524796750000064,-74.12011324999997
JAL 2023,05,LOCALIDAD 5 USME,PORTAL USME,5455,1111,20.37,Colegio Distrital Paulo Freire,CRA 11 # 65 C - 50 Sur,4.532631470000069,-74.11700227999995
JAL 2023,05,LOCALIDAD 5 USME,SANTA LIBRADA,6667,968,14.52,Colegio Distrital Orlando Fals Borda,CRA 1 A Este # 72 - 60 Sur / CRA 12 # 72 - 60 Sur ,4.519357660000026,-74.11594453999999
JAL 2023,05,LOCALIDAD 5 USME,SANTA MARTA,3275,581,17.74,Colegio Distrital Santa Marta,CLL 69 D Sur # 8 B - 63,4.525273170000048,-74.11562807999996
JAL 2023,05,LOCALIDAD 5 USME,TENERIFE,1052,196,18.63,Colegio Distrital Eduardo Mora Osejo,CLL 95 Sur # 14 B - 64,4.503935170000034,-74.11880590999994
JAL 2023,05,LOCALIDAD 5 USME,USME,4301,571,13.28,Colegio Distrital Francisco Antonio Zea - Sede A,CLL 136 Sur # 12 - 38,4.472581940000055,-74.12153515999995
JAL 2023,05,LOCALIDAD 5 USME,USME - CENTRO,1765,317,17.96,Colegio Distrital Francisco Antonio Zea - Sede B,CRA 13 # 137 D - 40 Sur,4.469545080000046,-74.12533528999995
JAL 2023,05,LOCALIDAD 5 USME,USMINIA,2839,421,14.83,Colegio Distrital Usminia - Sede B,CLL 102 A Sur # 5 - 06,4.4954386600000475,-74.11448729999995
JAL 2023,05,LOCALIDAD 5 USME,UVAL - PUERTA AL LLANO,1726,300,17.38,Colegio Distrital Ciudad de Villavicencio Sede A,CRA 6 H Este # 114 - 88 Sur /TRV 7 Este # 107 A - 50 Sur,4.487109000000032,-74.10247699999996
JAL 2023,05,LOCALIDAD 5 USME,VALLES DE CAFAM,3656,601,16.44,Colegio Distrital Atabanzha,CLL 92 Sur # 14 D - 87,4.507653600000026,-74.11805941999995
JAL 2023,05,LOCALIDAD 5 USME,VIA AL LLANO,273,56,20.51,Colegio Distrital Federico García Lorca Sede A,CRA 5 # 83 - 03 Sur,4.50731238000003,-74.10721802999996
JAL 2023,05,LOCALIDAD 5 USME,VILLA ALEMANIA,1406,249,17.71,Colegio Distrital Eduardo Umaña Mendoza,CLL 111 A Sur # 4 B - 07 Este /CLL 111 A Bis Sur # 3 A - 07 *,4.489735670000073,-74.11255110999997
JAL 2023,05,LOCALIDAD 5 USME,VILLA HERMOSA,3474,553,15.92,Colegio Distrital Villa Hermosa,CLL 97 F Sur # 6 F - 08 Este / CLL 97 Sur # 6 F - 08 Este *,4.4939862500000345,-74.10232047999995
JAL 2023,06,LOCALIDAD 6 TUNJUELITO,ABRAHAM LINCOLN,1724,221,12.82,Colegio Distrital Cecilia de la Fuente Lleras - Sede B (Rufino José de Cuervo),CRA 8 # 53 A - 44 Sur,4.555324420000034,-74.12380750999995
JAL 2023,06,LOCALIDAD 6 TUNJUELITO,CASA DE JUSTICIA DE TUNJUELITO,892,132,14.8,Casa de Justicia de Tunjuelito,CLL 51 Sur # 7 - 35,4.556095390000053,-74.12162619999998
JAL 2023,06,LOCALIDAD 6 TUNJUELITO,CIUDAD BOGOTA SEDE B,1222,191,15.63,,,,
JAL 2023,06,LOCALIDAD 6 TUNJUELITO,COLEGIO COOPERATIVO VENECIA,2262,331,14.63,Colegio Cooperativo Venecia,DIAG 47 A Sur # 53 A - 95,4.5928789100000245,-74.14062678999994
JAL 2023,06,LOCALIDAD 6 TUNJUELITO,COOPERATIVO NUEVO MUZU,562,73,12.99,Colegio Cooperativo Nuevo MUZU,CRA 59 # 51 B - 46 Sur / CRA 61B # 51B - 46 Sur,4.587398300000075,-74.14794177999994
JAL 2023,06,LOCALIDAD 6 TUNJUELITO,"EL CARMEN SUR ""A""",4108,465,11.32,,,,
JAL 2023,06,LOCALIDAD 6 TUNJUELITO,"EL CARMEN SUR ""B""",1693,231,13.64,,,,
JAL 2023,06,LOCALIDAD 6 TUNJUELITO,"EL TUNAL ""A""",5284,855,16.18,,,,
JAL 2023,06,LOCALIDAD 6 TUNJUELITO,"EL TUNAL ""B""",5505,822,14.93,,,,
JAL 2023,06,LOCALIDAD 6 TUNJUELITO,"FATIMA ""A""",5645,672,11.9,,,,
JAL 2023,06,LOCALIDAD 6 TUNJUELITO,"FATIMA ""B""",2261,308,13.62,,,,
JAL 2023,06,LOCALIDAD 6 TUNJUELITO,INSTITUTO TECNICO PILOTO SEDE C,1706,211,12.37,Colegio Distrital Instituto Técnico Piloto Sede C,CLL 54 Sur # 37 A - 37,4.586822290000043,-74.14222782999997
JAL 2023,06,LOCALIDAD 6 TUNJUELITO,ISLA DEL SOL,3152,442,14.02,Colegio Distrital Isla del Sol,CLL 67 B Sur # 63 - 19,4.589211380000052,-74.15250679999997
JAL 2023,06,LOCALIDAD 6 TUNJUELITO,JARDIN INFANTIL CARMEN SUR,979,140,14.3,Jardín Infantil Carmen Sur,CRA 28 # 48 A - 17 Sur,4.582839460000059,-74.13170169999995
JAL 2023,06,LOCALIDAD 6 TUNJUELITO,JARDIN INFANTIL ISLA DEL SOL,931,151,16.22,Jardín Infantil Isla del Sol,CLL 67 B Sur # 63 - 15,4.589430050000033,-74.15247371999999
JAL 2023,06,LOCALIDAD 6 TUNJUELITO,JARDIN INFANTIL PABLO DE TARSO,802,41,5.11,Jardín Infantil Pablo de Tarso,DIAG 48 Sur # 51 D- 57,4.591166230000056,-74.13540603999996
JAL 2023,06,LOCALIDAD 6 TUNJUELITO,LICEO CAMPESTRE CAFAM,175,25,14.29,Liceo Campestre CAFAM,DIAG 58 Sur # 29 - 26,4.577950290000047,-74.14339961999997
JAL 2023,06,LOCALIDAD 6 TUNJUELITO,LICEO SANTA BERNARDITA,992,106,10.69,Liceo Santa Bernardita,DIAG 51 A Sur # 54 A - 32,4.589990420000049,-74.14308345999996
JAL 2023,06,LOCALIDAD 6 TUNJUELITO,NUESTRA SEÑORA LAS VICTORIAS,205,23,11.22,,,,
JAL 2023,06,LOCALIDAD 6 TUNJUELITO,"NUEVO MUZO ""B""",1087,150,13.8,,,,
JAL 2023,06,LOCALIDAD 6 TUNJUELITO,"NUEVO MUZU ""A""",2612,297,11.37,,,,
JAL 2023,06,LOCALIDAD 6 TUNJUELITO,PARROQUIAL SAN CARLOS,2345,288,12.28,Colegio Privado Parroquial San Carlos,CRA 18 A # 53 - 54 Sur,4.566447760000074,-74.13012682999994
JAL 2023,06,LOCALIDAD 6 TUNJUELITO,PORFIRIO BARBA JACOB,662,92,13.9,Externado Porfirio Barba Jacob,CRA 18 # 54 - 14 Sur / CRA 18 # 54 - 10 Sur,4.565889020000043,-74.12999242999996
JAL 2023,06,LOCALIDAD 6 TUNJUELITO,SALON COMUNAL ISLA DEL SOL,273,20,7.33,,,,
JAL 2023,06,LOCALIDAD 6 TUNJUELITO,SAN BENITO,4356,476,10.93,Colegio Distrital José Antonio Ricaurte,CRA 18 # 56 A - 45 Sur,4.564414950000071,-74.13237461999995
JAL 2023,06,LOCALIDAD 6 TUNJUELITO,SAN BENITO ABAD,280,51,18.21,Colegio Distrital San Benito Abad,CLL 58 # 19 B - 67 Sur / CLL 58 # 19 B - 63 Sur,4.566595380000024,-74.13704435999995
JAL 2023,06,LOCALIDAD 6 TUNJUELITO,SAN CARLOS,5564,650,11.68,Colegio Distrital San Carlos - Sede B,CRA 19 # 50 A - 37 Sur,4.569460390000074,-74.12815740999997
JAL 2023,06,LOCALIDAD 6 TUNJUELITO,SAN VICENTE FERRER,5590,702,12.56,Colegio Distrital Ciudad de Bogotá - Sede A,CRA 25 # 53 B - 32 Sur,4.57718576000002,-74.13827658999998
JAL 2023,06,LOCALIDAD 6 TUNJUELITO,SANTA CECILIA DE TUNJUELITO,841,119,14.15,Colegio Santa Cecilia De Tunjuelito,CRA 11 # 52 - 41 Sur,4.558616510000036,-74.12419150999995
JAL 2023,06,LOCALIDAD 6 TUNJUELITO,TUNJUELITO A,4062,523,12.88,Colegio Distrital Rufino José de Cuervo - Sede A,CRA 11 B # 52 - 53 Sur /CRA 12 # 52 - 60 Sur,4.559472670000048,-74.12478149999998
JAL 2023,06,LOCALIDAD 6 TUNJUELITO,TUNJUELITO B,907,128,14.11,Centro Educativo Distrital Nuevo Tunjuelito (Rufi# José de Cuervo Sede C),CLL 58 Sur # 12A - 45 / CLL 58A Sur # 12 A - 25,4.559080650000055,-74.12936561999999
JAL 2023,06,LOCALIDAD 6 TUNJUELITO,VENECIA A,6145,855,13.91,,,,
JAL 2023,06,LOCALIDAD 6 TUNJUELITO,VENECIA B,1871,250,13.36,,,,
JAL 2023,07,LOCALIDAD 7 BOSA,ALFREDO NOBEL,899,148,16.46,Colegio Privado Liceo Alfredo Nóbel,TRV 80 B # 65 I - 25 Sur,4.606167820000053,-74.18766827999997
JAL 2023,07,LOCALIDAD 7 BOSA,ATALAYAS,4431,720,16.25,Colegio Distrital Santiago de las Atalayas,CLL 61 Sur # 103 - 33 / CLL 59C Sur # 89B - 45,4.629344930000059,-74.19283750999995
JAL 2023,07,LOCALIDAD 7 BOSA,BICENTENARIO DE LA INDEPENDENCIA,424,53,12.5,Colegio Distrital Bicentenario de La Independencia,CLL 81 Sur # 81 - 75,4.614984480000032,-74.20381150999998
JAL 2023,07,LOCALIDAD 7 BOSA,BOSA,8884,1405,15.81,Colegio Distrital Argelia,CLL 63 Sur # 81 A - 30,4.611585040000023,-74.18578012999996
JAL 2023,07,LOCALIDAD 7 BOSA,BOSA BRASILIA,5573,787,14.12,Colegio Distrital Brasilia,CLL 52 A Sur # 87 D - 45,4.6279581300000245,-74.18158176999998
JAL 2023,07,LOCALIDAD 7 BOSA,BOSA PAULO VI,3196,463,14.49,Colegio Distrital Paulo de Tarso - Sede B,CLL 71 Bis Sur # 77 I - 21,4.599350290000075,-74.19443338999997
JAL 2023,07,LOCALIDAD 7 BOSA,BOSA SAN JOSE,2764,408,14.76,Colegio Distrital  Albán Holguín - Sede C,CRA 89 Bis # 85 A - 20 Sur / CRA 80 K # 85 A - 33 Sur,4.613764420000052,-74.20988605999997
JAL 2023,07,LOCALIDAD 7 BOSA,BOSANOVA,1107,173,15.63,Colegio Distrital Bosa Nova,CLL 59 B Sur # 87 B - 02,4.62272100000007,-74.18837299999996
JAL 2023,07,LOCALIDAD 7 BOSA,CAMPO VERDE - POTRERITOS,3669,504,13.74,Colegio Distrital Kimy Pernia,CLL 82 Sur # 89 - 21,4.622137000000066,-74.20795899999996
JAL 2023,07,LOCALIDAD 7 BOSA,CARBONELL,1197,234,19.55,Colegio Distrital Carlos Albán Holguín Sede B,DIAG 71 C Bis A Sur # 77 G - 15,4.599669000000063,-74.19771599999996
JAL 2023,07,LOCALIDAD 7 BOSA,CARLOS ALBAN,6875,843,12.26,Colegio Distrital Carlos Albán Holguín - Sede A,CLL 72 Sur # 79 D - 33 / CLL 72 B Sur # 79 D - 06,4.605714730000045,-74.19756532999997
JAL 2023,07,LOCALIDAD 7 BOSA,CARLOS PIZARRO LEON GOMEZ,4117,650,15.79,Colegio Distrital Carlos Pizarro León Gómez - Sede A,CLL 72 Sur # 100 A - 71,4.635605660000067,-74.20486501999994
JAL 2023,07,LOCALIDAD 7 BOSA,CC GRAN PLAZA BOSA,5208,1041,19.99,,,,
JAL 2023,07,LOCALIDAD 7 BOSA,CEDID SAN PABLO,3525,620,17.59,Colegio Distrital CEDID San Pablo Sede A,CRA 77L # 65J - 73 Sur,4.599800000000073,-74.18759999999997
JAL 2023,07,LOCALIDAD 7 BOSA,CIUDADELA EL PORVENIR,7614,1418,18.62,Colegio Distrital Ciudadela Educativa de Bosa,CLL 52 Sur # 97 C - 35,4.640829730000064,-74.18721154999997
JAL 2023,07,LOCALIDAD 7 BOSA,CLARELANDIA,251,36,14.34,Colegio Distrital La Bici,CRA 81 A # 58 J - 45 Sur,4.613736310000036,-74.18236762999999
JAL 2023,07,LOCALIDAD 7 BOSA,CLARETIANO,4333,712,16.43,Colegio Claretiano de Bosa,CLL 60 Sur # 80 K - 02 / CLL 60 Sur # 80 H - 58,4.611860410000077,-74.18399515999994
JAL 2023,07,LOCALIDAD 7 BOSA,CLARETIANO EL LIBERTADOR,684,122,17.84,,,,
JAL 2023,07,LOCALIDAD 7 BOSA,COLEGIO CIUDADANOS DEL FUTURO,2214,380,17.16,Colegio Mixto Ciudadanos del Futuro,CRA 88 I # 58 A - 12 Sur,4.628029750000053,-74.19070918999995
JAL 2023,07,LOCALIDAD 7 BOSA,COLEGIO COLSUBSIDIO CHICALA,3459,636,18.39,Colegio Colsubsidio Chicalá,CRA 87 # 53 C - 26 Sur,4.625223080000069,-74.18101529999996
JAL 2023,07,LOCALIDAD 7 BOSA,COLEGIO JORGE ISAACS,625,68,10.88,Colegio Distrital Jorge Isaacs,CLL 73 Sur # 91- 35 / CLL 73 Sur # 91- 05,4.626632610000058,-74.20192806999995
JAL 2023,07,LOCALIDAD 7 BOSA,COLISEO LA PALESTINA,1184,197,16.64,Coliseo la Palestina,CLL 68 Sur # 81 G - 09,4.612073760000044,-74.19132801999996
JAL 2023,07,LOCALIDAD 7 BOSA,EL PORVENIR,5931,1023,17.25,Colegio Distrital El Porvenir Sede A,CLL 51 Sur # 91 D - 56,4.635898910000037,-74.18362205999995
JAL 2023,07,LOCALIDAD 7 BOSA,EL RECREO,6596,1014,15.37,Colegio Distrital Leonardo Posada Pedraza,CRA 92 # 72 - 42 Sur,4.6275335700000255,-74.20148260999997
JAL 2023,07,LOCALIDAD 7 BOSA,EL RECUERDO SANTAFE,2430,384,15.8,Colegio Distrital El Porvenir - Sede B,CLL 58 Sur # 104 A - 04 / CLL 58 Sur # 104 A - 50,4.6416999600000395,-74.19774783999998
JAL 2023,07,LOCALIDAD 7 BOSA,FE Y ALEGRIA SAN IGNACIO,6776,988,14.58,Colegio Distrital Fe y Alegría San Ignacio,CLL 56 F Sur # 91 D - 14,4.633343230000037,-74.18978479999998
JAL 2023,07,LOCALIDAD 7 BOSA,FRANCISCO DE PAULA SANTANDER,1646,272,16.52,Colegio Distrital Francisco de Paula Santander,CLL 61 Sur # 80 I - 40,4.610871700000075,-74.18477973999995
JAL 2023,07,LOCALIDAD 7 BOSA,GIMNASIO GARABATOS DE COLORES,67,11,16.42,Colegio Privado Garabatos de Colores,CLL 65 G Sur # 79 B - 20,4.605811540000047,-74.18643815999997
JAL 2023,07,LOCALIDAD 7 BOSA,GIMNASIO LOS SAUCES,1442,215,14.91,Gimnasio Los Sauces,CRA 88 F Bis # 51 C - 01 Sur / CRA 88 I # 51C - 10 Sur,4.63100380000003,-74.18228624999995
JAL 2023,07,LOCALIDAD 7 BOSA,GIMNASIO REAL AMERICANO,2015,300,14.89,Gimnasio Real Americano - Sede B,CLL 62 A Sur # 91 A - 35,4.629848510000045,-74.19528366999998
JAL 2023,07,LOCALIDAD 7 BOSA,HOLANDA,1354,201,14.84,Colegio Distrital Brasilia Bosa Sede B,CRA 87J # 55 - 06 Sur,4.62680000000006,-74.18559999999997
JAL 2023,07,LOCALIDAD 7 BOSA,INSTITUTO GUIMARC,788,104,13.2,Instituto GUIMARC,CLL 71 C Sur # 77 M - 53,4.602298090000033,-74.19576440999998
JAL 2023,07,LOCALIDAD 7 BOSA,ISLANDIA,3014,425,14.1,Colegio Distrital Alfonso Reyes EchandíaAlfonso Reyes Echandía,CRA 86 # 74 - 00 Sur,4.616162770000074,-74.20035772999995
JAL 2023,07,LOCALIDAD 7 BOSA,JARDIN INFANTIL OLARTE,1180,234,19.83,Jardín Infantil Olarte – SDIS,CRA 71 D # 54 - 15 Sur,4.603148890000057,-74.16323478999993
JAL 2023,07,LOCALIDAD 7 BOSA,JIMENEZ DE QUESADA,2822,398,14.1,Colegio Distrital Fernando Mazuera Villegas - Sede B,DIAG 66 Sur # 80 C - 20,4.606190850000075,-74.18843550999998
JAL 2023,07,LOCALIDAD 7 BOSA,JOSE ANTONIO GALAN,4376,709,16.2,Colegio Distrital José Antonio Galán,CRA 78 J # 58 M - 10 Sur,4.606142610000063,-74.17896635999995
JAL 2023,07,LOCALIDAD 7 BOSA,JUAN MAXIMILIANO AMBROSIO,978,161,16.46,Colegio Distrital Orlando Higuita Rojas Sede B - Juan Maximiliano Ambrosio,CLL 57 Sur # 86 F - 30,4.622818270000039,-74.18473897999996
JAL 2023,07,LOCALIDAD 7 BOSA,LA ACUARELA,1077,204,18.94,Colegio Distrital Luis Lopez de Mesa - Sede Nueva,CRA 77J # 65A - 38 Sur,4.598300000000052,-74.18179999999995
JAL 2023,07,LOCALIDAD 7 BOSA,LA AMISTAD,4330,629,14.53,Colegio Distrital Luis López de Meza,CLL 65 H Sur # 78 A - 03 / CLL 65 H Sur # 78 A - 05,4.600597290000053,-74.18588291999998
JAL 2023,07,LOCALIDAD 7 BOSA,LA CONCEPCION,784,127,16.2,Colegio Distrital La Concepción Sede C ,CRA 87 C # 67 - 18 Sur,4.621691030000022,-74.19331433999997
JAL 2023,07,LOCALIDAD 7 BOSA,LA ESPERANZA,4739,741,15.64,Colegio Distrital La Esperanza,CLL 77 A Sur # 86 - 40 / CLL 78 Sur # 79 - 40,4.609695980000026,-74.20536969999995
JAL 2023,07,LOCALIDAD 7 BOSA,LA ESTACION,4736,767,16.2,La Estación,CRA 78 ENTRE CLL 60A Sur Y CLL 63 Sur,4.601317290000054,-74.18069716999997
JAL 2023,07,LOCALIDAD 7 BOSA,LA INDEPENDENCIA,1750,338,19.31,Colegio Mixto Villa Carolina,CRA 87 C # 69 A - 80 Sur / CLL 69 B Sur # 87 B - 32,4.620748000000049,-74.19478499999997
JAL 2023,07,LOCALIDAD 7 BOSA,LA LIBERTAD,9938,1443,14.52,Colegio Distrital José Francisco Socarrás,CRA 88 C # 66 A - 03 Sur,4.625125380000043,-74.19449057999998
JAL 2023,07,LOCALIDAD 7 BOSA,LAURELES,4798,703,14.65,Colegio Distrital Gran Colombiano - Sede B,CRA 80 K # 73 F - 29 Sur,4.609059010000067,-74.20015505999999
JAL 2023,07,LOCALIDAD 7 BOSA,LAURELES II,3201,526,16.43,Colegio Distrital Gran Colombiano Sede A,CLL 73 F Sur # 80 N Bis - 49 / CLL 73 F Sur # 80 N - 41,4.610226670000031,-74.19991418999996
JAL 2023,07,LOCALIDAD 7 BOSA,LICEO CIUDAD CAPITAL,1928,328,17.01,Liceo Ciudad Capital,CLL 65 Sur # 100 A - 51,4.637518250000028,-74.20114481999997
JAL 2023,07,LOCALIDAD 7 BOSA,LICEO LOPEZ OSORIO,669,111,16.59,Colegio Privado Liceo Cultural López Osorio,CLL 71 Sur # 87N-15 /CLL 71 Sur # 87N - 21,4.622339260000047,-74.19814926999999
JAL 2023,07,LOCALIDAD 7 BOSA,LLANO ORIENTAL,1993,291,14.6,Colegio Distrital Llano Oriental,CLL 73 B Sur # 78 A Bis - 15 / CLL 73 B Sur # 78 A - 15,4.603365070000052,-74.19999755999999
JAL 2023,07,LOCALIDAD 7 BOSA,MANUEL ELKIN PATARROYO,1580,237,15.0,Liceo Manuel Elkin Patarroyo,CRA 81 A # 82 A - 18 Sur,4.613195070000074,-74.20602104999995
JAL 2023,07,LOCALIDAD 7 BOSA,MIGUEL ANGEL ASTURIAS,633,82,12.95,Colegio Miguel Ángel Asturias,CRA 78 D # 59 A - 18 Sur,4.603579110000055,-74.18020678999994
JAL 2023,07,LOCALIDAD 7 BOSA,NARANJOS,2405,446,18.54,Colegio Distrital Los Naranjos,CRA 80 M # 71 C - 31 Sur,4.609038000000055,-74.19487899999996
JAL 2023,07,LOCALIDAD 7 BOSA,NUEVA ESTACION,1808,270,14.93,Nueva Estación,CLL 63 Sur # 78J - 10,4.605178690000059,-74.18230045999996
JAL 2023,07,LOCALIDAD 7 BOSA,NUEVA GRANADA,878,147,16.74,Colegio Distrital CEDID San Pablo Sede C,CLL 70 Bis Sur # 77 L - 05 /CLL 70 A Sur # 77 L - 06,4.600995000000069,-74.19226099999997
JAL 2023,07,LOCALIDAD 7 BOSA,NUEVO CARLOS ALBAN,2417,409,16.92,Colegio Distrital Gran Colombiano Sede D,CLL 72 A Sur # 80 J - 20 / CRA 80 J # 72 - 19 Sur,4.6081477400000495,-74.19669725999995
JAL 2023,07,LOCALIDAD 7 BOSA,NUEVO CHILE,4860,958,19.71,Colegio Distrital Nuevo Chile,CLL 56 Sur # 72 G - 20,4.603305500000033,-74.16626319999995
JAL 2023,07,LOCALIDAD 7 BOSA,ORLANDO HIGUITA,6226,867,13.93,Colegio Distrital Orlando Higuita Rojas,CLL 57 Sur # 87 H - 03 / CLL 57 Sur # 87 G - 35,4.625445100000036,-74.18696811999996
JAL 2023,07,LOCALIDAD 7 BOSA,PABLO DE TARSO,3023,585,19.35,Colegio Distrital Pablo de Tarso - Sede A,CRA 78 J Bis # 65 J - 04 Sur / CLL 65 J Sur # 78 J - 21,4.603976960000068,-74.18698567999996
JAL 2023,07,LOCALIDAD 7 BOSA,PALESTINA,3766,552,14.66,Colegio Distrital Porfilio Barba Jacob,CLL 70 A Sur # 81 G - 13,4.611871830000041,-74.19364579999996
JAL 2023,07,LOCALIDAD 7 BOSA,PARQUE AUTOPISTA SUR PAVCO,1730,317,18.32,Parque IDRD,CRA 72 # 57 H - 94 Sur /CRA 72 # 57 H - 92 Sur,4.596569130000034,-74.16398013999998
JAL 2023,07,LOCALIDAD 7 BOSA,PARQUES DE BOGOTA,2662,267,10.03,Colegio Distrital Parques De Bogotá,CLL 85 Sur # 94 - 55,4.626093820000051,-74.21173340999997
JAL 2023,07,LOCALIDAD 7 BOSA,PIAMONTE,6821,1025,15.03,Colegio Distrital Fernando Mazuera Villegas,CLL 68 A Sur # 80 H - 05,4.606868320000046,-74.19074859999995
JAL 2023,07,LOCALIDAD 7 BOSA,PORTAL DE BRASIL,1183,197,16.65,Colegio Distrital German Arciniegas Sede A,CRA 88I # 54B - 44 Sur,4.6305000000000405,-74.18509999999998
JAL 2023,07,LOCALIDAD 7 BOSA,RECREO MICHELSEN,5981,1152,19.26,,,,
JAL 2023,07,LOCALIDAD 7 BOSA,SAN BERNARDINO,3117,477,15.3,Colegio Distrital San Bernardino,CRA 89 C # 79 - 51 Sur,4.623649620000037,-74.20614750999994
JAL 2023,07,LOCALIDAD 7 BOSA,SANTA FE DE BOSA,3303,423,12.81,Colegio Distrital Villas del Progreso,CRA 102A # 56F - 34 Sur,4.64115361000006,-74.19523998999995
JAL 2023,07,LOCALIDAD 7 BOSA,SOLEDAD ACOSTA DE SAMPER,1849,246,13.3,Colegio Distrital Soledad Acosta de Samper,CLL 50 Sur # 98 B - 70,4.643221320000066,-74.18609408999998
JAL 2023,07,LOCALIDAD 7 BOSA,SURBANA,1502,269,17.91,SuperCADE de Bosa,AV CLL 57 R Sur # 72 D - 12,4.597031590000029,-74.16766293999996
JAL 2023,07,LOCALIDAD 7 BOSA,VILLA DEL RIO,4823,617,12.79,Salón Comunal Villa del Río,CLL 55 A # 66 - 50 Sur,4.602225420000025,-74.15738736999998
JAL 2023,07,LOCALIDAD 7 BOSA,VILLA DEL RIO II,3053,396,12.97,Gimnasio Santa Rocio,CRA 68D # 54A - 31 Sur,4.602400000000046,-74.15999999999997
JAL 2023,07,LOCALIDAD 7 BOSA,VILLAS DEL PROGRESO,654,111,16.97,Colegio Distrital Villas del Progreso,CRA 89 Bis A # 72 A - 13 Sur,4.625149430000022,-74.20077282999995
JAL 2023,08,LOCALIDAD  8 KENNEDY,ALMENAR,2791,365,13.08,,,,
JAL 2023,08,LOCALIDAD  8 KENNEDY,ALOHA,1291,182,14.1,Salón Comunal Aloha,CLL 7 A Bis # 71 A - 20,4.632901240000024,-74.13324789999996
JAL 2023,08,LOCALIDAD  8 KENNEDY,BOITA,3564,607,17.03,Salón Comunal Boita 1 Sector,CLL 48 B # 72 K - 13 Sur,4.602362910000068,-74.15258212999998
JAL 2023,08,LOCALIDAD  8 KENNEDY,BRITALIA,5259,814,15.48,Colegio Distrital Gran Britalia - Sede B,CLL 47 A Sur # 82 - 99,4.625309590000029,-74.17301132999995
JAL 2023,08,LOCALIDAD  8 KENNEDY,CAMPO BELLO,4059,607,14.95,,,,
JAL 2023,08,LOCALIDAD  8 KENNEDY,CARLOS ARANGO VELEZ SEDE A,827,133,16.08,Colegio Distrital Carlos Arango Vélez Sede A,TRV 68 G # 35 A - 42 Sur,4.607800370000064,-74.13534320999997
JAL 2023,08,LOCALIDAD  8 KENNEDY,CARLOS ARTURO TORRES,4113,617,15.0,Colegio Distrital República de Finlandia,TRV 72 B # 44 C - 19 Sur,4.599650130000043,-74.14635851999998
JAL 2023,08,LOCALIDAD  8 KENNEDY,CARVAJAL II SEDE ANTONIA SANTOS II,2402,323,13.45,,,,
JAL 2023,08,LOCALIDAD  8 KENNEDY,CASABLANCA 32,6277,807,12.86,Salón Comunal Casablanca 32,CRA 79 F # 46 - 16 Sur,4.618398020000029,-74.16793259999997
JAL 2023,08,LOCALIDAD  8 KENNEDY,CATALINA,4757,730,15.35,Colegio Distrital Las Américas - Sede B (San Rafaél),CLL 52 A Sur # 77 W - 05,4.610011170000064,-74.16898937999997
JAL 2023,08,LOCALIDAD  8 KENNEDY,CC PLAZA DE LAS AMERICAS,2496,282,11.3,Centro Comercial Plaza de Las Américas,CRA 71 D # 6 - 94 Sur,4.618442610000045,-74.13720238999997
JAL 2023,08,LOCALIDAD  8 KENNEDY,CENTRO COMERCIAL CIUDAD TINTAL,2261,348,15.39,Centro Comercial Ciudad Tintal,CRA 94 # 6 C - 30 /CRA 93 # 6 B - 50,4.652774050000062,-74.15974955999997
JAL 2023,08,LOCALIDAD  8 KENNEDY,CENTRO COMERCIAL EL EDEN,12056,1724,14.3,Centro Comercial El Edén,CRA 72 # 12 B - 48,4.646525630000042,-74.12914780999995
JAL 2023,08,LOCALIDAD  8 KENNEDY,CENTRO COMERCIAL TINTAL PLAZA,9125,1823,19.98,Centro Comercial Tintal Plaza,AV CRA 86 # 6 - 37 /AV Ciudad Cali con Américas,4.6417692200000715,-74.15541177999995
JAL 2023,08,LOCALIDAD  8 KENNEDY,CENTRO DE DESARROLLO COMUNITARIO KENNEDY,3091,450,14.56,,,,
JAL 2023,08,LOCALIDAD  8 KENNEDY,CLASS,4600,683,14.85,,,,
JAL 2023,08,LOCALIDAD  8 KENNEDY,CODEMA,3445,568,16.49,,,,
JAL 2023,08,LOCALIDAD  8 KENNEDY,COL DE TIMIZA,5870,789,13.44,Col de Timiza,CRA 74 # 42 G - 52 Sur,4.609839340000065,-74.15855085999993
JAL 2023,08,LOCALIDAD  8 KENNEDY,COL. GABRIEL BETANCOURT MEJIA,9125,1423,15.59,Colegio Distrital Gabriel Betancourt Mejía,CRA 87 A # 6 A - 23 / CRA 88 # 6 A - 28,4.644541440000069,-74.15653033999996
JAL 2023,08,LOCALIDAD  8 KENNEDY,COLEGIO ALFONSO LOPEZ PUMAREJO,5620,829,14.75,Colegio Distrital Alfonso López,CRA 72 G # 39 - 99 Sur / CLL 39 B Sur # 72 G - 62,4.608288410000057,-74.14384350999995
JAL 2023,08,LOCALIDAD  8 KENNEDY,COLEGIO ALQUERIA,4295,682,15.88,Colegio Distrital Alquería,CLL 37 B Sur # 68 D - 93,4.604935280000063,-74.13617278999999
JAL 2023,08,LOCALIDAD  8 KENNEDY,COLEGIO C.E.L.C.O. SAN LUCAS,3071,399,12.99,Colegio Privado C.E.L.C.O. San Lucas,CLL 35 A Sur # 78 I - 21/CRA 78 F # 35 C - 63 Sur ,4.62514187000005,-74.15123481999996
JAL 2023,08,LOCALIDAD  8 KENNEDY,COLEGIO CIUDAD DE FOMEQUE,122,11,9.02,Colegio Privado Ciudad de Fómeque,CRA 93 B # 42 F -16 Sur /CRA 93 42F - 16 S,4.640719490000038,-74.17544943999997
JAL 2023,08,LOCALIDAD  8 KENNEDY,COLEGIO CIUDAD DE TECHO I,672,90,13.39,,,,
JAL 2023,08,LOCALIDAD  8 KENNEDY,COLEGIO CLASS I D E SEDE B ROMA,3718,646,17.37,,,,
JAL 2023,08,LOCALIDAD  8 KENNEDY,COLEGIO COOPERATIVO TIMIZA,786,148,18.83,Colegio Privado Cooperativo de Timiza,CRA 72 M # 40 F - 18 Sur,4.608652930000062,-74.15073440999998
JAL 2023,08,LOCALIDAD  8 KENNEDY,COLEGIO DARIO ECHANDIA,3841,618,16.09,Colegio Distrital Darío Echandía,CLL 5 A Sur # 88 B - 08,4.642173000000071,-74.16169599999995
JAL 2023,08,LOCALIDAD  8 KENNEDY,COLEGIO DEBORA ARANGO,1545,279,18.06,Colegio Distrital Debora Arango Pérez,CRA 84 A # 57 B - 04 Sur / CRA 84 A # 57 B - 22 Sur,4.61796959000003,-74.18313505999998
JAL 2023,08,LOCALIDAD  8 KENNEDY,COLEGIO DISTRITAL JACKELINE,609,99,16.26,Colegio Distrital Jackeline Sede B,CRA 77 Q # 45 A - 21 Sur,4.608990300000073,-74.16273181999998
JAL 2023,08,LOCALIDAD  8 KENNEDY,COLEGIO ERNESTO GUHL,130,21,16.15,Colegio Privado Ernesto Guhl,CLL 42 G Sur # 87 G - 16,4.633208070000023,-74.17243266999998
JAL 2023,08,LOCALIDAD  8 KENNEDY,COLEGIO FE Y ALEGRIA,3957,629,15.9,Colegio Fe y Alegría,TRV 78 C # 6 D - 49,4.635106000000064,-74.14605599999999
JAL 2023,08,LOCALIDAD  8 KENNEDY,COLEGIO GUSTAVO ROJAS PINILLA,5480,772,14.09,Colegio Distrital Gustavo Rojas Pinilla,CLL 11 B # 80 B - 61 / CLL 11 B # 80 C - 10,4.6485090800000535,-74.14064982999997
JAL 2023,08,LOCALIDAD  8 KENNEDY,COLEGIO INTEGRACION MODERNA,1365,180,13.19,Colegio Privado de Integración Moderna,CLL 4 # 71 A - 41,4.626742130000025,-74.13479141999994
JAL 2023,08,LOCALIDAD  8 KENNEDY,COLEGIO JAIME GARZON,6154,1116,18.13,Colegio Distrital Jaime Garzón,TRV 85 A # 49 - 45 Sur,4.625827940000022,-74.17558464999996
JAL 2023,08,LOCALIDAD  8 KENNEDY,COLEGIO JEAN PIAGET,1574,230,14.61,Colegio Privado Jean Piaget,CLL 2B # 70 - 22,4.62459608000006,-74.13168347999994
JAL 2023,08,LOCALIDAD  8 KENNEDY,COLEGIO LA AMISTAD,6411,1065,16.61,Colegio Distrital La Amistad,CRA 78 # 35 - 30 Sur,4.623422550000043,-74.14812764999994
JAL 2023,08,LOCALIDAD  8 KENNEDY,COLEGIO LA MAGDALENA,1157,183,15.82,Colegio Distrital La Magdalena,CLL 8A Bis # 94 - 72 / CRA 94 # 8C - 49,4.657200000000046,-74.15729999999996
JAL 2023,08,LOCALIDAD  8 KENNEDY,COLEGIO LUZ Y VIDA,585,59,10.09,Gimnasio Cristiano Luz y Vida Sede C,CLL 1 Sur  # 86 - 15,4.63869569000002,-74.15926271999996
JAL 2023,08,LOCALIDAD  8 KENNEDY,COLEGIO MILITAR MANUEL MURILLO TORO,362,31,8.56,,,,
JAL 2023,08,LOCALIDAD  8 KENNEDY,COLEGIO NELSON MANDELA,3868,624,16.13,Colegio Disitrital Nelson Mandela,CRA 91 # 43 - 98 Sur / CRA 90 A # 46 - 50 Sur,4.635853710000049,-74.17790967999997
JAL 2023,08,LOCALIDAD  8 KENNEDY,COLEGIO NUEVA CASTILLA,7318,1094,14.95,Colegio Distrital Nueva Castilla,CRA 78 C # 8 A - 43,4.640465580000068,-74.14191583999997
JAL 2023,08,LOCALIDAD  8 KENNEDY,COLEGIO OEA,3251,473,14.55,Colegio Distrital OEA,CRA 72 L # 34 - 19 Sur,4.618158630000039,-74.14145867999997
JAL 2023,08,LOCALIDAD  8 KENNEDY,COLEGIO OEA ANTONIA SANTOS,395,64,16.2,Colegio OEA Sede  Antonia Santos,CRA 69 # 39 - 27  Sur / CRA 69 Bis # 39 - 30 Sur,4.609080690000042,-74.14082054999994
JAL 2023,08,LOCALIDAD  8 KENNEDY,COLEGIO PAULO VI SEDE A,1239,204,16.46,Colegio Distrital Paulo VI Sede A,CRA 78 N # 41 - 17/ 21 Sur / CRA 78 P # 41 - 20 Sur,4.62088803000006,-74.15802882999998
JAL 2023,08,LOCALIDAD  8 KENNEDY,COLEGIO RODRIGO TRIANA,4882,792,16.22,Colegio Distrital Rodrigo Triana Sede A (Paraiso),CLL 38 B Sur # 89 - 81 /CLL 38 Sur # 89 - 81,4.640010210000071,-74.16738578999997
JAL 2023,08,LOCALIDAD  8 KENNEDY,COLEGIO SAN PEDRO CLAVER SEDE A,1837,329,17.91,Colegio Distrital San Pedro Claver Sede A,CRA 79C # 41B - 51 Sur,4.622000000000071,-74.16109999999998
JAL 2023,08,LOCALIDAD  8 KENNEDY,COLEGIO SAN PEDRO CLAVER SEDE B,419,53,12.65,Colegio Distrital San Pedro Claver Sede B,CLL 42 G Sur # 87 - 06,4.631496880000043,-74.17139979999996
JAL 2023,08,LOCALIDAD  8 KENNEDY,COLEGIO SAN RAFAEL SEDE A,365,59,16.16,Colegio Distrital San Rafael Sede A,TRV 78 I # 42 B - 81 Sur / CRA 78 L # 42 B - 84 Sur,4.617571590000068,-74.16240130999995
JAL 2023,08,LOCALIDAD  8 KENNEDY,COLEGIO TOM ADAMS,3714,552,14.86,Colegio Distrital Tom Adams,CLL 40 J Sur # 78 - 08,4.6182880500000465,-74.15564539999997
JAL 2023,08,LOCALIDAD  8 KENNEDY,DINDALITO,6079,944,15.53,,,,
JAL 2023,08,LOCALIDAD  8 KENNEDY,EL JAPON,5200,793,15.25,Colegio Distrital El Japón,CRA 78 G # 38 C - 11 Sur,4.621697550000022,-74.15351730999998
JAL 2023,08,LOCALIDAD  8 KENNEDY,EL SAUCEDAL,2166,207,9.56,Colegio Distrital La Amistad - Sede B,CRA 83 # 38 B - 12 Sur,4.633038830000032,-74.16282556999994
JAL 2023,08,LOCALIDAD  8 KENNEDY,ESC.TECNOLOGICA INST. TECNICO CENTRAL,1554,241,15.51,Escuela Tecnológica Instituto Técnico Central,CLL 6 C # 94 A - 25,4.653949640000064,-74.16140759999996
JAL 2023,08,LOCALIDAD  8 KENNEDY,ESTADOS UNIDOS SUPER 13,3873,558,14.41,,,,
JAL 2023,08,LOCALIDAD  8 KENNEDY,FERNANDO SOTO APARICIO,502,80,15.94,Colegio Fernando Soto Aparicio – Nuevo Kennedy,TRV 73 A Bis B # 36 - 47 Sur,4.618814040000075,-74.14748936999996
JAL 2023,08,LOCALIDAD  8 KENNEDY,FERNANDO SOTO APARICIO SEDE B,817,114,13.95,Colegio Fernando Soto Aparicio Sede B,CRA 80 A # 51 B - 29 Sur,4.617238000000043,-74.17262599999998
JAL 2023,08,LOCALIDAD  8 KENNEDY,FLORALIA,3100,405,13.06,Salón Comunal Floralia,TRV 68 C # 31 - 26 Sur,4.608704880000062,-74.13231108999997
JAL 2023,08,LOCALIDAD  8 KENNEDY,FLORESTA SUR SEDE B,942,116,12.31,Colegio Distrital La Floresta Sur Sede B,CLL 2 # 68 B - 08 Sur / CLL 2 # 68 B - 82 Sur,4.62047855000003,-74.12772212999994
JAL 2023,08,LOCALIDAD  8 KENNEDY,FRANCISCO JOSE DE CALDAS - INEM SEDE B,4016,507,12.62,Colegio Distrital INEM Francisco de Paula Santander -Sede B,CLL 35 C Sur # 78 N - 10,4.626545720000024,-74.15317527999997
JAL 2023,08,LOCALIDAD  8 KENNEDY,FRANCISCO MIRANDA,6398,1064,16.63,Colegio Distrital Francisco Miranda,DIAG 41 Sur # 73 A - 80,4.6125888600000735,-74.15445625999996
JAL 2023,08,LOCALIDAD  8 KENNEDY,GEMA,474,66,13.92,Salón Comunal El Ruby II Sector,CLL 58 B Sur # 78 K - 21 /CLL 58 C Sur # 78 K - 21,4.607525830000043,-74.17686551999998
JAL 2023,08,LOCALIDAD  8 KENNEDY,GRAN COLOMBIANO,3979,573,14.4,,,,
JAL 2023,08,LOCALIDAD  8 KENNEDY,INEM FRANCISCO DE PAULA SANTANDER SEDE A,3262,560,17.17,Colegio Distrital INEM Francisco de Paula Santander,CLL 38 C Sur # 79 - 08,4.624982830000022,-74.15550350999996
JAL 2023,08,LOCALIDAD  8 KENNEDY,ISABEL II,1055,157,14.88,Colegio Isabel II,DIAG 2 D # 79 C - 83,4.6335696800000505,-74.15294974999995
JAL 2023,08,LOCALIDAD  8 KENNEDY,JAIRO ANIBAL NIÑO,7128,1063,14.91,,,,
JAL 2023,08,LOCALIDAD  8 KENNEDY,JOHN F. KENNEDY,3539,508,14.35,Colegio Distrital Jhon F. Kennedy,CRA 74 B # 38 A - 35 Sur,4.619573280000054,-74.15025403999994
JAL 2023,08,LOCALIDAD  8 KENNEDY,LA CHUCUA,5121,754,14.72,Colegio Distrital La Chucua,CRA 72 I # 42 F - 54 Sur,4.6036399400000505,-74.14854788999997
JAL 2023,08,LOCALIDAD  8 KENNEDY,LA FLORESTA SUR,5090,625,12.28,Colegio Distrital La Floresta Sur - Sede 1,CRA 68 B Bis # 1 - 09 Sur,4.620795860000044,-74.12744373999993
JAL 2023,08,LOCALIDAD  8 KENNEDY,LAS AMERICAS SEDE A,3947,566,14.34,Colegio Distrital Las Américas - Sede A,CRA 73 C Bis # 38 C - 84 Sur / CLL 38C Sur # 73A - 93,4.616765260000022,-74.15062749999998
JAL 2023,08,LOCALIDAD  8 KENNEDY,LAS PALMERAS,3401,481,14.14,,,,
JAL 2023,08,LOCALIDAD  8 KENNEDY,LICEO EL CASTILLO,2093,236,11.28,Colegio Privado El Castillo,CRA 82 Bis # 7 D - 12,4.643894620000026,-74.14992682999997
JAL 2023,08,LOCALIDAD  8 KENNEDY,LICEO REYNEL,414,63,15.22,Liceo Reynel,CLL 39 Sur # 68 F - 15,4.602634000000023,-74.13856753999994
JAL 2023,08,LOCALIDAD  8 KENNEDY,LORETO DE CASTILLA,550,70,12.73,Instituto Comercial Loreto de Castilla,CLL 8 # 78 C - 60,4.639170750000062,-74.14319126999999
JAL 2023,08,LOCALIDAD  8 KENNEDY,LOS HEROES,2466,319,12.94,Colegio Distrital Los Héroes,CLL 35 B Sur # 73 A - 40 Int 1,4.620540830000039,-74.14522563999998
JAL 2023,08,LOCALIDAD  8 KENNEDY,LOS PERIODISTAS,3380,547,16.18,Colegio Distrital Los Periodistas,CLL 41 C Sur # 78 H - 85,4.617388220000066,-74.15832380999996
JAL 2023,08,LOCALIDAD  8 KENNEDY,MANDALAY - COLEGIO KENNEDY,4941,649,13.13,Colegio Distrital Kennedy,CLL 5 Sur # 72 A - 69,4.620267630000058,-74.14082627999994
JAL 2023,08,LOCALIDAD  8 KENNEDY,MANUEL CEPEDA,2643,479,18.12,Colegio Distrital Manuel Cepeda Vargas,CLL 56 Sur # 81 - 26,4.616530010000076,-74.17766229999995
JAL 2023,08,LOCALIDAD  8 KENNEDY,MARIA PAZ,2679,326,12.17,Salón Comunal María Paz,CLL 5 A Sur # 82 - 63 / CLL 5 A Sur # 82 - 01,4.6368686800000205,-74.15796743999994
JAL 2023,08,LOCALIDAD  8 KENNEDY,MARSELLA,5017,728,14.51,Colegio Distrital Marsella,CRA 69 # 7 - 90,4.632151290000024,-74.12731736999996
JAL 2023,08,LOCALIDAD  8 KENNEDY,METRO ALQUERIA,217,30,13.82,Almacén Metro Alquería,AV CRA 68 # 38 - 87 Sur / CRA 68 # 38A - 15,4.602679980000062,-74.13464627999997
JAL 2023,08,LOCALIDAD  8 KENNEDY,MILENIO PLAZA,3010,445,14.78,Centro Comercial Milenio Plaza,AV Ciudad de Cali # 42 B - 51 Sur / AV CRA 86 # 42 B - 51 Sur,4.630349090000038,-74.16878477999995
JAL 2023,08,LOCALIDAD  8 KENNEDY,NICOLAS ESGUERRA,162,29,17.9,Colegio Nicolás Esguerra,CLL 9 C # 68 - 52,4.632326110000065,-74.12260322999998
JAL 2023,08,LOCALIDAD  8 KENNEDY,PATIO BONITO,8971,1457,16.24,,,,
JAL 2023,08,LOCALIDAD  8 KENNEDY,PATIOS,4266,677,15.87,,,,
JAL 2023,08,LOCALIDAD  8 KENNEDY,PERPETUO SOCORRO,3954,515,13.02,,,,
JAL 2023,08,LOCALIDAD  8 KENNEDY,PIO XII - SEDE COLEGIO ISABEL II,3363,453,13.47,Colegio Distrital Isabel II -  Sede B,CRA 79 F # 6 B - 30 / CRA 79 F # 6 B - 34,4.635361170000067,-74.15182267999995
JAL 2023,08,LOCALIDAD  8 KENNEDY,POLIDEPORTIVO CASTILLA,1172,127,10.84,Polideportivo Castilla,CLL 8 B Bis # 73 B - 1 / CRA 75 8 A - 31,4.639782510000032,-74.13941410999996
JAL 2023,08,LOCALIDAD  8 KENNEDY,PROSPERO PINZON,4543,666,14.66,Colegio Próspero Pinzón,CLL 35 C Sur #78 F - 81,4.624321240000029,-74.15109253999998
JAL 2023,08,LOCALIDAD  8 KENNEDY,ROMA,8755,1399,15.98,,,,
JAL 2023,08,LOCALIDAD  8 KENNEDY,SAGRADO CORAZON,364,63,17.31,Colegio Sagrado Corazón Sede Principal,CLL 54 Sur # 81 H - 15,4.620347680000066,-74.17712049999994
JAL 2023,08,LOCALIDAD  8 KENNEDY,SALON COMUNAL ANDALUCIA II SECTOR,350,30,8.57,Salón Comunal Andalucia II Sector,CLL 14 A # 81 - 38,4.653618250000022,-74.13694453999994
JAL 2023,08,LOCALIDAD  8 KENNEDY,SALON COMUNAL BOITA II SECTOR,1097,185,16.86,Salón Comunal Boita II Sector,CRA 72 R Bis # 48 - 11 Sur,4.604087420000042,-74.15639226999997
JAL 2023,08,LOCALIDAD  8 KENNEDY,SALON COMUNAL CARVAJAL OSORIO,968,171,17.67,Salón Comunal Carvajal Osorio,CRA 68 L  #37 D - 38 Sur /CRA 68 I # 37 D - 02 Sur / CLL 38 Sur # 68 J - 50,4.6069290000000365,-74.13835799999998
JAL 2023,08,LOCALIDAD  8 KENNEDY,SALON COMUNAL MARSELLA,2935,395,13.46,Salón Comunal Marsella,CRA 69 # 8 - 28,4.632976380000059,-74.12702547999999
JAL 2023,08,LOCALIDAD  8 KENNEDY,SALON COMUNAL MONTERREY,562,66,11.74,Salón Comunal Monterrey,CLL 8 Bis # 81 - 40 ,4.643097500000067,-74.14783571999999
JAL 2023,08,LOCALIDAD  8 KENNEDY,SALON COMUNAL ROMA IV,1204,168,13.95,Salón Comunal Roma IV Segundo Sector,CRA 78 J # 54 - 16 Sur,4.611307110000041,-74.17060251999999
JAL 2023,08,LOCALIDAD  8 KENNEDY,SALON COMUNAL SANTA CATALINA,438,78,17.81,Salón Comunal Santa Catalina,CRA 72 Q Bis #43 - 06 Sur /CLL 43 Sur # 72Q - 45,4.606108600000027,-74.15486890999995
JAL 2023,08,LOCALIDAD  8 KENNEDY,SALON COMUNAL VILLA ALSACIA,1220,132,10.82,Salón Comunal Villa Alsacia,CLL 11 A # 72 D - 20,4.64346598000003,-74.13615890999995
JAL 2023,08,LOCALIDAD  8 KENNEDY,SALON COMUNAL VILLA CLAUDIA,614,98,15.96,Salón Comunal Villa Claudia,CLL 9 A Sur # 68 F - 23,4.617274000000066,-74.12914228999995
JAL 2023,08,LOCALIDAD  8 KENNEDY,SAN FRANCISCO EN EL TINTAL,4270,663,15.53,Colegio Gimnasio Moderno San Francisco El Tintal,CLL 6 D # 90 - 51,4.649993000000052,-74.15820999999994
JAL 2023,08,LOCALIDAD  8 KENNEDY,SAN JOSE DE CASTILLA SEDE A,5258,780,14.83,Colegio Distrital San José de Castilla - Sede A,CLL 7 C # 78 F - 20 /CRA 78 F # 7 D - 03,4.638309000000049,-74.14383999999995
JAL 2023,08,LOCALIDAD  8 KENNEDY,SANTA MARIA DE KENNEDY,4234,455,10.75,Salón Comunal Urbanización Villa Andrea,CLL 51 C Sur # 82 A - 09,4.622501830000033,-74.17647343999994
JAL 2023,08,LOCALIDAD  8 KENNEDY,SUPERIOR AMERICANO,7059,894,12.66,Colegio Superior Americano,CRA 71 C # 3 A - 41,4.626186380000036,-74.13590567999995
JAL 2023,08,LOCALIDAD  8 KENNEDY,TAGASTE,2063,287,13.91,,,,
JAL 2023,08,LOCALIDAD  8 KENNEDY,TINTALITO,5873,852,14.51,,,,
JAL 2023,08,LOCALIDAD  8 KENNEDY,VILLA ADRIANA,2341,319,13.63,Salón Comunal Villa Adriana,CLL 20 Sur # 68 D - 36,4.612923950000038,-74.12908470999997
JAL 2023,08,LOCALIDAD  8 KENNEDY,VILLA RICA,2582,370,14.33,,,,
JAL 2023,08,LOCALIDAD  8 KENNEDY,VILLANUEVA,2404,329,13.69,Colegio Distrital Alfonso López Pumarejo - Sede B,CLL 40 B Sur # 57 - 26 / CRA 68I # 39D - 04 Sur,4.603200020000031,-74.14097587999998
JAL 2023,08,LOCALIDAD  8 KENNEDY,VISION DE COLOMBIA,6779,814,12.01,Colegio Distrital San José de Castilla - Sede C,CRA 79 C # 13 A - 40,4.65068339000004,-74.13528233999995
JAL 2023,09,LOCALIDAD 9 FONTIBON,ACUNAR,1366,159,11.64,Jardín Infantil ACUNAR Sabana Grande,CRA 104 # 13 D - 35 / CRA 106 # 15 A - 32,4.668003800000065,-74.15744062999994
JAL 2023,09,LOCALIDAD 9 FONTIBON,AGUSTINIANO SALITRE,6538,872,13.34,,,,
JAL 2023,09,LOCALIDAD 9 FONTIBON,ATAHUALPA,3098,437,14.11,Colegio Distrital Atahualpa,AV CRA 116 # 22I - 56,4.688300000000027,-74.14829999999995
JAL 2023,09,LOCALIDAD 9 FONTIBON,BATAVIA,2764,342,12.37,Concentración Escolar Batavia,CRA 114 # 17 C - 07,4.6826835800000595,-74.15300323999998
JAL 2023,09,LOCALIDAD 9 FONTIBON,BELEN,6355,755,11.88,Colegio Integrado de Fontibón,CRA 106 # 18 - 77,4.678433950000056,-74.14731024999998
JAL 2023,09,LOCALIDAD 9 FONTIBON,CACIQUE HYNTIBA,1642,247,15.04,Casa de La Cultura de Fontibón Cacique Hyntiba,CLL 17A # 99 - 53,4.672996710000064,-74.14514481999998
JAL 2023,09,LOCALIDAD 9 FONTIBON,CASA PENSAMIENTO INTERCULTURAL,394,53,13.45,Casa de Pensamiento Intercultural,DIAG 15 D # 98 - 40,4.666352900000049,-74.15174359999997
JAL 2023,09,LOCALIDAD 9 FONTIBON,CENTRO A,3624,436,12.03,Colegio Distrital Rodrigo Arenas Betancourt,CRA 97 # 16 J - 15,4.670627620000062,-74.14464347999996
JAL 2023,09,LOCALIDAD 9 FONTIBON,COLEGIO LUIS ANGEL ARANGO,1098,147,13.39,Colegio Distrital Luis Ángel Arango,CLL 23 G # 103 - 60 /CRA 103 # 23 G - 01,4.681852690000028,-74.13755124999994
JAL 2023,09,LOCALIDAD 9 FONTIBON,EL CHARCO,360,76,21.11,Colegio Distrital Antonio Van Üden Sede B,CLL 17 F # 128 - 45,4.692487530000051,-74.16143793999998
JAL 2023,09,LOCALIDAD 9 FONTIBON,EL JARDIN,237,27,11.39,Salón Comunal San José - El Jardín,CRA 100 # 24 D - 65,4.683248640000045,-74.13252331999996
JAL 2023,09,LOCALIDAD 9 FONTIBON,FERROCAJA,460,72,15.65,Vía Pública Colegio Distrital Villemar El Carmen Sede C,CRA 97 # 22 G - 15,4.676020200000039,-74.13840758999999
JAL 2023,09,LOCALIDAD 9 FONTIBON,FONTIBON,11010,1115,10.13,Colegio Parroquial San Pedro Claver,CRA 99 CLL 17 A Esquina / CRA 99 # 17A - 62,4.672635170000035,-74.14450537999994
JAL 2023,09,LOCALIDAD 9 FONTIBON,HAYUELOS CENTRO COMERCIAL,11768,1364,11.59,Centro Comercial Hayuelos,CLL 20 # 82 - 52,4.664203610000072,-74.13054683999997
JAL 2023,09,LOCALIDAD 9 FONTIBON,HAYUELOS JUMBO,7608,813,10.69,,,,
JAL 2023,09,LOCALIDAD 9 FONTIBON,INTEGRADO SEDE B,485,48,9.9,Colegio Distrital Integrado - Sede B,CLL 22 F # 109 B - 29,4.683119410000074,-74.14624404999995
JAL 2023,09,LOCALIDAD 9 FONTIBON,LA ALDEA,2116,266,12.57,Salón Comunal la Aldea,CLL 22 G # 117 A - 38,4.688916000000063,-74.15002899999996
JAL 2023,09,LOCALIDAD 9 FONTIBON,LA FELICIDAD,4261,455,10.68,Colegio Distrital La Felicidad,CLL 19 # 79 - 37,4.656356410000058,-74.13059069999997
JAL 2023,09,LOCALIDAD 9 FONTIBON,LA GIRALDA,4625,534,11.55,Subdirección de Integración Social,CRA 104 B # 22 J - 15 /CLL 23 # 104 B - 15,4.681725340000071,-74.14173478999999
JAL 2023,09,LOCALIDAD 9 FONTIBON,LA LAGUNA,6462,743,11.5,Colegio Distrital Pablo Neruda,CLL 16 F Bis # 102 - 70,4.672245610000061,-74.14939244999994
JAL 2023,09,LOCALIDAD 9 FONTIBON,MODELIA REAL,3038,314,10.34,Colegio Gimnasio Modelia Real,CLL 24 D # 82 - 13 /CRA 82 # 24 C - 29 ,4.670602090000045,-74.12140295999995
JAL 2023,09,LOCALIDAD 9 FONTIBON,MODELIA SUR,5161,471,9.13,Salón Múltiple Comunitario,CLL 25 B # 81 - 41 / CRA 81C # 24D 60,4.670049750000032,-74.11924085999993
JAL 2023,09,LOCALIDAD 9 FONTIBON,MULTIPLAZA,4489,505,11.25,Centro Comercial Multiplaza,CLL 19 A # 72 - 57,4.653330240000059,-74.12499241999996
JAL 2023,09,LOCALIDAD 9 FONTIBON,NAVARRA MODELIA,3032,363,11.97,Liceo Navarra,CRA 74 # 24 B - 80,4.665820000000053,-74.11706199999998
JAL 2023,09,LOCALIDAD 9 FONTIBON,PABLO NERUDA,995,131,13.17,Colegio Distrital Pablo Neruda Sede B,CLL 16 J # 99 - 95,4.672448640000027,-74.14642965999997
JAL 2023,09,LOCALIDAD 9 FONTIBON,PUENTE GRANDE,2097,377,17.98,Liceo Juvenil Moravia,CRA 137 A # 17 D - 31,4.697663890000058,-74.16811639999997
JAL 2023,09,LOCALIDAD 9 FONTIBON,PUERTA DE TEJA,1406,116,8.25,Colegio Distrital Costa Rica - Sede C,CLL 25 C Bis B # 96 - 56,4.6821795600000655,-74.12699895999998
JAL 2023,09,LOCALIDAD 9 FONTIBON,RECODO,3866,499,12.91,Salón Social Conjunto Residencial Fontibón Reservado,CLL 14 B # 119 A - 17,4.680477450000069,-74.16613786999994
JAL 2023,09,LOCALIDAD 9 FONTIBON,SALITRE PLAZA,10003,1021,10.21,Centro Comercial Salitre Plaza,CRA 68 B # 24 - 39,4.652714740000022,-74.10918051999994
JAL 2023,09,LOCALIDAD 9 FONTIBON,SAN JOSE,676,79,11.69,Colegio Privado Parroquial San José ,CRA 100 # 24 - 60 ,4.681714740000075,-74.13355040999994
JAL 2023,09,LOCALIDAD 9 FONTIBON,SAN PABLO LA PERLA,3171,364,11.48,Colegio Distrital Antonio Van Üden,CLL 17 D # 123 B - 37,4.688993230000051,-74.15887106999998
JAL 2023,09,LOCALIDAD 9 FONTIBON,SANTA CECILIA - MODELIA,4339,444,10.23,Colegio Distrital Santa Cecilia,CLL 25 B # 83 - 14,4.671957660000032,-74.12063458999995
JAL 2023,09,LOCALIDAD 9 FONTIBON,SANTA TERESA CENTRO,2199,245,11.14,Colegio Santa Teresa Centro,CRA 99 # 19 -72,4.6737940000000435,-74.14252299999998
JAL 2023,09,LOCALIDAD 9 FONTIBON,TREBOLIS,1369,133,9.72,Centro Comercial Trebolis,CRA 90 # 17 - 95 /Cl 19A # 91 - 05,4.66585292000002,-74.13645248999995
JAL 2023,09,LOCALIDAD 9 FONTIBON,TRES ELEFANTES- LA ESPERANZA,3348,356,10.63,,,,
JAL 2023,09,LOCALIDAD 9 FONTIBON,TRES ESTANCIAS,1702,210,12.34,Salón Comunal Tres Estancias,CLL 15 # 119 - 14 /CLL 15 # 119 A - 90,4.68281458000007,-74.16417605999999
JAL 2023,09,LOCALIDAD 9 FONTIBON,VAN UDEN CALLE 13,664,125,18.83,,,,
JAL 2023,09,LOCALIDAD 9 FONTIBON,VERACRUZ,5942,686,11.54,Colegio Distrital República de Costa Rica - Sede C,CRA 101 # 23 - 42,4.679446400000074,-74.13770941999996
JAL 2023,09,LOCALIDAD 9 FONTIBON,VERSALLES,7692,888,11.54,Colegio Distrital Internacional,CRA 112 # 23 - 05,4.686837270000069,-74.14523521999996
JAL 2023,09,LOCALIDAD 9 FONTIBON,VILLA ANDREA,434,98,22.58,Jardín Infantil Villa Andrea,CLL 17 C # 134 - 70 Manzana 1 ,4.695402260000037,-74.16663541999998
JAL 2023,09,LOCALIDAD 9 FONTIBON,VILLEMAR,7396,916,12.39,Colegio Distrital Villemar El Carmen,CLL 20 D # 96 G - 51,4.6725942300000725,-74.13918464999995
JAL 2023,09,LOCALIDAD 9 FONTIBON,ZONA FRANCA,8593,1366,15.9,Colegio Distrital Carlo Federici,CLL 14 A # 108 - 78,4.671739570000057,-74.15965762999997
JAL 2023,10,LOCALIDAD 10 ENGATIVA,ALCALA SEDE B,432,48,11.11,Colegio Distrital Nestor Forero Alcala Sede B,DIAG 70 # 70 - 40,4.681993060000025,-74.09316965999994
JAL 2023,10,LOCALIDAD 10 ENGATIVA,ALMAZAN ENGATIVA,6597,945,14.32,,,,
JAL 2023,10,LOCALIDAD 10 ENGATIVA,BACHUE,8281,1113,13.44,Colegio Técnico Distrital Laureano Gómez - Sede B,CLL 90 A # 95 D - 56,4.718635630000051,-74.10182822999997
JAL 2023,10,LOCALIDAD 10 ENGATIVA,BACHUE II - BOCHICA I,4145,546,13.17,Sede Social Edificio Comunal Bochica 1,CLL 83 # 95 D - 04,4.712395780000065,-74.10589612999996
JAL 2023,10,LOCALIDAD 10 ENGATIVA,BOCHICA,10444,1543,14.77,Centro Comercial Portal 80,TRV 100A # 80A - 20 / AV CLL 80 # 100 - 50,4.710570740000037,-74.11216228999996
JAL 2023,10,LOCALIDAD 10 ENGATIVA,BOLIVIA,5535,700,12.65,Colegio Distrital Rodolfo Llinas,CRA 103 D # 86 A - 72,4.719820000000027,-74.10831499999995
JAL 2023,10,LOCALIDAD 10 ENGATIVA,BONANZA,6822,818,11.99,Colegio Distrital Técnico República de Guatemala,CLL 78 Bis # 69T - 45,4.6901322000000505,-74.08685264999997
JAL 2023,10,LOCALIDAD 10 ENGATIVA,BOSQUE POPULAR,4549,670,14.73,Colegio Distrital Instituto Técnico Industrial Francisco Jose de Caldas - Sede A,CRA 68 F # 63 B - 02,4.668805920000068,-74.09538259999994
JAL 2023,10,LOCALIDAD 10 ENGATIVA,BOSQUES DE MARIANA,594,53,8.92,Salón Comunal Bosques de Mariana,CRA 107 B Bis # 70 F - 50,4.707854480000037,-74.12430788999995
JAL 2023,10,LOCALIDAD 10 ENGATIVA,BOYACA,5021,621,12.37,Colegio Distrital Manuela Ayala de Gaitán - Sede A,CLL 71 # 75 - 11,4.688139070000034,-74.09952888999999
JAL 2023,10,LOCALIDAD 10 ENGATIVA,CENTRO COMERCIAL NUESTRO BOGOTA,1809,195,10.78,Centro Comercial Nuestro Bogotá,AV CRA 86 # 55 A - 75,4.683601320000037,-74.11529593999995
JAL 2023,10,LOCALIDAD 10 ENGATIVA,CENTRO COMERCIAL PUNTO 72,1443,226,15.66,Centro Comercial Punto 72,CLL 72 A # 86 - 49 Parqueadero,4.696919330000071,-74.10605957999996
JAL 2023,10,LOCALIDAD 10 ENGATIVA,CENTRO EDUCATIVO SCALAS,699,94,13.45,Centro Educativo Scalas,CRA 82 # 68 B - 09,4.6900148100000365,-74.10620783999997
JAL 2023,10,LOCALIDAD 10 ENGATIVA,CIUDAD DE HONDA,1158,168,14.51,Colegio Distrital Instituto Técnico industrial Francisco José de Caldas - Sede B,CLL 64 F Bis # 68 G - 16,4.672932560000049,-74.09349927999995
JAL 2023,10,LOCALIDAD 10 ENGATIVA,CIUDADELA COLSUBSIDIO,9634,1249,12.96,Colegio Centro Educativo Integral Colsubsidio,CLL 83 # 110 - 58,4.720811410000067,-74.11391556999996
JAL 2023,10,LOCALIDAD 10 ENGATIVA,COLEGIO COPES,872,127,14.56,Colegio Pedagógico del Espíritu Santo,CLL 72 # 102 - 23 / AV CLL 72 # 102 - 23,4.7049842100000205,-74.11810398999995
JAL 2023,10,LOCALIDAD 10 ENGATIVA,COLEGIO LESTONAC,712,96,13.48,Colegio Privado Centro Lestonac Compañía de María,CRA 87 A # 84 A - 81,4.7080329600000255,-74.09906523999996
JAL 2023,10,LOCALIDAD 10 ENGATIVA,COLEGIO NORTE ADVENTISTA,329,35,10.64,Colegio Adventista del Norte,CRA 70 G # 71 - 04,4.683743500000048,-74.09436380999995
JAL 2023,10,LOCALIDAD 10 ENGATIVA,COLEGIO RR OBLATAS AL DIVINO AMOR,319,34,10.66,Colegio Privado RR Oblatas Al Divino Amor,CRA 71 B # 52 - 30,4.66938293000004,-74.10683512999998
JAL 2023,10,LOCALIDAD 10 ENGATIVA,COMUNIDAD COLEGIO FE Y ALEGRIA,493,81,16.43,Colegio Distrital Fe y Alegría,CRA 105 A # 74 A - 15,4.708199280000031,-74.11897248999998
JAL 2023,10,LOCALIDAD 10 ENGATIVA,DIVERPLAZA,8461,1178,13.92,Centro Comercial Diverplaza,TRV 99 Bis # 70A - 89 / AV CRA 96 # 70A - 89,4.7001410000000305,-74.11511199999995
JAL 2023,10,LOCALIDAD 10 ENGATIVA,EL CEDRO,1239,148,11.95,Colegio Distrital Charry,CRA 109 A # 77 A - 16 /CRA 108 # 77 - 21 ,4.713627000000031,-74.12015899999994
JAL 2023,10,LOCALIDAD 10 ENGATIVA,EL CORTIJO,8167,941,11.52,,,,
JAL 2023,10,LOCALIDAD 10 ENGATIVA,EL ENCANTO,1832,257,14.03,Salón Comunal de Villaluz,CRA 77 A # 64 B - 03,4.681729460000042,-74.10735812999997
JAL 2023,10,LOCALIDAD 10 ENGATIVA,EL GUALI,2360,347,14.7,Colegio Cafam Básica Primaria,AV CLL 64 C # 68 F - 29,4.671215580000023,-74.09435405999994
JAL 2023,10,LOCALIDAD 10 ENGATIVA,EL LUJAN,5546,658,11.86,Colegio Distrital Robert Kennedy - Sede A,AV Boyacá # 64 H - 39 /AV CRA 72 # 64 H - 39,4.678894770000056,-74.10148869999995
JAL 2023,10,LOCALIDAD 10 ENGATIVA,EL MORISCO,2989,371,12.41,Colegio Distrital Morisco,DIAG 83 # 73 - 12 / DIAG 83 # 73 A - 12 ,4.705155590000061,-74.09038496999995
JAL 2023,10,LOCALIDAD 10 ENGATIVA,EL MUELLE,8350,1103,13.21,Colegio Colsubsidio Las Mercedes,CRA 105 D # 66 A - 15 /CRA 105 F # 66 - 33,4.700289140000052,-74.12521383999996
JAL 2023,10,LOCALIDAD 10 ENGATIVA,EL REAL,605,75,12.4,Colegio Distrital Robert Kennedy Sede B,CLL 65 A # 76 - 53,4.68314016000005,-74.10434446999994
JAL 2023,10,LOCALIDAD 10 ENGATIVA,ENGATIVA,9184,1157,12.6,Colegio Distrital General Santander,CRA 123 # 65 A - 03 / CLL 65A # 123 - 38,4.716288230000032,-74.14095823999997
JAL 2023,10,LOCALIDAD 10 ENGATIVA,FERIAS II,3119,413,13.24,Colegio Distrital Juán del Corral - Sede A,CRA 69 B # 79 A - 42,4.686961490000044,-74.08190080999998
JAL 2023,10,LOCALIDAD 10 ENGATIVA,FLORENCIA,2405,286,11.89,Colegio Distrital Nidia Quintero de Turbay - Sede B,DIAG 74 B # 87 - 40,4.69956811000003,-74.10526331999995
JAL 2023,10,LOCALIDAD 10 ENGATIVA,GARCES NAVAS,8602,1205,14.01,Colegio Distrital Nueva Constitución,CRA 107 B # 74 B - 31,4.711136510000074,-74.12207203999998
JAL 2023,10,LOCALIDAD 10 ENGATIVA,GIMNASIO SANTA MARIA DEL ALCAZAR,255,27,10.59,Gimnasio Santa Maria del Alcazar,CRA 79 # 64 C - 48,4.68351221000006,-74.10817359999999
JAL 2023,10,LOCALIDAD 10 ENGATIVA,GRAN GRANADA,10460,1279,12.23,Costado Almacén Éxito de Occidente,CRA 114 A # 78 B -85 /AV CRA 114 # 78 B - 80,4.72099436000002,-74.12272130999997
JAL 2023,10,LOCALIDAD 10 ENGATIVA,LA CABAÑA,2323,297,12.79,Colegio Distrital Marco Tulio Fernández - Sede A,CLL 63 B # 71 A - 16,4.67429616000004,-74.10219662999998
JAL 2023,10,LOCALIDAD 10 ENGATIVA,LA CLARITA,1382,173,12.52,Salón Comunal Barrio La Clarita,CRA 83 # 70 - 15,4.6921672100000364,-74.10575418999997
JAL 2023,10,LOCALIDAD 10 ENGATIVA,LA ESPAÑOLA,3588,437,12.18,Colegio Distrital Jorge Gaitán Cortés - Sede A,CRA 82 A # 82 D - 34 / CRA 82 A # 82 D - 40,4.703375860000051,-74.09653854999993
JAL 2023,10,LOCALIDAD 10 ENGATIVA,LA ESTRADA,4410,603,13.67,Colegio Distrital República de Colombia - Sede B,CRA 69 C # 69 - 20,4.678782290000072,-74.09152579999994
JAL 2023,10,LOCALIDAD 10 ENGATIVA,LA ESTRADITA,6113,797,13.04,Colegio Distrital República de Colombia - Sede A,CLL 68 # 69 - 10,4.6774213400000235,-74.09156635999994
JAL 2023,10,LOCALIDAD 10 ENGATIVA,LA EUROPA,2229,239,10.72,Colegio Distrital Néstor Forero Alcalá - Sede A,CRA 70 C Bis # 71 - 33,4.6838089900000455,-74.09357474999996
JAL 2023,10,LOCALIDAD 10 ENGATIVA,LA FAENA,440,59,13.41,Colegio Distrital General Santander Sede C,CRA 122 A Bis # 69 C - 21,4.717575450000027,-74.13791882999993
JAL 2023,10,LOCALIDAD 10 ENGATIVA,LA FLORIDA,3799,424,11.16,Colegio Manyanet,CRA 89 # 68 A - 36 /CRA 89 # 68 A - 32,4.692899560000058,-74.11058796999998
JAL 2023,10,LOCALIDAD 10 ENGATIVA,LA GRANJA,4137,542,13.1,Colegio Distrital San José Norte - Sede A,CRA 84 # 75 A - 09,4.698713440000063,-74.10180744999997
JAL 2023,10,LOCALIDAD 10 ENGATIVA,LA PALESTINA,775,129,16.65,Colegio Distrital La Palestina Sede A - Centro de Estudios del Niño,CRA 76 # 79 - 40,4.697159640000052,-74.09355299999999
JAL 2023,10,LOCALIDAD 10 ENGATIVA,LA SALINA,5914,668,11.3,Colegio Distrital Florida Blanca - Sede A,CLL 70 A # 94 - 38,4.697956260000069,-74.11402122999993
JAL 2023,10,LOCALIDAD 10 ENGATIVA,LA SERENA,3088,341,11.04,Colegio Distrital Simón Bolívar - Sede B,CRA 85 # 88 - 99 / CRA 85 # 88 - 91,4.708631880000041,-74.09499902999994
JAL 2023,10,LOCALIDAD 10 ENGATIVA,LAS FERIAS,3609,395,10.94,Colegio Distrital Naciones Unidas - Sede C,CLL 73 Bis # 68 G - 27,4.68068259000006,-74.08716270999997
JAL 2023,10,LOCALIDAD 10 ENGATIVA,LEON VALENCIA,290,43,14.83,Colegio Distrital Guillermo León Valencia,CRA 93 A # 75 B - 80 /CRA 92 # 75C - 31,4.704311300000029,-74.10861135999994
JAL 2023,10,LOCALIDAD 10 ENGATIVA,LOS ALAMOS,4188,591,14.11,"Colegio Cooperativo Los Álamos - \""COALAMOS\""",CLL 66 A # 97 A - 15,4.69570563000002,-74.11978794999999
JAL 2023,10,LOCALIDAD 10 ENGATIVA,LOS ALAMOS NORTE,5405,705,13.04,Colegio Distrital Garces Navas Sede A,CRA 104 A # 76 B - 09,4.710317150000037,-74.11737051999995
JAL 2023,10,LOCALIDAD 10 ENGATIVA,LOS CEREZOS,2633,387,14.7,Polideportivo,TRV 87 A # 83 A - 48,4.706390360000057,-74.10015043999994
JAL 2023,10,LOCALIDAD 10 ENGATIVA,MARGARITA BOSCO,2356,253,10.74,Colegio Margarita Bosco,AV CLL 63 # 73 A - 44,4.676707800000031,-74.10595588999996
JAL 2023,10,LOCALIDAD 10 ENGATIVA,MINUTO DE DIOS,6543,848,12.96,Colegio Minuto de Dios,TRV 74 # 81 C - 05,4.698129250000022,-74.09033767999995
JAL 2023,10,LOCALIDAD 10 ENGATIVA,MORTIÑO,1445,163,11.28,Salón Comunal,CLL 75 # 110 A - 23,4.713081740000064,-74.12370080999995
JAL 2023,10,LOCALIDAD 10 ENGATIVA,NACIONES UNIDAS SEDE B,535,68,12.71,Colegio Distrital Naciones Unidas Sede B,CLL 73 A # 69 J - 10,4.684366280000063,-74.08858584999996
JAL 2023,10,LOCALIDAD 10 ENGATIVA,NORMANDIA,6236,789,12.65,Colegio Privado Instituto Técnico Industrial Centro Don Bosco,DIAG 44 # 69 - 96,4.6619574000000625,-74.10790264999997
JAL 2023,10,LOCALIDAD 10 ENGATIVA,PALO BLANCO,1181,162,13.72,Colegio Gimnasio El Lago,CLL 74 A # 73 A - 85,4.691378000000043,-74.09556699999996
JAL 2023,10,LOCALIDAD 10 ENGATIVA,PARIS GAITAN,660,106,16.06,Colegio Distrital Jorge Gaitán Sede B,CRA 84 # 83 - 71,4.704805790000023,-74.09788413999996
JAL 2023,10,LOCALIDAD 10 ENGATIVA,PARQUE SAN ANDRES,2300,310,13.48,Coliseo Parque San Andrés,CLL 82 # 100 A - 91,4.713394110000024,-74.11002009999999
JAL 2023,10,LOCALIDAD 10 ENGATIVA,PLAZUELAS DEL VIRREY,4099,439,10.71,Salón Comunal Urbanización Plazuelas del Virrey,CLL 70 A # 105 G - 23 / CLL 70 # 105 F - 28,4.704557270000066,-74.12330064999998
JAL 2023,10,LOCALIDAD 10 ENGATIVA,PRIMAVERA,1370,218,15.91,Colegio Distrital Simón Bolívar Sede A,CRA 92 # 87 A - 60,4.71113863000005,-74.10000221999996
JAL 2023,10,LOCALIDAD 10 ENGATIVA,QUIRIGUA,6594,728,11.04,Colegio Distrital República de China,CRA 92 # 82 - 20,4.707612070000039,-74.10385843999995
JAL 2023,10,LOCALIDAD 10 ENGATIVA,QUIRIGUA (PLAZA DE MERCADO),5414,702,12.97,,,,
JAL 2023,10,LOCALIDAD 10 ENGATIVA,SALON COMUNAL ALAMOS,937,129,13.77,Salón Comunal Álamos,CLL 66 A # 97 - 64 /CLL 66 A # 97 A - 34 ,4.696324620000041,-74.11943141999996
JAL 2023,10,LOCALIDAD 10 ENGATIVA,SALON COMUNAL EL VERDUM,497,57,11.47,Salón Comunal El Verdum,CRA 110 C # 64 D - 03,4.702437300000042,-74.13120749999996
JAL 2023,10,LOCALIDAD 10 ENGATIVA,SALON COMUNAL PROTECHO VILLA AMALIA,2375,328,13.81,Salón Comunal Protecho Villa Amalia,AV CLL 72 # 110 - 13,4.71060631000006,-74.12517638999998
JAL 2023,10,LOCALIDAD 10 ENGATIVA,SAN IGNACIO,1369,146,10.66,Colegio Distrital Marco Tulio Fernández - Sede D,TRV 76 B # 51 A - 57 /CRA 75 # 51 A - 69,4.673938040000053,-74.11170780999998
JAL 2023,10,LOCALIDAD 10 ENGATIVA,SAN JOAQUIN,609,83,13.63,Colegio Distrital República de Colombia Sede C,CRA 68 H # 71 A - 01 /CRA 69 # 71 - 16 ,4.680191000000036,-74.08902699999999
JAL 2023,10,LOCALIDAD 10 ENGATIVA,SAN MARCOS,6444,739,11.47,Colegio Distrital Antonio Nariño - Sede A,CRA 77 A # 67 - 17,4.685961510000027,-74.10397212999999
JAL 2023,10,LOCALIDAD 10 ENGATIVA,SANTA CECILIA,2037,205,10.06,Salón Comunal,CLL 52 A Bis # 78 - 35 /TRV 85 # 52 A - 70,4.677248620000057,-74.11305604999995
JAL 2023,10,LOCALIDAD 10 ENGATIVA,SANTA HELENITA,5827,699,12.0,Colegio Distrital Manuela Ayala de Gaitán - Sede B,CRA 78 # 69 A - 11,4.688928770000075,-74.10337860999994
JAL 2023,10,LOCALIDAD 10 ENGATIVA,SANTA ROSITA,8040,951,11.83,Colegio Distrital Nidia Quintero de Turbay - Sede A,CLL 75 # 90 - 75,4.701727640000058,-74.10789105999999
JAL 2023,10,LOCALIDAD 10 ENGATIVA,SIDAUTO,123,21,17.07,Colegio Distrital Jorge Gaitán Sede A,CRA 89 A # 86 - 38,4.709017950000032,-74.09904223999996
JAL 2023,10,LOCALIDAD 10 ENGATIVA,SOLEDAD NORTE,514,80,15.56,Colegio Distrital San José Norte Sede B,CRA 83 # 73 A - 80 / CLL 74 # 82 - 37,4.696039770000027,-74.10230599999994
JAL 2023,10,LOCALIDAD 10 ENGATIVA,STA. MARIA DEL LAGO,3126,372,11.9,,,,
JAL 2023,10,LOCALIDAD 10 ENGATIVA,TABORA,5729,753,13.14,Colegio Distrital Tabora - Sede A,CRA 77 B # 74 A - 02 / CRA 77 B # 74 - 02,4.693789440000046,-74.09808772999997
JAL 2023,10,LOCALIDAD 10 ENGATIVA,TISQUESUSA,989,120,12.13,Salón Comunal,DIAG 82 B # 79 - 10,4.702307460000043,-74.09468948999995
JAL 2023,10,LOCALIDAD 10 ENGATIVA,TORQUIGUA,3948,592,14.99,Colegio Colsubsidio Torquigua,CLL 64 # 128 - 50,4.7217498400000295,-74.14340952999999
JAL 2023,10,LOCALIDAD 10 ENGATIVA,UNICENTRO DE OCCIDENTE,6569,942,14.34,Centro Comercial Unicentro de Occidente,CRA 111 C # 86 - 05,4.722981320000031,-74.11353946999998
JAL 2023,10,LOCALIDAD 10 ENGATIVA,UNIMINUTO ESCUELA DE CONVENCIONES,832,117,14.06,Universidad Minuto de Dios,CLL 89 # 87 A - 50,4.710749700000065,-74.09691178999998
JAL 2023,10,LOCALIDAD 10 ENGATIVA,UNIVERSIDAD UDCA,507,63,12.43,Universidad De Ciencias Aplicadas Y Ambientales - U.D.C.A.,AV Boyacá # 66 A - 61,4.681667960000027,-74.09924365999996
JAL 2023,10,LOCALIDAD 10 ENGATIVA,VILLA AMALIA,6421,844,13.14,Colegio Distrital Villa Amalia,CRA 110 B # 71 C - 45 /CLL 71 C # 110 B - 21,4.710598490000052,-74.12630134999995
JAL 2023,10,LOCALIDAD 10 ENGATIVA,VILLA CONSTANZA,1344,137,10.19,Salón Comunal,CLL 70 C # 111 - 15,4.708291400000064,-74.12846495999997
JAL 2023,10,LOCALIDAD 10 ENGATIVA,VILLA GLADYS,4514,499,11.05,Colegio Distrital Antonio Villavicencio - Sede A,CLL 65 # 112 A - 39,4.705067450000058,-74.13430697999996
JAL 2023,10,LOCALIDAD 10 ENGATIVA,VILLA LUZ,5971,667,11.17,,,,
JAL 2023,10,LOCALIDAD 10 ENGATIVA,VILLAS DE GRANADA,7661,932,12.17,Colegio Distrital Los Cerezos,CLL 72 F # 114 - 51,4.716057360000036,-74.12971919999995
JAL 2023,10,LOCALIDAD 10 ENGATIVA,ZARZAMORA,3462,384,11.09,Sede Social Conjunto Zarzamora CAFAM,CLL 71 B # 88 - 35,4.696281940000063,-74.10797801999996
JAL 2023,11,LOCALIDAD 11 SUBA,ALBERTO LLERAS CAMARGO - IED,8133,1066,13.11,Colegio Distrital Alberto Lleras Camargo,CRA 111 A # 139 - 88,4.744081450000067,-74.10211914999996
JAL 2023,11,LOCALIDAD 11 SUBA,ALMACEN ÉXITO LA COLINA,10164,732,7.2,Almacén Éxito la Colina,AV CLL 147 con AV CRA 72 /AV CLL 147 # 58 C - 91,4.734711480000044,-74.06607258999998
JAL 2023,11,LOCALIDAD 11 SUBA,ALVARO GOMEZ HURTADO SEDE A - IED,8284,1208,14.58,Colegio Distrital Álvaro Gómez Hurtado,CRA 100 A # 130 - 18,4.730444500000033,-74.09685049999996
JAL 2023,11,LOCALIDAD 11 SUBA,ALVARO GOMEZ HURTADO SEDE B - IED,912,139,15.24,Colegio Distrital Álvaro Gómez Hurtado Sede B,CLL 133 # 98 B -24,4.735261970000067,-74.09337569999997
JAL 2023,11,LOCALIDAD 11 SUBA,ARTURO CALLE TORRE EMPRESARIAL,3759,296,7.87,,,,
JAL 2023,11,LOCALIDAD 11 SUBA,BIBLIOTECA JULIO MARIO SANTODOMINGO,5221,580,11.11,,,,
JAL 2023,11,LOCALIDAD 11 SUBA,CARULLA RINCON DE LA COLINA,5039,344,6.83,Parqueadero Carulla Rincón de la Colina,AV CRA 72 # 152 B - 60,4.740540440000075,-74.06500450999994
JAL 2023,11,LOCALIDAD 11 SUBA,CASABLANCA SUBA,1956,194,9.92,Parque Casablanca,CLL 146 B # 78 - 51,4.7380403700000215,-74.07585598999998
JAL 2023,11,LOCALIDAD 11 SUBA,CC PARQUE LA COLINA,10363,858,8.28,Centro Comercial Parque La Colina,CRA 58 D # 146 - 51,4.73251625000006,-74.06549086999996
JAL 2023,11,LOCALIDAD 11 SUBA,CC PORTOALEGRE,1201,80,6.66,Centro Comercial Portoalegre,CRA 58 # 137 B - 01,4.727719510000043,-74.06481701999996
JAL 2023,11,LOCALIDAD 11 SUBA,CENTRO COMERCIAL BIMA,417,23,5.52,Centro Comercial BIMA,Autopista Norte # 232 - 35,4.806448270000033,-74.03807321999994
JAL 2023,11,LOCALIDAD 11 SUBA,CENTRO COMERCIAL BULEVAR NIZA,9108,750,8.23,Parqueadero Centro Comercial Bulevar Niza,AV CLL 127 # 58 - 58,4.711594590000061,-74.07167952999998
JAL 2023,11,LOCALIDAD 11 SUBA,CENTRO COMERCIAL CENTRO SUBA,8842,1285,14.53,Centro Comercial Centro Suba ,CLL 145 # 91 - 19,4.737655940000025,-74.08555758999995
JAL 2023,11,LOCALIDAD 11 SUBA,CENTRO COMERCIAL FIESTA SUBA,6331,952,15.04,,,,
JAL 2023,11,LOCALIDAD 11 SUBA,CENTRO COMERCIAL MAZUREN,6817,615,9.02,Parqueadero Centro Comercial Mazurén,CRA 46 # 152 - 46,4.736490340000046,-74.05005201999995
JAL 2023,11,LOCALIDAD 11 SUBA,CENTRO COMERCIAL PASEO SAN RAFAEL,10464,744,7.11,Parqueadero Centro Comercial Paseo San Rafael,AV CLL 134 # 55 - 30/AV CLL 134 # 55 - 32,4.723020990000066,-74.06227483999999
JAL 2023,11,LOCALIDAD 11 SUBA,CENTRO COMERCIAL PLAZA IMPERIAL,8898,1455,16.35,Centro Comercial Plaza Imperial,CRA 104 # 148 - 07,4.74869891000003,-74.09552226999995
JAL 2023,11,LOCALIDAD 11 SUBA,CENTRO COMERCIAL SANTAFE,6636,817,12.31,Centro Comercial Santafé,CLL 185 # 45 - 03,4.763219530000072,-74.04545498999994
JAL 2023,11,LOCALIDAD 11 SUBA,CHORRILLOS,122,16,13.11,Colegio Distrital Nicolás Buenaventura Sede B,Kilometro 7 Via Suba - Cota,4.784889000000021,-74.09125699999998
JAL 2023,11,LOCALIDAD 11 SUBA,COLEGIO CARO Y CUERVO,3082,311,10.09,Colegio Externado Caro y Cuervo,CLL 150 A # 50 - 57,4.733372490000022,-74.05360009999998
JAL 2023,11,LOCALIDAD 11 SUBA,COLEGIO CELESTIN FREINET,4163,487,11.7,Colegio Celestin Freinet,CLL 136 # 136A - 12,4.74543379000005,-74.11433532999996
JAL 2023,11,LOCALIDAD 11 SUBA,COLEGIO DEL BOSQUE,321,40,12.46,Colegio del Bosque - Universidad Antonio Nariño - Sede Bachillerato,CRA 65 # 170 - 20,4.757163280000043,-74.06019419999996
JAL 2023,11,LOCALIDAD 11 SUBA,COLEGIO EUCARISTICO MERCEDARIO,4182,581,13.89,Colegio Eucarístico Mercedario,CLL 137 # 91 - 61 /CRA 91 # 136 - 53 ,4.7353330000000255,-74.08655299999998
JAL 2023,11,LOCALIDAD 11 SUBA,COLEGIO HELVETIA,891,70,7.86,Colegio Privado Helvetia,CLL 128 # 71 A - 91,4.715101360000062,-74.07644961999995
JAL 2023,11,LOCALIDAD 11 SUBA,COLEGIO HIJAS DE CRISTO REY,9737,639,6.56,,,,
JAL 2023,11,LOCALIDAD 11 SUBA,COLEGIO JOHN DEWEY,1021,89,8.72,Colegio John Dewey,TRV 54 # 111 - 85,4.69878041000004,-74.06397834999996
JAL 2023,11,LOCALIDAD 11 SUBA,COLEGIO LA KHUMBRE,1146,35,3.05,Colegio Privado la Khumbre,KM 16 Vía Guaymaral Finca Cucaita,4.823891890000027,-74.07350944999996
JAL 2023,11,LOCALIDAD 11 SUBA,COLEGIO MARYMOUNT,2049,143,6.98,Fundación Colegio Marymount,CLL 169 B # 74 A - 02,4.755702270000029,-74.06644191999999
JAL 2023,11,LOCALIDAD 11 SUBA,COLEGIO MAXIMINO POITIERS,6531,856,13.11,Colegio Máximino Poitiers,CLL 152 A # 102 - 51 / CL 152A # 102B - 51,4.751536060000035,-74.09098673999995
JAL 2023,11,LOCALIDAD 11 SUBA,COLEGIO PEDAGOGICO DULCE MARIA,4239,671,15.83,Colegio Privado Pedagógico Dulce Maria,TRV 127 C # 139 B - 48,4.746610000000032,-74.10824099999996
JAL 2023,11,LOCALIDAD 11 SUBA,COLEGIO RAFAEL MAYA,1126,190,16.87,Colegio Rafael Maya,CLL 134A # 147C - 07,4.745221420000064,-74.11884996999999
JAL 2023,11,LOCALIDAD 11 SUBA,COLEGIO SAN JOSE DE CALASANZ,4308,451,10.47,Colegio San José de Calasanz,CLL 129 # 88B - 35,4.72303026000003,-74.08824495999994
JAL 2023,11,LOCALIDAD 11 SUBA,COLEGIO SANTA ISABEL DE HUNGRIA,3647,450,12.34,,,,
JAL 2023,11,LOCALIDAD 11 SUBA,COLEGIO SANTIAGO ALBERIONI,638,69,10.82,Colegio Santiago Alberioni,CRA 62 # 169 A - 14,4.75328458000007,-74.05983302999994
JAL 2023,11,LOCALIDAD 11 SUBA,COLEGIO VISTA BELLA,2019,264,13.08,Colegio Vista Bella,CRA 58 # 167 - 20 / AV CRA 58 # 167 - 20,4.7500991600000475,-74.05878125999999
JAL 2023,11,LOCALIDAD 11 SUBA,COLSUBSIDIO MAZUREN,4795,445,9.28,Colsubsidio Mazuren,CLL 152 # 53 A - 05,4.735384150000073,-74.05456045999995
JAL 2023,11,LOCALIDAD 11 SUBA,COMPARTIR SEDE A - IED,9063,1469,16.21,Institución Educativa Compartir Suba,CRA 128 # 146 - 52,4.755286720000072,-74.10601314999997
JAL 2023,11,LOCALIDAD 11 SUBA,COMPARTIR SEDE B IED,1454,174,11.97,Colegio Distrital Compartir Sede B,CLL 149 # 117 - 35,4.753361160000054,-74.10429047999997
JAL 2023,11,LOCALIDAD 11 SUBA,DELIA ZAPATA OLIVELLA - IED,5593,750,13.41,Colegio Distrital Delia Zapata Olivella,CLL 144 C # 141 A - 51,4.753137340000023,-74.11330964999996
JAL 2023,11,LOCALIDAD 11 SUBA,DON BOSCO - IED,8690,1247,14.35,Centro Educativo Distrital Don Bosco V,CLL 143 A # 118 - 50,4.7504136000000585,-74.10748214999995
JAL 2023,11,LOCALIDAD 11 SUBA,EL BATAN,2444,171,7.0,Parque El Batán,CLL 123 A # 47 - 34 /CRA 50 # 123 A - 30,4.704806290000022,-74.05702319999995
JAL 2023,11,LOCALIDAD 11 SUBA,EL SALITRE SEDE C - IED,6401,705,11.01,Colegio Distrital El Salitre Suba - Sede C,CRA 92 # 152 A - 52,4.749192490000041,-74.08305400999996
JAL 2023,11,LOCALIDAD 11 SUBA,FE Y ALEGRIA JOSE MARIA VELAZ - IED,4771,830,17.4,Colegio Fe y Alegría,CRA 131 # 134 - 44 / CRA 131 # 133 - 44,4.744508040000028,-74.11245527999995
JAL 2023,11,LOCALIDAD 11 SUBA,FILARMONICO JORGE MARIO BERGOGLIO - IED,3450,481,13.94,Colegio Distrital Jorge Mario Bergoglio,CLL 143 A #113 C - 51 /CRA 113C # 142B - 21,4.748823000000073,-74.10339899999997
JAL 2023,11,LOCALIDAD 11 SUBA,FLORESTA NORTE-JULIO FLOREZ,3942,412,10.45,,,,
JAL 2023,11,LOCALIDAD 11 SUBA,FLORESTA OUTLET,3629,373,10.28,Centro Comercial Outlet La Floresta,CRA 69 # 98 A - 45,4.691381540000066,-74.07476324999999
JAL 2023,11,LOCALIDAD 11 SUBA,FUNDACION SAN FELIPE NERI,879,108,12.29,Fundación San Felipe Neri,CRA 90 # 149 - 73,4.746206000000029,-74.08295499999997
JAL 2023,11,LOCALIDAD 11 SUBA,FUNDACION UNIVERSITARIA LUIS AMIGO,3352,275,8.2,,,,
JAL 2023,11,LOCALIDAD 11 SUBA,GERARDO MOLINA RAMIREZ - IED,7246,1238,17.09,Colegio Distrital Gerardo Molina Ramírez,CRA 143 #142 A - 62,4.748668000000066,-74.11538399999995
JAL 2023,11,LOCALIDAD 11 SUBA,GERARDO PAREDES - IED,8773,1294,14.75,Colegio Distrital Gerardo Paredes - Sede A,CRA 94 C # 129 A - 04,4.7258705700000405,-74.09362808999998
JAL 2023,11,LOCALIDAD 11 SUBA,GONZALO ARANGO - IED,3998,666,16.66,Colegio Distrital Gonzalo Arango,CLL 130 A # 98 - 71 ,4.729812320000065,-74.09492314999994
JAL 2023,11,LOCALIDAD 11 SUBA,HUNZA SEDE A - IED,609,117,19.21,Colegio Distrital Hunza - Sede A,CRA 84 A # 129 A - 40,4.723360860000071,-74.08334342999996
JAL 2023,11,LOCALIDAD 11 SUBA,HUNZA SEDE B - IED,1734,201,11.59,Colegio Distrital Hunza - Sede B,CLL 128 B # 87 D - 05,4.720686160000071,-74.08725561999995
JAL 2023,11,LOCALIDAD 11 SUBA,INSTITUTO SAN BASILIO,1004,175,17.43,Instituto San Basilio,CLL 136A # 152A -77,4.7438964500000225,-74.12456901999997
JAL 2023,11,LOCALIDAD 11 SUBA,JUAN LOZANO Y LOZANO SEDE B - IED,1844,306,16.59,Colegio Distrital Juan Lozano y Lozano Sede B,CRA 99 # 154 - 26,4.753495720000046,-74.08667297999995
JAL 2023,11,LOCALIDAD 11 SUBA,LA ALHAMBRA CARULLA,6881,335,4.87,,,,
JAL 2023,11,LOCALIDAD 11 SUBA,LA CONEJERA,1052,182,17.3,Colegio Distrital Salitre Sede B,CLL 163 # 92 - 96 / CRA 92 # 169 B - 60,4.759968360000073,-74.07711754999997
JAL 2023,11,LOCALIDAD 11 SUBA,LA GAITANA SEDE A - IED,6157,897,14.57,Colegio Distrital La Gaitana,TRV 126 # 134 - 88,4.742176890000053,-74.10852231999996
JAL 2023,11,LOCALIDAD 11 SUBA,LA GAITANA SEDE B - IED,1508,269,17.84,Colegio Distrital La Gaitana Sede B,CLL 132 D # 123 B - 65 / CRA 124 # 132B - 02,4.739718030000063,-74.10669833999998
JAL 2023,11,LOCALIDAD 11 SUBA,LA TOSCANA LISBOA SEDE A - IED,1283,246,19.17,Colegio Distrital La Toscana Lisboa,CLL 132 D Bis # 132 - 05,4.743527810000046,-74.11344446999993
JAL 2023,11,LOCALIDAD 11 SUBA,LA TOSCANA LISBOA SEDE B - IED,4992,705,14.12,Colegio Distrital Lisboa - Sede B,CRA 151 A # 132 A - 16,4.743313740000076,-74.12165518999996
JAL 2023,11,LOCALIDAD 11 SUBA,LICEO ARKADIA,254,37,14.57,,,,
JAL 2023,11,LOCALIDAD 11 SUBA,MIRANDELA - NUEVA ZELANDIA,3327,388,11.66,Colegio Nueva Zelandia Sede B,CLL 187 # 49 - 42,4.765522130000022,-74.04692982999995
JAL 2023,11,LOCALIDAD 11 SUBA,NICOLAS BUENAVENTURA - IED,5647,885,15.67,Colegio Distrital Nicolás Buenaventura,CRA 103 B # 153 - 01,4.755537480000044,-74.09060191999998
JAL 2023,11,LOCALIDAD 11 SUBA,NIZA CENTRO COMERCIAL NIZA,10395,929,8.94,Parqueadero Centro Comercial Niza,AV CLL 127 # 60 - 30,4.711258020000059,-74.07303392999995
JAL 2023,11,LOCALIDAD 11 SUBA,NIZA IX,3199,278,8.69,Colegio Distrital Prado Veraniego II - Sede B,CRA 53 A # 128 - 51,4.713495870000031,-74.06067302999998
JAL 2023,11,LOCALIDAD 11 SUBA,NUEVA COLOMBIA - IED,3519,603,17.14,Colegio Distrital Nueva Colombia,CLL 128 C # 102 A - 25 / CRA 102 A # 128 A - 40,4.728539180000041,-74.09984255999996
JAL 2023,11,LOCALIDAD 11 SUBA,NUEVA ZELANDIA,4742,596,12.57,Colegio Distrital Nueva Zelandia,CLL 181 # 51 A - 31,4.759085620000064,-74.04953912999997
JAL 2023,11,LOCALIDAD 11 SUBA,PARQUE FUNDACIONAL DE SUBA,13518,1700,12.58,Parque Fundacional de Suba,CRA 90 # 146 C - 40,4.7409315500000275,-74.08333584999997
JAL 2023,11,LOCALIDAD 11 SUBA,PASADENA-LOS TRES ELEFANTES,4214,274,6.5,,,,
JAL 2023,11,LOCALIDAD 11 SUBA,PONTEVEDRA,5529,528,9.55,Colegio Distrital Santa Rosa - Sede A,CLL 102 A # 70 - 40,4.695967250000024,-74.07401791999996
JAL 2023,11,LOCALIDAD 11 SUBA,PRADO CIUDAD JARDIN,3265,319,9.77,Colegio Distrital Gustavo Morales Morales - Sede B,CLL 129 B # 58 B - 45,4.719289010000068,-74.06980867999994
JAL 2023,11,LOCALIDAD 11 SUBA,PRADO PINZON,3930,354,9.01,Colegio Distrital Anibal Fernández de Soto,CRA 53 # 135 - 13,4.722990700000025,-74.05738753999998
JAL 2023,11,LOCALIDAD 11 SUBA,PRADO SUR,3312,353,10.66,Colegio Distrital Gustavo Morales Morales,CLL 129 # 55 - 55,4.716510670000048,-74.06435553999995
JAL 2023,11,LOCALIDAD 11 SUBA,PRADO VERANIEGO,3839,393,10.24,Colegio Distrital Prado Veraniego I - Sede A,CRA 46 # 130 - 65,4.717159630000026,-74.05417373999995
JAL 2023,11,LOCALIDAD 11 SUBA,PUENTE LARGO-EMMANUEL D.ALZON,6264,487,7.77,,,,
JAL 2023,11,LOCALIDAD 11 SUBA,RAMON DE ZUBIRIA SEDE A - IED,4873,796,16.33,Colegio Distrital Ramón de Subiría - Sede A,DIAG 129 B Bis # 93 B - 51,4.7254010000000335,-74.09214299999996
JAL 2023,11,LOCALIDAD 11 SUBA,RAMON DE ZUBIRIA SEDE B - IED,1558,241,15.47,Colegio Distrital Ramón de Subiría - Sede B,CLL 130 D # 88 B - 20,4.727428000000032,-74.08659299999994
JAL 2023,11,LOCALIDAD 11 SUBA,REPUBLICA DOMINICANA SEDE A - IED,7545,1138,15.08,Colegio Distrital República Dominicana,CLL 131 A # 125 - 39,4.738964390000035,-74.10899938999995
JAL 2023,11,LOCALIDAD 11 SUBA,REPUBLICA DOMINICANA SEDE B - IED,1468,251,17.1,Colegio Distrital República Dominicana Sede B,CRA 123 # 129 D - 22 / CRA 123 # 129 D - 55,4.734903320000058,-74.10777578999995
JAL 2023,11,LOCALIDAD 11 SUBA,SALON COMUNAL AURES II,2167,356,16.43,Salón Comunal Aures II,CRA 105 B #129 D - 92,4.733217360000026,-74.10196150999997
JAL 2023,11,LOCALIDAD 11 SUBA,SALON COMUNAL CIUDAD JARDIN NORTE,675,49,7.26,Salón Comunal Ciudad Jardín Norte,CRA 59 B BIS # 132 - 53,4.724865830000056,-74.07045661999996
JAL 2023,11,LOCALIDAD 11 SUBA,SALON COMUNAL COMPARTIR 1,650,115,17.69,Salón Comunal Suba Compartir 1,CRA 136 C # 152 F - 44,4.760252180000066,-74.10591839999995
JAL 2023,11,LOCALIDAD 11 SUBA,SALON COMUNAL EL SOLAR,1020,143,14.02,Salón Comunal El Solar 1,CRA 109 B # 141 A - 36 / CRA 109 B # 141 A 56,4.7458336800000325,-74.09980172999997
JAL 2023,11,LOCALIDAD 11 SUBA,SALON COMUNAL SAN FRANCISCO,710,97,13.66,Salón Comunal Barrio San Francisco,CRA 84 A # 145 B -07,4.7366590000000315,-74.08034199999997
JAL 2023,11,LOCALIDAD 11 SUBA,SALON COMUNAL SAN PEDRO DE TIBABUYES,432,66,15.28,Salón Comunal San Pedro de Tibabuyes,CLL 137 # 145 B - 12,4.746355410000035,-74.11793439999997
JAL 2023,11,LOCALIDAD 11 SUBA,SALON COMUNAL SANTA CECILIA,1519,250,16.46,Salón Comunal Santa Cecilia,CRA 158B # 131A - 45,4.739700000000028,-74.12819999999994
JAL 2023,11,LOCALIDAD 11 SUBA,SALON COMUNAL VILLA CINDY,831,104,12.52,Salón Comunal Villa Cindy,CLL 137 B #1 57 - 17,4.74375297000006,-74.12773663999997
JAL 2023,11,LOCALIDAD 11 SUBA,SALON COMUNAL VILLA MARIA,975,152,15.59,Salón Comunal Villa Maria,CRA 111 # 135 - 25,4.7405871000000275,-74.10368113999994
JAL 2023,11,LOCALIDAD 11 SUBA,SAN CIPRIANO,3693,430,11.64,Colegio Distrital Vista Bella - Sede B,CLL 166 Bis  # 54 C - 08 / CLL 166 # 54 C - 08,4.748629040000026,-74.05503118999997
JAL 2023,11,LOCALIDAD 11 SUBA,SAN JOSE BAVARIA-ABRAHAM LINCOLN,2013,236,11.72,,,,
JAL 2023,11,LOCALIDAD 11 SUBA,SAN NICOLAS-AGUSTINIANO NORTE,4487,322,7.18,,,,
JAL 2023,11,LOCALIDAD 11 SUBA,SIMON BOLIVAR - IED,4120,615,14.93,Colegio Distrital  Simón Bolívar Suba,CRA 92 # 146C - 38,4.741306350000059,-74.08484848999996
JAL 2023,11,LOCALIDAD 11 SUBA,TEJARES NORTE,4789,515,10.75,Universidad Pedagógica Nacional,CLL 183 # 54 D - 25,4.762782870000024,-74.05026994999997
JAL 2023,11,LOCALIDAD 11 SUBA,TIBABUYES UNIVERSAL SEDE A - IED,6279,813,12.95,Colegio Distrital Tibabuyes Universal,CRA 128 A # 139 - 13,4.74623162000006,-74.11057586999993
JAL 2023,11,LOCALIDAD 11 SUBA,TIBABUYES UNIVERSAL SEDE B - IED,986,145,14.71,Colegio Distrital Tibabuyes Universal Sede B,CRA 118 # 136 -14,4.741808640000045,-74.10474295999995
JAL 2023,11,LOCALIDAD 11 SUBA,UNIVERSIDAD UDCA,603,31,5.14,Universidad UDCA,CLL 222 # 55 - 09,4.800223800000026,-74.04886564999998
JAL 2023,11,LOCALIDAD 11 SUBA,VEINTIUN ANGELES SEDE A - IED,612,106,17.32,Colegio Distrital Veintiún Ángeles,CRA 90 # 154 A - 09,4.749452670000039,-74.08034907999996
JAL 2023,11,LOCALIDAD 11 SUBA,VILLA DEL PRADO UNIAGRARIA,7065,781,11.05,,,,
JAL 2023,11,LOCALIDAD 11 SUBA,VILLA ELISA SEDE A - IED,2949,328,11.12,Colegio Distrital Villa Elisa - Sede A,CLL 132 C # 92 A - 71,4.73234393000007,-74.08785468999997
JAL 2023,11,LOCALIDAD 11 SUBA,VILLA ELISA SEDE B IED,270,25,9.26,Colegio Distrital Villa Elisa Sede B,CLL 135 # 94 C - 57,4.73449123000006,-74.08876332999995
JAL 2023,11,LOCALIDAD 11 SUBA,VILLA ELISA SEDE C - IED,4113,427,10.38,Colegio Villa Elisa Sedes C y D,CLL 128 Bis # 93 - 80,4.722742550000021,-74.09331632999994
JAL 2023,11,LOCALIDAD 11 SUBA,VIRGINIA GUTIERREZ DE PINEDA - IED,2511,417,16.61,Colegio Distrital Virginia Gutiérrez de Pineda,CLL 131 B # 94 F - 31,4.731055910000066,-74.09174548999994
JAL 2023,12,LOCALIDAD 12 BARRIOS UNIDOS,11 DE NOVIEMBRE,139,21,15.11,Jardín Infantil Santa Sofía,CRA 28 B #75 - 11 ,4.668502700000033,-74.06914313999994
JAL 2023,12,LOCALIDAD 12 BARRIOS UNIDOS,12 DE OCTUBRE,1947,206,10.58,Colegio Distrital  Francisco Primero Sede C,CRA 29 C # 71 C - 11,4.666941940000072,-74.07335094999996
JAL 2023,12,LOCALIDAD 12 BARRIOS UNIDOS,BENJAMIN HERRERA,2103,225,10.7,Colegio Distrital Francisco Primero Sede Alemania,CRA 28 # 63 - 64,4.652273760000071,-74.07567929999993
JAL 2023,12,LOCALIDAD 12 BARRIOS UNIDOS,CAFAM AV. 68,5269,548,10.4,,,,
JAL 2023,12,LOCALIDAD 12 BARRIOS UNIDOS,COLOMBIA,1896,261,13.77,Colegio Mercedario San Pedro,CLL 69 # 17 - 39,4.657375870000067,-74.06551905999999
JAL 2023,12,LOCALIDAD 12 BARRIOS UNIDOS,DOMINGO FAUSTINO SARMIENTO SEDE B,484,58,11.98,Colegio Distrital Domingo Faustino Sarmiento Sede B,CLL 91 A # 60 - 01,4.680526830000076,-74.06668700999995
JAL 2023,12,LOCALIDAD 12 BARRIOS UNIDOS,ENTRE RIOS,2698,245,9.08,Parqueadero Conjunto Residencial Entre Ríos,CRA 62 # 83 - 02 / AV CLL 80 # 58 - 84 ,4.6803001500000505,-74.07541461999995
JAL 2023,12,LOCALIDAD 12 BARRIOS UNIDOS,GAITAN,3229,284,8.8,Colegio Distrital Rafaél Bernal Jiménez - Sede B,CRA 54 # 78 - 85,4.674229420000074,-74.07245197999998
JAL 2023,12,LOCALIDAD 12 BARRIOS UNIDOS,HELADIA MEJIA SEDE A,220,36,16.36,Colegio Distrital Heladía Mejía Sede A,CLL 65 A # 15 - 64 / CLL 65 A # 15A - 02,4.653123520000065,-74.06566702999999
JAL 2023,12,LOCALIDAD 12 BARRIOS UNIDOS,ISERRA 100,4909,380,7.74,Centro Comercial ISERRA 100,TRV 55 # 98 A - 66,4.6878207200000475,-74.06459721999994
JAL 2023,12,LOCALIDAD 12 BARRIOS UNIDOS,JORGE ELIECER GAITAN SEDE B PRIMARIA,1462,156,10.67,Colegio Distrital Jorge Eliecer Gaitán - Sede B,AV CLL 72 # 58 - 75,4.6725178800000435,-74.07983929999995
JAL 2023,12,LOCALIDAD 12 BARRIOS UNIDOS,JOSE JOAQUIN VARGAS,5210,508,9.75,Fundación Universitaria Monserrate - UNIMONSERRATE,AV CLL 68 # 62 - 11,4.67268260000003,-74.08314809999996
JAL 2023,12,LOCALIDAD 12 BARRIOS UNIDOS,LA CASTELLANA,4189,330,7.88,Cancha detrás de Olimpica,CRA 47 A con CLL 94 Cancha Parque / CRA 48 # 94 - 02,4.68258983000004,-74.06048851999998
JAL 2023,12,LOCALIDAD 12 BARRIOS UNIDOS,LA MUEQUETA,1088,144,13.24,Colegio Distrital Heladia Mejía - Sede B,CLL 64 # 20 - 21,4.654475370000057,-74.06936124999999
JAL 2023,12,LOCALIDAD 12 BARRIOS UNIDOS,LA PAZ,1704,144,8.45,Colegio Distrital Francisco primero Sede Manuela Ayala,CRA 28 B # 65 - 80,4.660220170000059,-74.07520913999997
JAL 2023,12,LOCALIDAD 12 BARRIOS UNIDOS,LORENCITA VILLEGAS DE SANTOS,130,7,5.38,Colegio Distrital Lorencita Villegas de Santos,CRA 52 # 76 - 63,4.67264018000003,-74.07196111999997
JAL 2023,12,LOCALIDAD 12 BARRIOS UNIDOS,LOS ALCAZARES,2469,302,12.23,Colegio San Felipe Neri,CRA 27 C # 71 - 80,4.66374804000003,-74.07035057999997
JAL 2023,12,LOCALIDAD 12 BARRIOS UNIDOS,METROPOLIS,4864,499,10.26,Centro Comercial Metrópolis,AV CRA 68 # 75 A - 50,4.680544730000065,-74.08229830999994
JAL 2023,12,LOCALIDAD 12 BARRIOS UNIDOS,PATRIA,1344,164,12.2,Fundación Educativa Santa María,CRA 50 # 90 - 50,4.6790756500000725,-74.06517254999994
JAL 2023,12,LOCALIDAD 12 BARRIOS UNIDOS,PLAZA DE LOS ARTESANOS,1368,145,10.6,Plaza de Los Artesanos,CRA 60 # 63 A - 52/AV CRA 60 # 63 - 64,4.664194990000055,-74.08583786999998
JAL 2023,12,LOCALIDAD 12 BARRIOS UNIDOS,POLIDEPORTIVO  POLO,1197,145,12.11,,,,
JAL 2023,12,LOCALIDAD 12 BARRIOS UNIDOS,POLO CLUB,2262,192,8.49,Alianza Cristiana y Misionera Colombiana,AV CRA 20 (Autopista norte) # 81 - 55,4.669161300000042,-74.06070016999996
JAL 2023,12,LOCALIDAD 12 BARRIOS UNIDOS,POPULAR MODELO,6384,723,11.33,Colegio Distrital Jorge Eliecer Gaitán - Sede A,CLL 66 A # 56 B – 35 / CLL 66 A # 56 - 25,4.665450650000025,-74.08165928999995
JAL 2023,12,LOCALIDAD 12 BARRIOS UNIDOS,RAFAEL BERNAL JIMENEZ SEDE A,122,3,2.46,Colegio Distrital Rafael Bernal Jimenez Sede A,CRA 53 # 75 - 17,4.671847540000044,-74.07350123999998
JAL 2023,12,LOCALIDAD 12 BARRIOS UNIDOS,REPUBLICA DE PANAMA SEDE C,537,52,9.68,Colegio Distrital República de Panamá - Sede C,CLL 78 # 58 - 60,4.676408760000072,-74.07657952999995
JAL 2023,12,LOCALIDAD 12 BARRIOS UNIDOS,RIONEGRO,3939,375,9.52,Colegio Distrital Faustino Sarmiento - Sede A,TRV 60 # 95 - 51,4.684978810000075,-74.06649724999994
JAL 2023,12,LOCALIDAD 12 BARRIOS UNIDOS,SAN FELIPE,1488,172,11.56,Colegio Distrital Juan Francisco Berbeo - Sede B,CLL 77 # 22 - 66 / CLL 77 # 22 - 68,4.666845970000054,-74.06340933999996
JAL 2023,12,LOCALIDAD 12 BARRIOS UNIDOS,SAN FERNANDO,4214,370,8.78,Colegio Distrital República de Panamá Sede A,CRA 57 A # 74 A - 32,4.672777720000056,-74.07670480999997
JAL 2023,12,LOCALIDAD 12 BARRIOS UNIDOS,SAN MIGUEL,864,102,11.81,Colegio Distrital Jorge Eliecer Gaitán - Sede A,CLL 66 A # 43 - 25 / CLL 66 A # 56 - 25 ,4.665057630000035,-74.08108760999994
JAL 2023,12,LOCALIDAD 12 BARRIOS UNIDOS,SANTA SOFIA,2184,259,11.86,Colegio Distrital Juan Francisco Berbeo - Sede A,CRA 28 B # 78 - 40 / CRA 28 B # 78 - 30 ,4.670677320000038,-74.06707617999996
JAL 2023,12,LOCALIDAD 12 BARRIOS UNIDOS,SIETE DE AGOSTO,3574,490,13.71,Universidad del Rosario,CRA 24 # 63 C - 69,4.654623560000061,-74.07208126999996
JAL 2023,12,LOCALIDAD 12 BARRIOS UNIDOS,SIMON BOLIVAR,5636,514,9.12,Colegio Distrital Tomás Carrasquilla - sede A,CLL 74 A # 62 - 44,4.67576162000006,-74.08023465999997
JAL 2023,13,LOCALIDAD 13 TEUSAQUILLO,ACEVEDO TEJADA,1731,503,29.06,Salón Comunal Acevedo Tejada,CRA 32 A # 27 A - 16/CRA 32 A # 27 A -20,4.629909000000055,-74.08123899999998
JAL 2023,13,LOCALIDAD 13 TEUSAQUILLO,BIBLIOTECA VIRGILIO BARCO,2611,504,19.3,Biblioteca Virgilio Barco,AV CRA 60 # 57 - 60,4.657094270000073,-74.08867879999997
JAL 2023,13,LOCALIDAD 13 TEUSAQUILLO,CAFAM CALLE 51,3096,508,16.41,,,,
JAL 2023,13,LOCALIDAD 13 TEUSAQUILLO,CENTRO COMERCIAL GALERIAS,3160,404,12.78,Centro Comercial Galerías,CLL 53 B # 25 - 21,4.643162800000027,-74.07494141999996
JAL 2023,13,LOCALIDAD 13 TEUSAQUILLO,CENTRO EDUCATIVO LIBERTAD,196,59,30.1,,,,
JAL 2023,13,LOCALIDAD 13 TEUSAQUILLO,CENTRO NARIÑO,2706,661,24.43,Acueducto,AV CLL 24 # 37 - 27,4.628473690000021,-74.09149144999998
JAL 2023,13,LOCALIDAD 13 TEUSAQUILLO,CIRCULO COLOMBIANO DE ARTISTAS,718,184,25.63,Teatro Bernardo Romero Lozano,CLL 46 # 28 - 30,4.636136780000072,-74.07842896999995
JAL 2023,13,LOCALIDAD 13 TEUSAQUILLO,CIUDAD SALITRE,4965,485,9.77,Plazoleta Centro Comercial Gran Estación,AV CLL 26 # 62 - 47 /AV CLL 26 # 60 - 61,4.64855878000003,-74.10117280999998
JAL 2023,13,LOCALIDAD 13 TEUSAQUILLO,COLEGIO AMERICANO,3853,835,21.67,Colegio Americano,CRA 22 # 45 A - 51,4.634310560000074,-74.07409025999993
JAL 2023,13,LOCALIDAD 13 TEUSAQUILLO,COLEGIO DEL PILAR,481,80,16.63,Colegio Nuestra Señora del Pilar,CLL 62 # 27 A - 12,4.650735230000066,-74.07527643999998
JAL 2023,13,LOCALIDAD 13 TEUSAQUILLO,COLEGIO MONTEHELENA,2186,535,24.47,,,,
JAL 2023,13,LOCALIDAD 13 TEUSAQUILLO,COLEGIO SANTA CLARA,1937,450,23.23,Colegio Santa Clara,AV CRA 28 # 35 - 35,4.624981000000048,-74.07672481999998
JAL 2023,13,LOCALIDAD 13 TEUSAQUILLO,DIVINO SALVADOR,2558,413,16.15,Colegio Distrital Manuela Beltrán,CRA 14 A # 57 - 28,4.644427050000047,-74.06639656999994
JAL 2023,13,LOCALIDAD 13 TEUSAQUILLO,EL CAMPIN,1550,257,16.58,Centro Superior de Estudios en Administración Deportiva - CEAD (Frente al Col. Cubierto El Campín),DIAG 61 C  # 27 - 21 ,4.649279930000034,-74.07582904999998
JAL 2023,13,LOCALIDAD 13 TEUSAQUILLO,EL SALITRE,1713,206,12.03,Salón Comunal Salitre Greco,CLL 46 # 67 A - 35,4.655930620000049,-74.10011001999999
JAL 2023,13,LOCALIDAD 13 TEUSAQUILLO,IMPRENTA NACIONAL,5712,516,9.03,Imprenta Nacional,CRA 66 # 24 - 09,4.649000000000058,-74.10539999999997
JAL 2023,13,LOCALIDAD 13 TEUSAQUILLO,LA ESMERALDA,4271,522,12.22,Colegio Calazanz Femenino,CLL 44 C # 55 - 50 /CLL 45 # 54 - 51,4.647254000000032,-74.09103470999997
JAL 2023,13,LOCALIDAD 13 TEUSAQUILLO,LA MAGDALENA,2391,635,26.56,Colegio Champagnat,CRA 17 # 39 B - 51,4.6293509600000675,-74.07105250999996
JAL 2023,13,LOCALIDAD 13 TEUSAQUILLO,LICEO PARROQUIAL SARA ZAPATA,1809,416,23.0,Liceo Parroquial Sara Zapata,CRA 22 # 51 - 68,4.640129330000036,-74.07275262999997
JAL 2023,13,LOCALIDAD 13 TEUSAQUILLO,NICOLAS DE FEDERMAN,4883,625,12.8,Colegio de la Contraloría,CLL 57 B # 37 - 34,4.648238760000027,-74.08198887999998
JAL 2023,13,LOCALIDAD 13 TEUSAQUILLO,PABLO VI,4805,715,14.88,Plazoleta Pablo VI,CRA 53 con CLL 57 B (Plazoleta) / CLL 57A # 53 - 21,4.649792880000064,-74.08685654999994
JAL 2023,13,LOCALIDAD 13 TEUSAQUILLO,PABLO VI II ETAPA,1675,199,11.88,,,,
JAL 2023,13,LOCALIDAD 13 TEUSAQUILLO,PALERMO,4008,633,15.79,Colegio Distrital Palermo,CRA 23 # 49 - 37,4.638043200000027,-74.07408780999998
JAL 2023,13,LOCALIDAD 13 TEUSAQUILLO,QUINTA PAREDES A,1892,405,21.41,Hemeroteca Nacional,AV Dorado CLL 26 # 44 A - 40,4.636170900000025,-74.09153300999998
JAL 2023,13,LOCALIDAD 13 TEUSAQUILLO,QUINTA PAREDES B,6472,913,14.11,Gimnasio Mackinley,AV CLL 24 # 48 - 53,4.637018090000026,-74.09760863999998
JAL 2023,13,LOCALIDAD 13 TEUSAQUILLO,RAFAEL NUÑEZ,3351,516,15.4,Escuela Superior de Administración Pública - ESAP,CLL 44 # 53 - 37,4.644623940000031,-74.09262936999994
JAL 2023,13,LOCALIDAD 13 TEUSAQUILLO,RESIDENCIAS B.C.H.,1906,415,21.77,Instituto Distrital Manuela Beltrán,CRA 32 A # 27 - 18,4.6296729100000675,-74.08162453999995
JAL 2023,13,LOCALIDAD 13 TEUSAQUILLO,SAN LUIS,2654,448,16.88,Colegio Antonio Nariño,CL 61 16 15,4.648300910000046,-74.06726194999999
JAL 2023,13,LOCALIDAD 13 TEUSAQUILLO,SANTA TERESITA,857,140,16.34,Liceo Universidad Católica,DIAG 46 A # 15 - 21 /CRA 15 # 46 - 69,4.634295930000064,-74.06879445999994
JAL 2023,13,LOCALIDAD 13 TEUSAQUILLO,SUPERCADE CAD,585,129,22.05,Sistema Distrital de Servicio a la Ciudadanía - Supercade CAD,CRA 30 # 25 - 90,4.625532340000063,-74.08150576999998
JAL 2023,13,LOCALIDAD 13 TEUSAQUILLO,TEUSAQUILLO,2991,784,26.21,Fundación Universitaria Compensar (Sede K),CLL 32 A # 17 - 14,4.621280330000047,-74.07273435999997
JAL 2023,13,LOCALIDAD 13 TEUSAQUILLO,UNIVERSIDAD ANTONIO NARIÑO,333,51,15.32,Universidad Antonio Nariño,CLL 58 A Bis # 37 - 94,4.649932790000037,-74.08236802999994
JAL 2023,13,LOCALIDAD 13 TEUSAQUILLO,UNIVERSIDAD ECCI - SEDE G,1240,355,28.63,Universidad ECCI - Sede G,CRA 19 # 48 - 32,4.636799850000045,-74.07135072999995
JAL 2023,13,LOCALIDAD 13 TEUSAQUILLO,UNIVERSIDAD NACIONAL AUD ALFONSO LOPEZ,1795,645,35.93,Universidad Nacional - Auditorio Alfonso López Pumarejo,CRA 45 # 26 - 85,4.639493190000053,-74.08986527999997
JAL 2023,14,LOCALIDAD 14 MARTIRES,ANTONIO RICAURTE,552,84,15.22,Colegio Distrital Antonio Ricaurte - Sede A,CRA 26 # 07 - 61,4.605491680000057,-74.09318330999997
JAL 2023,14,LOCALIDAD 14 MARTIRES,CENTRO CRECER,2965,356,12.01,Centro Crecer,AV CLL 1 # 24 B - 26,4.594708290000028,-74.09769646999996
JAL 2023,14,LOCALIDAD 14 MARTIRES,CENTRO MEMORIA,774,164,21.19,Centro Memoria,CRA 19 B # 24 - 32,4.618683370000042,-74.07725251999994
JAL 2023,14,LOCALIDAD 14 MARTIRES,COLEGIO BILINGUE CEDAM,834,71,8.51,Colegio Privado Bilingüe CEDAM,CLL 2 B # 27 A - 26,4.601268120000043,-74.09919003999994
JAL 2023,14,LOCALIDAD 14 MARTIRES,COLEGIO DISTRITAL TECNICO MENORAH,983,122,12.41,Colegio Distrital Técnico Menorah,CRA 19 A # 1 C -56 / CRA 19 A # 1 C -64 /CRA 19 A # 1 C - 19,4.59398292000003,-74.09278723999995
JAL 2023,14,LOCALIDAD 14 MARTIRES,COLSEGUROS,1964,385,19.6,Salón Comunal,AV CLL 22 C # 29 A - 47,4.621698650000042,-74.08428456999997
JAL 2023,14,LOCALIDAD 14 MARTIRES,EDUARDO SANTOS,2421,324,13.38,Centro Educativo Distrital Eduardo Santos,CRA 19 A Bis # 1 A - 55 / CRA 19 B Bis # 1 C - 55,4.5943392400000675,-74.09333049999998
JAL 2023,14,LOCALIDAD 14 MARTIRES,EL VERGEL,2299,263,11.44,Colegio Distrital San Francisco de Asís - Sede B,CRA 21  # 1 D – 06 / CRA 21 # 1 H – 06,4.596321870000054,-74.09426546999998
JAL 2023,14,LOCALIDAD 14 MARTIRES,ESTACION DE LA SABANA,1804,226,12.53,Salones de la Estación,CLL 13 # 18 - 24,4.607028940000021,-74.08335136999995
JAL 2023,14,LOCALIDAD 14 MARTIRES,LA ESTANZUELA,4408,340,7.71,,,,
JAL 2023,14,LOCALIDAD 14 MARTIRES,LA REBECA,670,91,13.58,Colegio Distrital Eduardo Santos - Sede B - Primera Infancia,CRA 24 # 1 H - 19,4.5969049800000334,-74.09586257999996
JAL 2023,14,LOCALIDAD 14 MARTIRES,MALLPLAZA,4473,521,11.65,Centro Comercial Mallplaza,AV NQS con 19 /CRA 30 20 54 ,4.6192269700000566,-74.08655260999996
JAL 2023,14,LOCALIDAD 14 MARTIRES,PANAMERICANO,919,186,20.24,Colegio Distrital Panamericano,CRA 27 # 24 C - 19,4.6230571100000475,-74.07883499999997
JAL 2023,14,LOCALIDAD 14 MARTIRES,RICAURTE,3154,403,12.78,Colegio Distrital Antonio Ricaurte - Sede B,CLL 10 # 29 - 64,4.610112400000048,-74.09447961999996
JAL 2023,14,LOCALIDAD 14 MARTIRES,SALON COMUNAL SANTA ISABEL,1658,232,13.99,Salón Comunal Santa Isabel,CLL 1 D Bis # 29 - 92,4.599747280000031,-74.10290328999997
JAL 2023,14,LOCALIDAD 14 MARTIRES,SAMPER MENDOZA,1888,269,14.25,,,,
JAL 2023,14,LOCALIDAD 14 MARTIRES,SAN FASON,954,127,13.31,Colegio Nuestra Señora de la Presentación,CLL 19 # 19 - 27,4.61216225000004,-74.08133885999996
JAL 2023,14,LOCALIDAD 14 MARTIRES,SANTA FE,2319,305,13.15,Colegio Distrital República Bolivariana de Venezuela - Sede A,CLL 22 A # 18 B - 42,4.615162800000064,-74.07940437999997
JAL 2023,14,LOCALIDAD 14 MARTIRES,VERAGUAS,1961,211,10.76,Salón Comunal Barrio El Progreso,CLL 5 A # 26 A - 39,4.602877290000038,-74.09628110999995
JAL 2023,15,LOCALIDAD 15 ANTONIO NARIÑO,CASA COMUNAL CIUDAD JARDIN,1104,189,17.12,Casa Comunal Ciudad Jardín,CRA 12 F # 19 - 37 Sur,4.580744910000021,-74.09961815999998
JAL 2023,15,LOCALIDAD 15 ANTONIO NARIÑO,CINCO DE NOVIEMBRE,657,97,14.76,Salón Comunal Cinco de Noviembre,CLL 39 A Sur # 39 A - 12/CRA 34F # 39 - 12 Sur,4.593381400000055,-74.12591339999994
JAL 2023,15,LOCALIDAD 15 ANTONIO NARIÑO,CIUDAD BERNA,3252,531,16.33,Escuela Superior Distrital María Montesory - Sede B,CLL 10 Sur # 13 - 27,4.586132710000072,-74.09353677999997
JAL 2023,15,LOCALIDAD 15 ANTONIO NARIÑO,CIUDAD JARDIN,4890,596,12.19,Colegio Cooperativo del Magisterio de Cundinamarca,CLL 16 Bis Sur # 12 C - 02,4.582211690000065,-74.09646507999997
JAL 2023,15,LOCALIDAD 15 ANTONIO NARIÑO,COLEGIO ADVENTISTA EMMANUEL,426,54,12.68,Colegio Adventista Emmanuel,CLL 10 B Sur # 18 A - 15,4.588831590000041,-74.09755352999997
JAL 2023,15,LOCALIDAD 15 ANTONIO NARIÑO,COLEGIO NUESTRA SEÑORA DE LA PAZ,93,3,3.23,Colegio Privado Comunidad Hermanas de Nuestra Señora de La Paz,AV CRA 27 # 29 - 17 Sur / AV CRA 27 # 29 - 65 Sur,4.588895250000064,-74.11326542999996
JAL 2023,15,LOCALIDAD 15 ANTONIO NARIÑO,LA FRAGUA,3149,441,14.0,Colegio Distrital Atanasio Girardot - Sede A,CLL 14 Sur # 28 - 16,4.594286360000069,-74.10444051999997
JAL 2023,15,LOCALIDAD 15 ANTONIO NARIÑO,LA FRAGUITA,1848,231,12.5,,,,
JAL 2023,15,LOCALIDAD 15 ANTONIO NARIÑO,LA VALVANERA,2597,320,12.32,Colegio Parroquial La Valvanera,CLL 13 Sur # 24 B - 04,4.58998900000006,-74.10028399999999
JAL 2023,15,LOCALIDAD 15 ANTONIO NARIÑO,LUNA PARK,1412,222,15.72,Colegio Distrital Guillermo León Valencia - Sede C,CLL 10 B Bis Sur # 16 - 11,4.5871945200000255,-74.09726188999997
JAL 2023,15,LOCALIDAD 15 ANTONIO NARIÑO,POLICARPA,4107,883,21.5,Colegio Distrital Jaime Pardo Leal,CRA 10 A Sur # 3 - 63/CRA 10 A # 3 - 21 Sur,4.586603000000025,-74.08822097999996
JAL 2023,15,LOCALIDAD 15 ANTONIO NARIÑO,RESTREPO A,5326,754,14.16,Escuela Normal Superior Distrital María Montesory - Sede A,CLL 14 Sur # 14 - 20,4.58524452000006,-74.09690012999994
JAL 2023,15,LOCALIDAD 15 ANTONIO NARIÑO,RESTREPO B,5298,690,13.02,Colegio Distrital Guillermo León Valencia - Sede A,CLL 15 Sur # 24 B - 15 / CLL 15 Sur # 24 B - 17 / CRA 24 B # 16 - 03 Sur,4.588278760000037,-74.10211534999996
JAL 2023,15,LOCALIDAD 15 ANTONIO NARIÑO,SALON COMUNAL CIUDAD BERNA,224,14,6.25,Salón Comunal Ciudad Berna,CLL 8 Sur # 11 A - 39 / CRA 11 A # 8 - 39 Sur,4.585331780000047,-74.09086793999995
JAL 2023,15,LOCALIDAD 15 ANTONIO NARIÑO,SALON COMUNAL EDUARDO FREI,155,21,13.55,Salón Comunal Eduardo Frei,CL 32 Sur 29A # 75,4.590770970000051,-74.11702177999996
JAL 2023,15,LOCALIDAD 15 ANTONIO NARIÑO,SALON COMUNAL SEVILLA SUR,66,6,9.09,Salón Comunal Sevilla Sur,CLL 2 Sur # 13 A - 16,4.590275770000062,-74.09024811999996
JAL 2023,15,LOCALIDAD 15 ANTONIO NARIÑO,SALON COMUNAL VILLA MAYOR,1512,254,16.8,Salón Comunal Ciudad Villa Mayor,CRA 34 C # 34 - 18 Sur/CRA 34 C # 32A - 18 Sur,4.592108650000057,-74.11921227999994
JAL 2023,15,LOCALIDAD 15 ANTONIO NARIÑO,SALÓN COMUNAL SAN ANTONIO,514,55,10.7,Salón Comunal San Antonio,CRA 18A # 4 - 81 Sur / CLL 6 Sur #18A - 04,4.590876380000054,-74.09567293999999
JAL 2023,15,LOCALIDAD 15 ANTONIO NARIÑO,SAN ANTONIO,3447,406,11.78,Gimnasio Monseñor Manuel María Camargo,CLL 6 Sur # 14 - 49 / CRA 14 # 6 - 51 Sur,4.587600360000067,-74.09360645999999
JAL 2023,15,LOCALIDAD 15 ANTONIO NARIÑO,SANTANDER,1998,235,11.76,Colegio Distrital Francisco Jose de Paula - Sede A,CLL 23 Sur # 27 - 27,4.589816230000054,-74.11035550999998
JAL 2023,15,LOCALIDAD 15 ANTONIO NARIÑO,SANTANDER SUR,1628,263,16.15,Colegio Distrital Francisco Jose de Paula - Sede B,CLL 29 Sur # 29 A - 47,4.590989210000032,-74.11432248999995
JAL 2023,15,LOCALIDAD 15 ANTONIO NARIÑO,SENA,3533,528,14.94,SENA Centro Distrital (San Jorge Central),AV CRA 30 # 17 B - 25 Sur/AV CRA 30 # 17 - 91 Sur,4.595189790000063,-74.11194130999996
JAL 2023,15,LOCALIDAD 15 ANTONIO NARIÑO,VILLA MAYOR,5046,710,14.07,Centro Comercial Centro Mayor,CLL 38 A Sur # 34 D - 51,4.592644460000031,-74.12509334999999
JAL 2023,16,LOCALIDAD 16 PUENTE ARANDA,ALCALA,5485,838,15.28,Colegio Distrital Benjamín Herrera - Sede B,CRA 51 C # 33 - 41 Sur,4.601979990000075,-74.12717777999995
JAL 2023,16,LOCALIDAD 16 PUENTE ARANDA,ALCALDIA PUENTE ARANDA,4748,577,12.15,Alcaldía Local de Puente Aranda,CRA 31 D # 04 - 43,4.605798810000067,-74.10315106999997
JAL 2023,16,LOCALIDAD 16 PUENTE ARANDA,ALQUERIA,3936,595,15.12,Colegio Distrital Julio Garavito - Sede A,CLL 40 B Sur # 52 C - 60,4.599751690000062,-74.13425670999999
JAL 2023,16,LOCALIDAD 16 PUENTE ARANDA,AUTOPISTA SUR,1854,193,10.41,Salón Comunal Barrio Autopista Sur,CLL 38 Sur # 50 A - 70 / CRA 51 # 37 A - 52 Sur,4.598533670000052,-74.12678912999996
JAL 2023,16,LOCALIDAD 16 PUENTE ARANDA,C.C. OUTLET FACTORY,2302,319,13.86,Centro Comercial Outlet Factory,AV CLL 9 # 62 - 84 entrada 1 y 2,4.629242370000043,-74.11836959999994
JAL 2023,16,LOCALIDAD 16 PUENTE ARANDA,CARRERA CENTRO COMERCIAL,964,118,12.24,,,,
JAL 2023,16,LOCALIDAD 16 PUENTE ARANDA,CENTRO EDUCATIVO DISTRITAL ESPAÑA,285,42,14.74,Colegio Distrital Centro Educativo España,CLL 18 # 35 - 25,4.621806080000056,-74.09303401999995
JAL 2023,16,LOCALIDAD 16 PUENTE ARANDA,CENTRO PARA CIEGOS  CRAC,760,119,15.66,,,,
JAL 2023,16,LOCALIDAD 16 PUENTE ARANDA,CIUDAD MONTES,5197,813,15.64,Colegio Nacional de Cultura Popular,CRA 51 # 16 -64 Sur,4.60615837000006,-74.12029329999996
JAL 2023,16,LOCALIDAD 16 PUENTE ARANDA,COLEGIO DISTRITAL SORRENTO,1804,244,13.53,Colegio Distrital Sorrento Sede A,CLL 5 B # 53 C - 74,4.622991050000053,-74.11328684999995
JAL 2023,16,LOCALIDAD 16 PUENTE ARANDA,COLEGIO ROMULO GALLEGO,904,123,13.61,,,,
JAL 2023,16,LOCALIDAD 16 PUENTE ARANDA,COLON,6193,670,10.82,Colegio José Allamano,CLL 4 # 56 - 03,4.620190370000046,-74.11942847999995
JAL 2023,16,LOCALIDAD 16 PUENTE ARANDA,COLONIA ORIENTAL,1844,182,9.87,Salón Comunal Colonia Oriental,CLL 4 A # 51 A - 90,4.618300000000033,-74.11489999999998
JAL 2023,16,LOCALIDAD 16 PUENTE ARANDA,CULTURA POPULAR,861,126,14.63,Colegio Distrital Cultura Popular Sede A,CLL 32 Sur # 51 - 12,4.601407540000025,-74.12538361999998
JAL 2023,16,LOCALIDAD 16 PUENTE ARANDA,CUNDINAMARCA,1162,173,14.89,Colegio Distrital España - Sede B,CLL 19 C # 33 - 30,4.6226899300000355,-74.08933231999998
JAL 2023,16,LOCALIDAD 16 PUENTE ARANDA,DELICIAS MUZU,4084,649,15.89,,,,
JAL 2023,16,LOCALIDAD 16 PUENTE ARANDA,EL JAZMIN,4308,578,13.42,Colegio Distrital Jazmín - Sede A,CLL 1 H # 40 D - 13,4.609959440000068,-74.11487266999995
JAL 2023,16,LOCALIDAD 16 PUENTE ARANDA,EL REMANZO,1418,203,14.32,,,,
JAL 2023,16,LOCALIDAD 16 PUENTE ARANDA,EL TEJAR,3540,412,11.64,Colegio Distrital Luis Vargas Tejada - Sede B,CRA 52 D # 24 - 50 Sur / CRA 52 D # 24 - 48 Sur,4.608584810000025,-74.12752014999995
JAL 2023,16,LOCALIDAD 16 PUENTE ARANDA,GALAN,5052,650,12.87,Colegio Distrital José Manuel Restrepo,CLL 2 Bis # 56 A - 37,4.617260900000076,-74.12247562999994
JAL 2023,16,LOCALIDAD 16 PUENTE ARANDA,INSTITUTO DE INTEGRACION CULTURAL,797,91,11.42,Instituto de Integración Cultural,CLL 5 C # 31 C - 16,4.607929010000021,-74.10099576999994
JAL 2023,16,LOCALIDAD 16 PUENTE ARANDA,JORGE GAITAN CORTES,288,35,12.15,Colegio Distrital Marco Antonio Carreño Sede A,CLL 17 B Sur # 34 A - 21 / CRA 34 # 17A - 70 Sur,4.597531100000026,-74.11216462999994
JAL 2023,16,LOCALIDAD 16 PUENTE ARANDA,JOSE JOAQUIN CASAS SEDE A,190,24,12.63,,,,
JAL 2023,16,LOCALIDAD 16 PUENTE ARANDA,LA ASUNCION,3579,413,11.54,Colegio Distrital Marco Antonio Carreño - Sede C,CRA 32 B #1 D - 21,4.60269444000005,-74.10681925999995
JAL 2023,16,LOCALIDAD 16 PUENTE ARANDA,LA FRANCIA,2174,266,12.24,Salón Comunal La Francia,DIAG 5 F Bis A # 43 B - 02,4.620199920000061,-74.10746025999998
JAL 2023,16,LOCALIDAD 16 PUENTE ARANDA,LA PONDEROSA,3748,448,11.95,Colegio Distrital Luis Carlos Galán,CLL 1 B # 52 A - 02,4.611495330000025,-74.11908075999997
JAL 2023,16,LOCALIDAD 16 PUENTE ARANDA,LA PRADERA,2675,318,11.89,Colegio Distrital Silveria Espinosa Rendon - Sede B,CLL 4 B # 65 - 31,4.623994110000069,-74.12182555999993
JAL 2023,16,LOCALIDAD 16 PUENTE ARANDA,LA PRIMAVERA,4262,564,13.23,Colegio Distrital El Jazmín - Sede B,CRA 41 B # 4 C – 27,4.6155186800000365,-74.10939312999994
JAL 2023,16,LOCALIDAD 16 PUENTE ARANDA,LA TRINIDAD,1748,226,12.93,Colegio Distrital Silvera Espinosa Rendón - Sede C,CLL 5 B # 60 - 29,4.626988280000035,-74.11704187999999
JAL 2023,16,LOCALIDAD 16 PUENTE ARANDA,LOS ANGELES,1001,121,12.09,Colegio Distrital Julio Garavito Sede B,CLL 39 Sur # 51 F - 59 / CLL 39 Sur # 51 F - 21,4.599680020000051,-74.13075839999993
JAL 2023,16,LOCALIDAD 16 PUENTE ARANDA,LOS SAUCES,3568,424,11.88,Salón Comunal Villas del Rosario,TRV 38 # 29 B - 61 Sur,4.596838560000037,-74.11885338999997
JAL 2023,16,LOCALIDAD 16 PUENTE ARANDA,LUIS CARLOS GALAN SARMIENTO,2171,264,12.16,Colegio Luis Carlos Galán Sarmiento Sede B,CLL 2 A # 47 - 59,4.611871060000055,-74.11809662999997
JAL 2023,16,LOCALIDAD 16 PUENTE ARANDA,MILENTA,3086,389,12.61,Colegio Distrital Luis Vargas Tejada - Sede A,CRA 52 C # 19 A - 76 Sur,4.6095319800000425,-74.12565622999995
JAL 2023,16,LOCALIDAD 16 PUENTE ARANDA,PRIMAVERA Y GORGONZOLA,1774,272,15.33,Salón Comunal Primavera y Gorgonzola,CRA 41B # 5 - 57,4.616300000000024,-74.10769999999997
JAL 2023,16,LOCALIDAD 16 PUENTE ARANDA,PUENTE ARANDA,1500,163,10.87,Colegio Distrital José Joaquín Casas - Sede A,CRA 56 # 15 - 41,4.632026550000035,-74.10888559999995
JAL 2023,16,LOCALIDAD 16 PUENTE ARANDA,SALAZAR GOMEZ,1743,239,13.71,Colegio Distrital Francisco José de Sucre,CLL 11 # 65 B - 10,4.6335643900000605,-74.11809821999998
JAL 2023,16,LOCALIDAD 16 PUENTE ARANDA,SALON COMUNAL BOCHICA CENTRAL,457,25,5.47,Salón Comunal Bochica Central,CRA 35 # 1 C - 30,4.603028030000075,-74.10840604999999
JAL 2023,16,LOCALIDAD 16 PUENTE ARANDA,SALON COMUNAL JOSE ANTONIO GALAN,1101,105,9.54,Salón Comunal José Antonio Galán,DIAG 2 # 57 - 39,4.6178096600000345,-74.12330054999995
JAL 2023,16,LOCALIDAD 16 PUENTE ARANDA,SALON COMUNAL NUEVA PRIMAVERA,647,67,10.36,Salón Comunal Nueva Primavera,CRA 43 B # 4 - 26 /CRA 43 # 4 B - 72,4.617838490000054,-74.11017334999997
JAL 2023,16,LOCALIDAD 16 PUENTE ARANDA,SALON COMUNAL RAFAEL EUCALIPTOS,71,10,14.08,Salón Comunal Rafael Eucaliptos,CRA 53 B Bis # 4 C - 04,4.61952481000003,-74.11451810999995
JAL 2023,16,LOCALIDAD 16 PUENTE ARANDA,SALON COMUNAL TORREMOLINOS I,348,15,4.31,Salón Comunal Torremolinos I,CRA 52 Bis # 19 - 53 / Cl 19A Sur # 52A - 51,4.608688640000025,-74.12350125999995
JAL 2023,16,LOCALIDAD 16 PUENTE ARANDA,SALON COMUNAL VERAGUAS,1524,207,13.58,Salón Comunal Veraguas Central,CLL 4 A # 32 A - 77 / CLL 4 A # 32 A - 75,4.606667880000032,-74.10320906999993
JAL 2023,16,LOCALIDAD 16 PUENTE ARANDA,SALON COMUNAL VILLA INES,424,25,5.9,Salón Comunal Villa Inés,CRA 38 A # 1 D - 30,4.606371070000023,-74.11175211999995
JAL 2023,16,LOCALIDAD 16 PUENTE ARANDA,SALÓN COMUNAL COLÓN,1817,218,12.0,Salón Comunal Barrio Colón,CRA 53F # 4G - 04,4.6222569600000725,-74.11500637999995
JAL 2023,16,LOCALIDAD 16 PUENTE ARANDA,SALÓN COMUNAL LA TRINIDAD,1335,165,12.36,Salón Comunal La Trinidad,CRA 58 # 4 B - 31,4.623040510000067,-74.11877985999996
JAL 2023,16,LOCALIDAD 16 PUENTE ARANDA,SAN ANDRESITO,1545,180,11.65,Centro Comercial Puerto López,CRA 38 # 10 - 90,4.616956960000039,-74.10142829999995
JAL 2023,16,LOCALIDAD 16 PUENTE ARANDA,SAN EUSEBIO,916,99,10.81,Colegio Distrital Benjamín Herrera Sede A,CRA 51 A # 26 - 38 Sur,4.60340012000006,-74.12382050999997
JAL 2023,16,LOCALIDAD 16 PUENTE ARANDA,SAN RAFAEL,3569,404,11.32,Colegio Distrital Rafaél Sorrento - Sede B,CLL 4 F # 53 - 55,4.619919490000029,-74.11365582999997
JAL 2023,16,LOCALIDAD 16 PUENTE ARANDA,SANTA MATILDE,3860,505,13.08,Colegio Distrital Marco Antonio Carreño - Sede B,CLL 1 # 34 B 20 / CLL 1 B # 35 - 20,4.603050430000053,-74.10943883999994
JAL 2023,16,LOCALIDAD 16 PUENTE ARANDA,SANTA RITA,5149,644,12.51,Colegio Distrital de Cultura Popular - Sede B,CRA 41 # 34 - 35 Sur,4.598047750000035,-74.12372762999996
JAL 2023,17,LOCALIDAD 17 CANDELARIA,ALCALDIA MAYOR,4114,799,19.42,Parqueadero de La Alcaldía Mayor y Palacio de Justicia,"CRA 8 # 10 - 65 Entre Calles 10, 11 y 12",4.598427600000036,-74.07650555999999
JAL 2023,17,LOCALIDAD 17 CANDELARIA,ARCHIVO DISTRITAL,3702,610,16.48,Archivo Distrital,CLL 6 B # 5 - 75,4.5916819900000405,-74.07713534999993
JAL 2023,17,LOCALIDAD 17 CANDELARIA,AUTONOMA DE COLOMBIA,924,133,14.39,Fundación Universidad Autónoma de Colombia,CLL 12 B # 4 - 31,4.598427880000031,-74.07209575999997
JAL 2023,17,LOCALIDAD 17 CANDELARIA,COLEGIO MAYOR SAN BARTOLOME,2030,271,13.35,Colegio Mayor San Bartolomé,CRA 7 # 9 - 54,4.596770700000036,-74.07607922999995
JAL 2023,17,LOCALIDAD 17 CANDELARIA,EGIPTO,2677,295,11.02,Escuela Nacional de Comercio -  Sede B,CRA 3 Este # 9 - 77,4.592943400000024,-74.07001943999995
JAL 2023,17,LOCALIDAD 17 CANDELARIA,EGIPTO ESCUELA QUINTA DIAZ,659,61,9.26,Escuela Nacional de Comercio (Sede Bachillerato),CLL 9A # 0 - 30 Este / CLL 9 A # 0 - 22 Este,4.593216810000058,-74.07054775999995
JAL 2023,17,LOCALIDAD 17 CANDELARIA,LA CONCORDIA,3945,835,21.17,Colegio Distrital La Concordia,CLL 12D # 1A - 09 / CLL 12C # 1A - 24,4.598773000000051,-74.06917662999996
JAL 2023,17,LOCALIDAD 17 CANDELARIA,LA SALLE CANDELARIA,547,86,15.72,Universidad de La Salle,CRA 2 # 10 - 70 / CRA 2 # 10 - 52 ,4.5949023900000725,-74.07107874999997
JAL 2023,17,LOCALIDAD 17 CANDELARIA,MURILLO TORO,3219,371,11.53,Ministerio de las Tecnologías de la Información,CRA 8 # 12 A - 14 / CRA 7 # 12 A - 37,4.6001000000000545,-74.07499999999999
JAL 2023,18,LOCALIDAD 18 RAFAEL URIBE URIB,ALCALDIA QUIROGA,4835,652,13.49,Colegio Distrital Clemencia de Caycedo,CLL 32 Sur # 22 - 30,4.580469760000028,-74.11464625999997
JAL 2023,18,LOCALIDAD 18 RAFAEL URIBE URIB,ALEJANDRO OBREGON GUSTAVO REST,3022,374,12.38,,,,
JAL 2023,18,LOCALIDAD 18 RAFAEL URIBE URIB,ALEXANDER FLEMING SAN JORGE,3403,414,12.17,Colegio Distrital Alexander Fleming - Sede B,CLL 43 Sur # 16 A - 40 /DIAG 45 Bis B Sur # 13 F - 41,4.5715935500000455,-74.12031360999998
JAL 2023,18,LOCALIDAD 18 RAFAEL URIBE URIB,ALIANZA QUIROGA,2311,347,15.02,Colegio Distrital Alianza Quiroga,CRA 23 # 35 - 20 Sur,4.57960324000004,-74.11728742999998
JAL 2023,18,LOCALIDAD 18 RAFAEL URIBE URIB,BRAVO PAEZ,1997,290,14.52,Colegio Distrital Rafael Delgado Salguero (General Paez) - Sede A,CRA 26 B # 35 B - 49 Sur,4.5848005000000285,-74.12037853999993
JAL 2023,18,LOCALIDAD 18 RAFAEL URIBE URIB,CAFAM SANTA LUCIA,1016,154,15.16,Colegio Distrital Cafam Santa Lucía,DIAG 36 Sur # 16 B - 26 / CRA 13 G # 37 - 80 Sur,4.5747160000000235,-74.11847699999998
JAL 2023,18,LOCALIDAD 18 RAFAEL URIBE URIB,CENTENARIO,2258,293,12.98,Instituto San Pablo Apóstol - ISPA,CRA 24 B # 29 A - 02 Sur,4.584835380000072,-74.11268451999996
JAL 2023,18,LOCALIDAD 18 RAFAEL URIBE URIB,CENTRAL QUIROGA,2851,385,13.5,Colegio Distrital Bravo Páez,CLL 37 Sur # 23 - 51,4.579885020000063,-74.11908819999996
JAL 2023,18,LOCALIDAD 18 RAFAEL URIBE URIB,CIUDAD BOCHICA SUR,5499,661,12.02,Colegio Distrital Alfredo Iriarte - Sede A,TRV 5 J # 48 F - 69 Sur / TRV 5 L Bis # 48 F - 69 Sur,4.557649000000026,-74.11213381999994
JAL 2023,18,LOCALIDAD 18 RAFAEL URIBE URIB,CLARET,3068,413,13.46,Colegio Distrital Manuel del Socorro Rodríguez - Sede B,CLL 46 Sur # 27 - 12,4.583001400000057,-74.12841806999995
JAL 2023,18,LOCALIDAD 18 RAFAEL URIBE URIB,COLEGIO  RESTREPO MILLAN SEDE  A,847,132,15.58,,,,
JAL 2023,18,LOCALIDAD 18 RAFAEL URIBE URIB,COLEGIO  TORIBIO DE MOGROVEJO,172,23,13.37,,,,
JAL 2023,18,LOCALIDAD 18 RAFAEL URIBE URIB,COLEGIO JOSE MARTI LUIS LOPEZ DE MESA,146,17,11.64,,,,
JAL 2023,18,LOCALIDAD 18 RAFAEL URIBE URIB,COUNTRY SUR,6806,984,14.46,Colegio Distrital Enrique Olaya Herrera,CRA 10 # 31 - 29 Sur,4.5681729900000505,-74.10245540999995
JAL 2023,18,LOCALIDAD 18 RAFAEL URIBE URIB,COVIVIENDA DEL SUR ORIENTE,3745,423,11.3,Colegio Distrital Diana Turbay - Sede A,DIAG 48 Z Sur # 4 B - 10,4.547539880000045,-74.11013650999996
JAL 2023,18,LOCALIDAD 18 RAFAEL URIBE URIB,DIANA TURBAY,1952,304,15.57,,,,
JAL 2023,18,LOCALIDAD 18 RAFAEL URIBE URIB,EL MIRADOR,122,18,14.75,Colegio Distrital Alfredo Iriarte Sede B,DIAG 48 J Sur # 9 - 14,4.559660060000056,-74.11626096999998
JAL 2023,18,LOCALIDAD 18 RAFAEL URIBE URIB,EL SOCORRO SUR,1854,220,11.87,Colegio Distrital Alexander Fleming - Sede D,CLL 50 B Sur # 13 A - 32,4.564808620000065,-74.12448236999995
JAL 2023,18,LOCALIDAD 18 RAFAEL URIBE URIB,ESTADOS UNIDOS DE AMERICA,618,66,10.68,Colegio Distrital Estados Unidos de América,CLL 22 Sur # 22 - 65 / CLL 22 Sur # 24 B - 65,4.584815530000071,-74.10600814999998
JAL 2023,18,LOCALIDAD 18 RAFAEL URIBE URIB,GRANJAS DE SAN PABLO,2184,191,8.75,Colegio Distrital José Marti - Sede C,CLL 40 D Sur # 12 J - 39,4.57151293000004,-74.11613731999995
JAL 2023,18,LOCALIDAD 18 RAFAEL URIBE URIB,GUSTAVO RESTREPO,3379,495,14.65,Colegio Distrital Gustavo Restrepo - Sede A,CRA 12 H Bis B # 28 C - 24 Sur,4.575755500000071,-74.10616393999999
JAL 2023,18,LOCALIDAD 18 RAFAEL URIBE URIB,IDIPRON UPI MOLINOS,1048,87,8.3,IDIPRON UPI Molinos (Unidad de Prevención Infantil),CRA 5 A Bis # 48N-48 Sur,4.553168190000065,-74.10886904999995
JAL 2023,18,LOCALIDAD 18 RAFAEL URIBE URIB,INGLES,3319,519,15.64,Colegio Distrital Restrepo Millán - Sede B,CLL 40 Sur # 26 - 90 / CLL 41 Sur # 26 - 44,4.583322850000059,-74.12341538999993
JAL 2023,18,LOCALIDAD 18 RAFAEL URIBE URIB,INTEG. RAFAEL DELGADO SALGUERO,402,55,13.68,,,,
JAL 2023,18,LOCALIDAD 18 RAFAEL URIBE URIB,LA MARQUEZA,741,84,11.34,Integración Social Mi Taller Creativo,TRV 1 B Este # 49 B - 20 Sur,4.543018000000075,-74.10695699999997
JAL 2023,18,LOCALIDAD 18 RAFAEL URIBE URIB,LAS COLINAS,1994,213,10.68,Colegio Distrital José Marti - Sede B,DIAG 32 B Sur # 15 C - 25 / DIAG 32 B Sur # 13 B - 17,4.5743693100000655,-74.11286773999996
JAL 2023,18,LOCALIDAD 18 RAFAEL URIBE URIB,LAS LOMAS,3451,399,11.56,Colegio Distrital Misael Pastrana Borrero,CRA 10 A # 39 - 05 Sur,4.564671510000039,-74.10835907999996
JAL 2023,18,LOCALIDAD 18 RAFAEL URIBE URIB,LIBERTADOR II,3110,475,15.27,Colegio Distrital El Libertador,CLL 32 Sur # 24 B - 20,4.584036610000055,-74.11613920999997
JAL 2023,18,LOCALIDAD 18 RAFAEL URIBE URIB,LICEO FEMENINO MERCEDES NARIÑO,357,76,21.29,Colegio Distrital Liceo Femenino Mercedes Nariño,AV CRA 14 # 23 - 24 Sur /CRA 14 # 22A - 24 Sur,4.580559060000041,-74.10338390999993
JAL 2023,18,LOCALIDAD 18 RAFAEL URIBE URIB,LICEO PSICOPEDAGOGICO MARCO FIDEL SUAREZ,728,108,14.84,Colegio Liceo Psicopedagógico Marco Fidel Suárez,DIAG 46 Sur #13 - 40,4.567893390000052,-74.11835891999993
JAL 2023,18,LOCALIDAD 18 RAFAEL URIBE URIB,LICEO SAN PABLO,524,63,12.02,Liceo Psicopedagógico San Pablo,TRV 5 G # 48 P - 03 /CLL 48 P Sur # 5 G - 07,4.5544558800000345,-74.11162578999995
JAL 2023,18,LOCALIDAD 18 RAFAEL URIBE URIB,LOS MOLINOS II SECTOR,3973,618,15.55,Colegio Distrital Colombia Viva - Sede A,TRV 5 A # 48 M - 50 Sur,4.553589050000028,-74.10769519999997
JAL 2023,18,LOCALIDAD 18 RAFAEL URIBE URIB,MARCO FIDEL SUAREZ,3663,460,12.56,Colegio Distrital Reino de Holanda - Sede A,TRV 13 G Bis # 46 - 35 Sur,4.568143760000055,-74.12201370999998
JAL 2023,18,LOCALIDAD 18 RAFAEL URIBE URIB,MARIA CANO,2207,322,14.59,Colegio Distrital María Cano,TRV 5 U # 48 J - 30 Sur,4.559253420000061,-74.11541592999998
JAL 2023,18,LOCALIDAD 18 RAFAEL URIBE URIB,MARRUECOS APARTAMENTOS,2128,277,13.02,Salón Comunal Marruecos,CLL 48 P # 5 L - 40 Sur / CLL 48 Q Sur # 5 J - 86,4.554367680000041,-74.11256656999996
JAL 2023,18,LOCALIDAD 18 RAFAEL URIBE URIB,MIRADOR DE MARROCOS,644,85,13.2,Salón Comunal Mirador de Marrocos,TRV 5 P # 48 J - 31 Sur,4.557800500000042,-74.11357176999996
JAL 2023,18,LOCALIDAD 18 RAFAEL URIBE URIB,MOLINOS DEL SUR,7893,1053,13.34,Colegio Distrital Marruecos y Molinos - Sede A,CLL 49 D Bis Sur # 5 X - 02,4.555161540000029,-74.11787293999998
JAL 2023,18,LOCALIDAD 18 RAFAEL URIBE URIB,OLAYA,3006,460,15.3,Colegio Distrital Antonio Baraya -  Sede A,CLL 27 Sur # 22 A - 02,4.583496480000065,-74.10905678999995
JAL 2023,18,LOCALIDAD 18 RAFAEL URIBE URIB,PALERMO SUR,2916,334,11.45,Colegio Distrital Palermo Sur,TRV 2 B Bis # 49 D - 41 Sur,4.543099720000043,-74.10971793999994
JAL 2023,18,LOCALIDAD 18 RAFAEL URIBE URIB,PARROQUIAL SAN JOSE,812,118,14.53,Colegio Parroquial San José,TRV 13 H # 45 B - 33 Sur /TRV 13 H # 45 F - 33 Sur ,4.569197000000031,-74.12211399999995
JAL 2023,18,LOCALIDAD 18 RAFAEL URIBE URIB,PROVIDENCIA,741,87,11.74,Colegio Distrital Alfredo Iriarte - Sede C,TRV 11 A # 49 D - 12 Sur / TRV 11 D # 49 D - 57 Sur,4.56171992000003,-74.12083405999994
JAL 2023,18,LOCALIDAD 18 RAFAEL URIBE URIB,QUIROGA,3213,481,14.97,Colegio Distrital Clemencia Holguín de Urdaneta,CLL 30 Sur # 19 B - 25,4.579222340000058,-74.11055170999998
JAL 2023,18,LOCALIDAD 18 RAFAEL URIBE URIB,RAFAEL DELGADO SEDE C,431,29,6.73,Colegio Distrital Rafael Delgado Salguero - Sede C,CLL 41 Sur # 31 - 81 / CLL 41 Bis Sur # 31 - 46,4.587100000000021,-74.12519999999995
JAL 2023,18,LOCALIDAD 18 RAFAEL URIBE URIB,RAFAEL URIBE LA PAZ,1411,165,11.69,Colegio Distrital La Paz,DIAG 52 A Sur # 4 P - 10,4.543710450000049,-74.11728252999995
JAL 2023,18,LOCALIDAD 18 RAFAEL URIBE URIB,REINO DE HOLANDA,2193,254,11.58,Colegio Distrital Reino de Holanda - Sede B,DIAG 46 Sur # 12 A - 32,4.567280720000042,-74.11530817999994
JAL 2023,18,LOCALIDAD 18 RAFAEL URIBE URIB,RESURRECCION,1780,232,13.03,Colegio Distrital José Marti - Sede D,DIAG 32 B Sur # 12 B - 36 / CLL 36 D Sur # 11 D - 40 ,4.568414240000038,-74.10933182999997
JAL 2023,18,LOCALIDAD 18 RAFAEL URIBE URIB,SALON COMUNAL DIANAT SECTOR AYACUCHO,138,12,8.7,,,,
JAL 2023,18,LOCALIDAD 18 RAFAEL URIBE URIB,SALON COMUNAL LA MARQUEZA,1128,86,7.62,Salón Comunal La Marqueza,DIAG 49 B Bis A Sur # 1 B - 35 Este,4.542306560000043,-74.10688149999999
JAL 2023,18,LOCALIDAD 18 RAFAEL URIBE URIB,SALÓN COMUNAL CEBADAL,184,23,12.5,Salón Comunal Cebadal,CRA 4 D Bis # 52 - 95 Sur,4.543416000000036,-74.11507399999994
JAL 2023,18,LOCALIDAD 18 RAFAEL URIBE URIB,SALÓN COMUNAL CLARET,1961,310,15.81,Salón Comunal Claret,CLL 46 Sur # 27 - 30,4.583412800000076,-74.12849366999995
JAL 2023,18,LOCALIDAD 18 RAFAEL URIBE URIB,SALÓN COMUNAL INGLES,815,112,13.74,Salón Comunal Ingles,CLL 41 Sur # 27 - 87 / CRA 26 A # 41 - 10 Sur,4.5833639500000345,-74.12364274999999
JAL 2023,18,LOCALIDAD 18 RAFAEL URIBE URIB,SALÓN COMUNAL LA PAZ NARANJOS,505,70,13.86,Salón Comunal La Paz Naranjos,DIAG 54 Sur # 3F - 17,4.541364460000068,-74.11372138999997
JAL 2023,18,LOCALIDAD 18 RAFAEL URIBE URIB,SAN AGUSTIN SUR,5203,581,11.17,Colegio Distrital San Agustín - Sede A,CLL 49 C Sur # 5 C - 41,4.547747280000067,-74.11336674999995
JAL 2023,18,LOCALIDAD 18 RAFAEL URIBE URIB,SAN JORGE,967,150,15.51,Colegio Distrital  Alexander Fleming - sede A,CLL 45 A Sur # 14 A - 19 / DIAG 45 Bis B Sur # 13F - 36,4.571675030000051,-74.11984847999997
JAL 2023,18,LOCALIDAD 18 RAFAEL URIBE URIB,SAN JOSE,3834,570,14.87,,,,
JAL 2023,18,LOCALIDAD 18 RAFAEL URIBE URIB,SAN JUANITO,817,113,13.83,Plazoleta entrada del almacén ARA - Conjunto Asturias Real,AV Caracas # 37 - 48 Sur,4.5758363200000645,-74.11861098999998
JAL 2023,18,LOCALIDAD 18 RAFAEL URIBE URIB,SANTA LUCIA,3901,626,16.05,Colegio Distrital Manuel del Socorro Rodríguez - Sede A,TRV 23 Bis # 44 - 90 Sur,4.577615820000062,-74.12599363999993
JAL 2023,18,LOCALIDAD 18 RAFAEL URIBE URIB,TORRE MAYOR,140,14,10.0,Colegio Distrital El Libertador Sede B,CLL 33 Sur # 26 G - 10,4.588368020000075,-74.11768288999997
JAL 2023,18,LOCALIDAD 18 RAFAEL URIBE URIB,VILLA MAYOR LA NUEVA,1939,259,13.36,Salón Comunal Villa Mayor La Nueva,DIAG 41 Sur # 34 A -90,4.589394040000059,-74.12704195999999
JAL 2023,19,LOCALIDAD 19 CIUDAD BOLIVAR,ALTOS DE JALISCO,697,63,9.04,Salón Comunal,CRA 18 K Bis # 61 B - 52 Sur,4.555775960000062,-74.13929741999993
JAL 2023,19,LOCALIDAD 19 CIUDAD BOLIVAR,ALTOS DE LA ESTANCIA,597,104,17.42,Colegio Compartir San Isidro,CRA 77 C # 59 A - 15 Sur,4.591730870000049,-74.18192706999997
JAL 2023,19,LOCALIDAD 19 CIUDAD BOLIVAR,ARBORIZADORA ALTA,7104,1288,18.13,Colegio Distrital Gimnasio Sabio Caldas,CRA 42 # 72 C - 24 Sur /CRA 42 # 73 A - 10 Sur ,4.567857630000049,-74.16372346999998
JAL 2023,19,LOCALIDAD 19 CIUDAD BOLIVAR,ARBORIZADORA BAJA,6276,905,14.42,Colegio Distrital Arborizadora Baja,CLL 59 I Sur # 44 A - 02 / CLL 59 Sur # 44 A - 09 ,4.57546332000004,-74.15152411999998
JAL 2023,19,LOCALIDAD 19 CIUDAD BOLIVAR,ARBORIZADORA BAJA SALON COMUNAL,1349,181,13.42,Salón Comunal Arborizadora Baja,CLL 59 A Sur # 42 - 20,4.574008100000071,-74.15135665999998
JAL 2023,19,LOCALIDAD 19 CIUDAD BOLIVAR,BALMORAL,769,125,16.25,Centro de Desarrollo Educativo IDIPRON,CRA 70C # 60 B - 05 Sur / AV CRA 70C # 60 B - 05 Sur,4.591654940000069,-74.16167387999997
JAL 2023,19,LOCALIDAD 19 CIUDAD BOLIVAR,BELLA FLOR,560,67,11.96,Colegio Distrital José María Vargas Vila (Bella Flor),DIAG 74 B Bis A Sur # 26 C - 12 /CRA 27 # 74 B - 51 Sur,4.543303430000037,-74.16173741999995
JAL 2023,19,LOCALIDAD 19 CIUDAD BOLIVAR,BONAVISTA,5316,856,16.1,Colegio Distrital María Mercedes Carranza,TRV 70 G # 65 - 02 Sur,4.586891000000037,-74.16333299999997
JAL 2023,19,LOCALIDAD 19 CIUDAD BOLIVAR,BRISAS DEL VOLADOR,1028,82,7.98,Colegio Distrital República de Canadá,CLL 76 Sur # 24 A - 11,4.541085580000072,-74.15459903999994
JAL 2023,19,LOCALIDAD 19 CIUDAD BOLIVAR,CALASANZ BUENAVISTA,418,76,18.18,,,,
JAL 2023,19,LOCALIDAD 19 CIUDAD BOLIVAR,CANDELARIA LA NUEVA,8308,1201,14.46,Colegio Distrital Rodrigo Lara Bonilla,DIAG 64 A Sur # 41 - 51 / CRA 43A # 66-51 Sur,4.571103850000043,-74.15287384999993
JAL 2023,19,LOCALIDAD 19 CIUDAD BOLIVAR,CARACOLI,1039,149,14.34,Salón Comunal Nuevo Caracolí,CLL 77 Sur # 73 C 18,4.572640190000072,-74.17115116999997
JAL 2023,19,LOCALIDAD 19 CIUDAD BOLIVAR,CASA DE LA CULTURA CIUDAD BOLIVAR,1569,268,17.08,Casa de la Cultura Ciudad Bolívar,CRA 38 # 59 B - 43 Sur / CL 59B Bis Sur # 38 - 05,4.572982840000066,-74.15093494999996
JAL 2023,19,LOCALIDAD 19 CIUDAD BOLIVAR,CASA GRANDE,1818,243,13.37,,,,
JAL 2023,19,LOCALIDAD 19 CIUDAD BOLIVAR,CASA LINDA TUNAL UNIDAD 2,1333,203,15.23,Conjunto Residencial Casa Linda Del Tunal Unidad 2,CLL 60 Sur # 22 B - 55,4.569139030000031,-74.14470499999999
JAL 2023,19,LOCALIDAD 19 CIUDAD BOLIVAR,CASAVIANCA,1794,262,14.6,,,,
JAL 2023,19,LOCALIDAD 19 CIUDAD BOLIVAR,CASONA DEL LIBERTADOR,5465,685,12.53,,,,
JAL 2023,19,LOCALIDAD 19 CIUDAD BOLIVAR,COLEGIO CIUDAD BOLIVAR ARGENTINA IED,1057,162,15.33,Colegio Distrital Ciudad Bolívar Argentina,CLL 70 Sur # 54 - 12 /CLL 70 Sur # 56 - 45,4.5782415900000615,-74.16500349999995
JAL 2023,19,LOCALIDAD 19 CIUDAD BOLIVAR,COLEGIO FANNY MIKEY,1013,119,11.75,Colegio Distrital Fanny Mikey,CRA 18 # 70 A - 05 Sur / CRA 18N # 70 A - 51 Sur,4.549826460000077,-74.15253320999994
JAL 2023,19,LOCALIDAD 19 CIUDAD BOLIVAR,CORDILLERA,640,66,10.31,Colegio Distrital José Jaime Rojas,CRA 18 R # 77 - 16 Sur / CLL 77 A # 18 U - 91 Sur,4.539866760000052,-74.14964727999995
JAL 2023,19,LOCALIDAD 19 CIUDAD BOLIVAR,DIVINO NIÑO,770,85,11.04,Comedor Comunitario,CLL 78 C Sur # 16 - 29 /CLL 78 C Sur # 16 P - 29,4.537809190000075,-74.13810351999996
JAL 2023,19,LOCALIDAD 19 CIUDAD BOLIVAR,EL MIRADOR,2065,247,11.96,Colegio Distrital Paraíso Mirador,CRA 27 L # 71 H - 46 Sur,4.55155805000004,-74.16189114999997
JAL 2023,19,LOCALIDAD 19 CIUDAD BOLIVAR,EL PARAISO,2852,308,10.8,Colegio Distrital Paraíso Mirador - Sede B,CRA 27 B # 71 C - 12 Sur,4.552388760000042,-74.15899211999994
JAL 2023,19,LOCALIDAD 19 CIUDAD BOLIVAR,EL TESORO,3663,521,14.22,Colegio Distrital Bicentenario,CLL 81 Sur # 18 M - 02 / CLL 81 Sur # 18 P - 08,4.534972580000044,-74.14944513999995
JAL 2023,19,LOCALIDAD 19 CIUDAD BOLIVAR,ESTRELLA DEL SUR,2747,290,10.56,Colegio Distrital Estrella del Sur - Sede C,CLL 74 A Sur # 18 - 23,4.5430990500000235,-74.14255463999996
JAL 2023,19,LOCALIDAD 19 CIUDAD BOLIVAR,GALICIA,8685,1494,17.2,Colegio Distrital Cundinamarca,CLL 60 A Sur # 73 - 31,4.5909999100000505,-74.17067691999995
JAL 2023,19,LOCALIDAD 19 CIUDAD BOLIVAR,GRAN PLAZA EL ENSUEÑO,9787,1773,18.12,Centro Comercial Gran Plaza El Ensueño,CRA 51 # 59 C - 93 Sur/ CLL 59 Sur # 51 - 21,4.581217550000076,-74.15675720999997
JAL 2023,19,LOCALIDAD 19 CIUDAD BOLIVAR,ICES LAS BRISAS,254,89,35.04,Colegio Cerro del Sur,CLL 81 Sur # 42 - 09,4.56824148000004,-74.17109081999996
JAL 2023,19,LOCALIDAD 19 CIUDAD BOLIVAR,ISMAEL PERDOMO,8670,1083,12.49,Colegio Distrital Ismael Perdomo,CLL 64 Sur # 71 F - 18,4.587222700000041,-74.16541519999998
JAL 2023,19,LOCALIDAD 19 CIUDAD BOLIVAR,JARDIN INFANTIL LARA BONILLA,855,89,10.41,Jardín Infantil Lara Bonilla,TRV 49 # 59 C - 15 Sur,4.578444770000033,-74.15479065999995
JAL 2023,19,LOCALIDAD 19 CIUDAD BOLIVAR,JERUSALEN (EL TANQUE),3920,596,15.2,Colegio Distrital Tanque Laguna - Sede B,CLL 75 Sur # 46 B - 16,4.571907090000025,-74.16542992999996
JAL 2023,19,LOCALIDAD 19 CIUDAD BOLIVAR,JOSE CELESTINO MUTIS,3541,575,16.24,Vía pública al costado del Colegio Distrital Rodrigo Lara Bonilla Sede B (José Celesti# Mutis),CRA 29 entre Calles 64 y 64 C Sur,4.568745080000042,-74.14997740999996
JAL 2023,19,LOCALIDAD 19 CIUDAD BOLIVAR,JUAN PABLO II,3473,404,11.63,Colegio Distrital Santa Bárbara,CRA 18 P # 67 C - 21 Sur /CRA 18 Q Bis B # 67 C - 21 Sur,4.555261990000076,-74.14786307999998
JAL 2023,19,LOCALIDAD 19 CIUDAD BOLIVAR,LA ACACIA,7187,728,10.13,Colegio Distrital La Acacia II - Sede A,CLL 62 Sur # 19 B – 42,4.560672140000065,-74.14226651999996
JAL 2023,19,LOCALIDAD 19 CIUDAD BOLIVAR,LA CORUÑA - LICEO CONTADORA,1378,208,15.09,Liceo Contadora,CLL 59 Sur # 45 D - 15 / CLL 59 C Sur # 45 D - 15,4.575745020000056,-74.15352522999996
JAL 2023,19,LOCALIDAD 19 CIUDAD BOLIVAR,LA ESTANCIA,6544,1146,17.51,Colegio Distrital La Estancia San Isidro,CLL 59 A Sur # 75 B - 75 CRA 75 # 59 - 45 Sur,4.593077630000039,-74.17636491999997
JAL 2023,19,LOCALIDAD 19 CIUDAD BOLIVAR,LAS MANAS,151,33,21.85,,,,
JAL 2023,19,LOCALIDAD 19 CIUDAD BOLIVAR,LAS QUINTAS,862,126,14.62,Colegio Distrital Estrella del Sur Sede B,CLL 75 Sur # 18 B - 45,4.542262440000059,-74.14440777999994
JAL 2023,19,LOCALIDAD 19 CIUDAD BOLIVAR,LUCERO DEL SUR,4534,557,12.28,Colegio Distrital León de Greiff,CRA 17 B Bis A # 67 - 30 Sur / CRA 17 B Bis A # 67 - 48 Sur,4.550661160000061,-74.13841959999996
JAL 2023,19,LOCALIDAD 19 CIUDAD BOLIVAR,LUCERO MEDIO,2135,218,10.21,Colegio Distrital El Recuerdo - Sede A,CLL 69 Sur # 18 B - 35,4.549026850000075,-74.14561459999999
JAL 2023,19,LOCALIDAD 19 CIUDAD BOLIVAR,MADELENA,6106,937,15.35,Colegio Distrital El Ensueño,TRV 70 D # 60 - 90 Sur,4.5863692100000435,-74.15838840999999
JAL 2023,19,LOCALIDAD 19 CIUDAD BOLIVAR,MANUELA BELTRAN,2871,254,8.85,Colegio Distrital Paraíso Manuela Beltrán - Sede A,CRA 45 C # 69 D - 15 Sur /CLL 69 D Sur # 45 B - 37 ,4.572565190000034,-74.15747734999997
JAL 2023,19,LOCALIDAD 19 CIUDAD BOLIVAR,MARANDU,209,27,12.92,Colegio Distrital Santa Barbara Sur,CRA 18 U # 65 - 01 SUR,4.557569220000062,-74.14606567999994
JAL 2023,19,LOCALIDAD 19 CIUDAD BOLIVAR,MEISSEN,2269,246,10.84,Colegio Distrital Guillermo Ca# Isaza,CRA 16 C # 62 - 35 Sur /CRA 16 C # 62 - 81 Sur ,4.556714750000026,-74.13563345999995
JAL 2023,19,LOCALIDAD 19 CIUDAD BOLIVAR,MEXICO,6223,677,10.88,Colegio Distrital República de México - Sede Principal,CLL 64 Sur # 17 - 50 / CRA 17 # 64 - 14 Sur,4.555005580000056,-74.13659954999997
JAL 2023,19,LOCALIDAD 19 CIUDAD BOLIVAR,MILLAN,192,21,10.94,,,,
JAL 2023,19,LOCALIDAD 19 CIUDAD BOLIVAR,MOCHUELO ALTO,454,67,14.76,Colegio Distrital Rural Mochuelo Alto,KM 24 Vía a Pasquilla,4.488795610000068,-74.14828890999996
JAL 2023,19,LOCALIDAD 19 CIUDAD BOLIVAR,MOCHUELO BAJO,1193,143,11.99,Colegio Distrital José Celestino Mutis,El Clavel KM 10 Vía Quiba,4.510414230000038,-74.15202863999997
JAL 2023,19,LOCALIDAD 19 CIUDAD BOLIVAR,MONTREAL,978,134,13.7,Colegio Rómulo Gallego Sede B (Villas del Diamante),CRA 17 B # 64 B - 45 Sur,4.553398000000072,-74.13828899999999
JAL 2023,19,LOCALIDAD 19 CIUDAD BOLIVAR,NUEVA ARGENTINA,1327,151,11.38,Colegio Distrital Ciudad Bolívar Argentina - Sede B,CLL 72 Sur # 47 B - 09,4.573266180000076,-74.16226332999997
JAL 2023,19,LOCALIDAD 19 CIUDAD BOLIVAR,PASQUILLA,555,56,10.09,Colegio Distrital Rural Pasquilla,KM 5 Vía Olarte,4.448451590000047,-74.15583651999998
JAL 2023,19,LOCALIDAD 19 CIUDAD BOLIVAR,POLIDEPORTIVO LA ESTANCIA,2692,487,18.09,Polideportivo La Estancia,CLL 59 Sur # 74 - 19 / CLL 59 Sur # 74C - 06,4.592812710000032,-74.17372989999996
JAL 2023,19,LOCALIDAD 19 CIUDAD BOLIVAR,POTOSI (LA LAGUNA),2336,552,23.63,Colegio Distrital Sierra Morena -  Sede C (Divino Niño),TRV 46 A # 79 D - 15 Sur,4.570871200000056,-74.16954199999998
JAL 2023,19,LOCALIDAD 19 CIUDAD BOLIVAR,ROGELIO SALMONA,1933,240,12.42,Colegio Distrital Rogelio Salmona,CLL 59 Sur # 65 - 42,4.587342730000046,-74.15492847999997
JAL 2023,19,LOCALIDAD 19 CIUDAD BOLIVAR,SALON COMUNAL SAN  FRANCISCO I SECTOR,726,80,11.02,,,,
JAL 2023,19,LOCALIDAD 19 CIUDAD BOLIVAR,SALON COMUNAL SIERRA MORENA I,443,74,16.7,Salón Comunal Sierra Morena I,CRA 73 D # 69 B - 04 Sur,4.581285370000046,-74.16745588999999
JAL 2023,19,LOCALIDAD 19 CIUDAD BOLIVAR,SAN FRANCISCO,8541,954,11.17,Colegio Distrital Nicolas Gómez Dávila,CLL 67 Sur # 20 D - 20,4.563622940000073,-74.14905784999996
JAL 2023,19,LOCALIDAD 19 CIUDAD BOLIVAR,SAN FRANCISCO SEDE A,3481,491,14.11,Colegio Distrital San Francisco Sede A,CRA 22 # 64 - 29 Sur,4.566305000000057,-74.14712699999995
JAL 2023,19,LOCALIDAD 19 CIUDAD BOLIVAR,SAN FRANCISCO SEDE B,2164,304,14.05,Colegio Distrital San Francisco Sede B,CRA 20 C # 67 - 00 Sur / CLL 67 Sur # 20 A - 51 ,4.562514260000057,-74.14975262999997
JAL 2023,19,LOCALIDAD 19 CIUDAD BOLIVAR,SAN JOAQUIN DEL VATICANO,3491,422,12.09,Colegio Distrital Don Bosco La Joya Sede A,CLL 80 A Sur # 18 C - 70,4.537077280000062,-74.14493207999993
JAL 2023,19,LOCALIDAD 19 CIUDAD BOLIVAR,SANTA ROSA,66,9,13.64,Vereda Santa Rosa,Vereda Santa Rosa Zona Rural Ciudad Bolívar Vía Pasquilla,4.397168160000035,-74.16104311999999
JAL 2023,19,LOCALIDAD 19 CIUDAD BOLIVAR,SANTO DOMINGO,3047,339,11.13,Colegio Distrital Sierra Morena -  Sede B,CLL 62 B Sur # 77 C - 11 / CLL 68 B Sur # 77 A - 07 ,4.5788444400000685,-74.17893963999995
JAL 2023,19,LOCALIDAD 19 CIUDAD BOLIVAR,SIERRA MORENA,6074,983,16.18,Colegio Distrital CEDIT Ciudad Bolívar,CLL 70 Sur # 56 - 11,4.577678520000063,-74.16562389999996
JAL 2023,19,LOCALIDAD 19 CIUDAD BOLIVAR,SOTAVENTO,5551,649,11.69,Colegio Distrital Antonio García,CRA 17 F # 73 A - 31 Sur,4.544400310000071,-74.13939966999999
JAL 2023,19,LOCALIDAD 19 CIUDAD BOLIVAR,TANQUE-SIERRA MORENA,891,128,14.37,,,,
JAL 2023,19,LOCALIDAD 19 CIUDAD BOLIVAR,UNION EUROPEA,992,107,10.79,Colegio Distrital Unión Europea Sede A,CRA 18 M # 63 D - 09 Sur / CRA 18 M # 63 D -15 Sur,4.555916850000074,-74.14190997999998
JAL 2023,19,LOCALIDAD 19 CIUDAD BOLIVAR,VEREDA QUIBA,666,34,5.11,Colegio Distrital Quiba Alta San Martín - Sede B,Kilómetro 20 Vía a Quiba,4.528303820000076,-74.16620634999998
JAL 2023,19,LOCALIDAD 19 CIUDAD BOLIVAR,VILLA GLORIA SUR,1217,127,10.44,Colegio Distrital Villa Mar - Sede A,CRA 18 M # 69 J - 25 Sur,4.553459470000064,-74.15275059999993
JAL 2023,19,LOCALIDAD 19 CIUDAD BOLIVAR,VISTAHERMOSA,5581,642,11.5,Colegio Distrital Rafaél Uribe Uribe,DIAG 71 B Sur # 18 I - 20,4.547101880000071,-74.14905681999994
JAL 2023,20,LOCALIDAD 20 SUMAPAZ,BETANIA,593,18,3.04,Salón Comunal de Betania,Centro Poblado Corregimiento de Betania,4.217895300000066,-74.14625837999995
JAL 2023,20,LOCALIDAD 20 SUMAPAZ,LA UNION,334,29,8.68,Salón Comunal La Unión,Centro Poblado Corregimiento de La Unión,3.9857414700000504,-74.36349308999996
JAL 2023,20,LOCALIDAD 20 SUMAPAZ,LA Y SANTA ROSA,799,21,2.63,,,,
JAL 2023,20,LOCALIDAD 20 SUMAPAZ,NAZARETH,948,44,4.64,Salón Comunal Nazareth,Centro Poblado Corregimiento de Nazareth,4.172630290000029,-74.14727384999998
JAL 2023,20,LOCALIDAD 20 SUMAPAZ,NUEVA GRANADA,225,15,6.67,Salón Comunal Nueva Granada,Centro Poblado Nueva Granada,3.890367240000046,-74.35831699999994
JAL 2023,20,LOCALIDAD 20 SUMAPAZ,SAN JUAN DE SUMAPAZ,587,209,35.6,Salón Comunal Mario Upegui,Centro Poblado Corregimiento de San Juan de Sumapaz,4.028746790000071,-74.31516925999995
Presidencial 2022,01,LOCALIDAD 1 USAQUEN,ALESSANDRO VOLTA,7527,982,13.05,Colegio Alessandro Volta,CLL 119 # 4 - 79,4.694216800000049,-74.02790711999995
Presidencial 2022,01,LOCALIDAD 1 USAQUEN,ANGLO AMERICANO,2720,554,20.37,Colegio Anglo Americano,CLL 170 # 8 - 80 /CLL 170 # 8 - 70,4.747961740000051,-74.02898538999995
Presidencial 2022,01,LOCALIDAD 1 USAQUEN,BUENAVISTA,4704,2208,46.94,Colegio Distrital Nuevo Horizonte Sede A,CRA 5 B # 189 B - 30,4.766856690000054,-74.02579166999993
Presidencial 2022,01,LOCALIDAD 1 USAQUEN,CALAZANS,5337,1300,24.36,,,,
Presidencial 2022,01,LOCALIDAD 1 USAQUEN,CANAIMA,2325,727,31.27,Vía pública,CLL 195 # 19 - 50 Vía Pública / CLL 195 # 20 - 91 Vía Pública,4.772747020000054,-74.04098847999995
Presidencial 2022,01,LOCALIDAD 1 USAQUEN,CARULLA 140,4620,562,12.16,Almacén Carulla CLL 140 - Parqueadero,CRA 11  # 140 - 20 /CLL 140 # 11 - 20,4.71926086000002,-74.03542253999996
Presidencial 2022,01,LOCALIDAD 1 USAQUEN,CEDRO GOLF,6277,1157,18.43,Parque Cedro Golf,CRA 7 A # 150 - 85,4.725494390000051,-74.02642591999995
Presidencial 2022,01,LOCALIDAD 1 USAQUEN,CENTRO COMERCIAL BELAIRE PLAZA,3773,905,23.99,Centro Comercial Belaire Plaza,CRA 7 # 152 - 54,4.72691406000007,-74.02445669999997
Presidencial 2022,01,LOCALIDAD 1 USAQUEN,CENTRO COMERCIAL CEDRITOS 151,12119,1869,15.42,Parqueadero Centro Comercial Cedritos 151,CLL 150 # 16 - 56,4.7314900900000225,-74.04181592999998
Presidencial 2022,01,LOCALIDAD 1 USAQUEN,CENTRO COMERCIAL HACIENDA SANTA BARBARA,8116,750,9.24,Centro Comercial Hacienda Santa Bárbara,CLL 114 CRA 6 Entrada Zona C /CRA 6 # 115 - 65 Entrada F,4.692593030000069,-74.03165672999995
Presidencial 2022,01,LOCALIDAD 1 USAQUEN,CENTRO COMERCIAL PALATINO,6747,921,13.65,Centro Comercial Palatino,CRA 7 # 138 - 33,4.715298940000025,-74.02903810999999
Presidencial 2022,01,LOCALIDAD 1 USAQUEN,CENTRO COMERCIAL UNICENTRO,17365,1471,8.47,Parqueadero Unicentro,AV CRA 15 # 124 - 30,4.7023787700000526,-74.04262499999999
Presidencial 2022,01,LOCALIDAD 1 USAQUEN,COLEGIO AGUSTIN FERNANDEZ SEDE A,7007,2318,33.08,Colegio Distrital Agustín Fernández - Sede A,CRA 7 # 155 - 20,4.7295440200000485,-74.02379497999993
Presidencial 2022,01,LOCALIDAD 1 USAQUEN,COLEGIO AGUSTIN FERNANDEZ SEDE D,565,280,49.56,,,,
Presidencial 2022,01,LOCALIDAD 1 USAQUEN,COLEGIO ANGLO COLOMBIANO,7502,1406,18.74,Colegio Anglo Colombiano,AV CRA 19 # 152 A - 48,4.735146110000073,-74.04392639999998
Presidencial 2022,01,LOCALIDAD 1 USAQUEN,COLEGIO AQUILEO PARRA SEDE BACHILLERATO,8793,2975,33.83,Colegio Distrital Aquileo Parra,CRA 18 A # 187 - 75 /CRA 18 A # 187 - 97,4.766259870000056,-74.03911764999998
Presidencial 2022,01,LOCALIDAD 1 USAQUEN,COLEGIO BUEN CONSEJO,6367,495,7.77,Colegio Buen Consejo,CLL 104 # 17 - 22entrada por la CLL 105 con CRA 17,4.68997384000005,-74.04904848999996
Presidencial 2022,01,LOCALIDAD 1 USAQUEN,COLEGIO CAMPESTRE SAN JOSE,7512,887,11.81,Colegio Campestre San José,CLL 128 B # 20 - 80,4.7132078200000365,-74.04955777999999
Presidencial 2022,01,LOCALIDAD 1 USAQUEN,COLEGIO CARDENAL SANCHA,3504,318,9.08,Colegio Cardenal Sancha,CLL 127 B Bis # 21 - 02,4.709756000000027,-74.05093978999997
Presidencial 2022,01,LOCALIDAD 1 USAQUEN,COLEGIO COLSUBSIDIO NORTE USAQUEN,7942,1354,17.05,Colegio Colsubsidio Norte,CLL 151 # 15 - 70,4.732726000000071,-74.04059599999994
Presidencial 2022,01,LOCALIDAD 1 USAQUEN,COLEGIO DISTRITAL CRISTOBAL COLON,3469,1204,34.71,Colegio Distrital Cristóbal Colón,CLL 165 # 8 A - 03,4.741343000000029,-74.02593299999995
Presidencial 2022,01,LOCALIDAD 1 USAQUEN,COLEGIO DISTRITAL DIVINO MAESTRO SEDE A,3967,1533,38.64,Colegio Distrital Divino Maestro - Sede A,CRA 8 C # 163 B - 20,4.739852820000067,-74.02774595999995
Presidencial 2022,01,LOCALIDAD 1 USAQUEN,COLEGIO DISTRITAL DIVINO MAESTRO SEDE B,3653,1536,42.05,Colegio Distrital Divino Maestro - Sede B,CLL 164 # 7 F - 08 / CRA 7 F # 164 - 51,4.7402532100000485,-74.02522372999994
Presidencial 2022,01,LOCALIDAD 1 USAQUEN,COLEGIO DISTRITAL SALUDCOOP NORTE,5441,2028,37.27,Colegio Distrital Salud Coop Norte,CLL 181 # 18 B - 83,4.757606000000067,-74.04041199999995
Presidencial 2022,01,LOCALIDAD 1 USAQUEN,COLEGIO DISTRITAL TOBERIN SEDE A,7770,1967,25.32,,,,
Presidencial 2022,01,LOCALIDAD 1 USAQUEN,COLEGIO DISTRITAL USAQUEN SEDE A,9670,1096,11.33,Colegio Distrital Usaquén - Sede A,CLL 127 C # 9 A - 03,4.707009080000034,-74.03447423999995
Presidencial 2022,01,LOCALIDAD 1 USAQUEN,COLEGIO ESCLAVAS DEL SAGRADO CORAZON,3790,894,23.59,Colegio Esclavas del Sagrado Corazón,CLL 175 # 20 A - 26Entrada por detrás del CC PANAMA,4.755656320000071,-74.04309303999997
Presidencial 2022,01,LOCALIDAD 1 USAQUEN,COLEGIO EUCARISTICO VILLA GUADALUPE,2916,746,25.58,,,,
Presidencial 2022,01,LOCALIDAD 1 USAQUEN,COLEGIO FRIEDRICH NAUMANN SEDE A,1724,554,32.13,,,,
Presidencial 2022,01,LOCALIDAD 1 USAQUEN,COLEGIO FRIEDRICH NAUMANN SEDE B,1298,730,56.24,,,,
Presidencial 2022,01,LOCALIDAD 1 USAQUEN,COLEGIO GENERAL SANTANDER USAQUEN,5768,1888,32.73,Parque Alta Blanca,CRA 8A # 158 - 04,4.7344863200000304,-74.02905374999995
Presidencial 2022,01,LOCALIDAD 1 USAQUEN,COLEGIO LA ESTRELLITA,2865,1547,54.0,Colegio La Estrellita (antes Don Bosco III),CRA 26 # 187 B - 37 /CLL 187C # 4A - 30 /CRA 4 # 187 D - 09,4.764576000000034,-74.02449415999996
Presidencial 2022,01,LOCALIDAD 1 USAQUEN,COLEGIO MARIA AUXILIADORA NORTE,4115,1028,24.98,Colegio María Auxiliadora Norte,CRA 8 G # 166 - 70,4.744558520000055,-74.02956340999998
Presidencial 2022,01,LOCALIDAD 1 USAQUEN,COLEGIO MAYOR JOSE CELESTINO MUTIS,2295,846,36.86,Colegio Mayor José Celestino Mutis,CRA 11 # 185 B - 88,4.7630960000000755,-74.03262163999995
Presidencial 2022,01,LOCALIDAD 1 USAQUEN,COLEGIO MONTERROSALES,1223,509,41.62,Colegio Monterrosales,KM 4.5 Vía La Calera,4.67414296000004,-74.01973278999998
Presidencial 2022,01,LOCALIDAD 1 USAQUEN,COLEGIO NUEVO HORIZONTE SEDE D TORCA,293,78,26.62,,,,
Presidencial 2022,01,LOCALIDAD 1 USAQUEN,COLEGIO PROVINMA,4852,781,16.1,Colegio PROVINMA,CLL 145 # 11 - 40,4.723774540000022,-74.03497694999999
Presidencial 2022,01,LOCALIDAD 1 USAQUEN,COLEGIO PUREZA DE MARIA,7751,1124,14.5,Colegio Privado Pureza de María,CRA 7  # 147 - 02,4.722543740000049,-74.02603038999996
Presidencial 2022,01,LOCALIDAD 1 USAQUEN,COLEGIO SAN FRANCISCO CL 186,3862,1619,41.92,,,,
Presidencial 2022,01,LOCALIDAD 1 USAQUEN,"COLEGIO TOBERIN ""B""",3912,1233,31.52,,,,
Presidencial 2022,01,LOCALIDAD 1 USAQUEN,COLEGIO USAQUEN SEDE B,8524,1544,18.11,Colegio Usaquén Sede B,AV CRA 9 # 146 - 40,4.724384170000064,-74.03213258999995
Presidencial 2022,01,LOCALIDAD 1 USAQUEN,ESCUELA COLOMBIANA DE REHABILITACION,3519,531,15.09,Escuela Colombiana de Rehabilitación,AV CRA 15 # 151 - 68,4.732884050000052,-74.03997240999996
Presidencial 2022,01,LOCALIDAD 1 USAQUEN,FUNDACION ANA RESTREPO DEL CORRAL,825,270,32.73,Fundación Ana Restrepo del Corral,CLL 130 # 1 – 10 Este,4.705022530000065,-74.02224767999996
Presidencial 2022,01,LOCALIDAD 1 USAQUEN,I E AQUILEO PARRA SEDE PRIMARIA,1499,553,36.89,Colegio Distrital Aquileo Parra Sede Primaria,TRV 18 B # 187 - 43,4.765408610000065,-74.03934941999995
Presidencial 2022,01,LOCALIDAD 1 USAQUEN,INSTITUTO PEDAGOGICO NACIONAL,6703,968,14.44,Instituto Pedagógico Nacional,AV CLL 127 # 11 - 20,4.704392980000023,-74.03444789999998
Presidencial 2022,01,LOCALIDAD 1 USAQUEN,LIJACA,6460,2309,35.74,Colegio Distrital Unión Colombia - Sede B,CLL 189 # 7 - 05,4.765537420000044,-74.02799442999998
Presidencial 2022,01,LOCALIDAD 1 USAQUEN,PARQUE CEDRITOS,6897,1060,15.37,Parque Cedritos,CRA 9 Entre CLL 145 y 146 / CRA 11 # 145 - 60,4.723401710000076,-74.03252395999993
Presidencial 2022,01,LOCALIDAD 1 USAQUEN,PLAZA MEXICO,7257,557,7.68,Parqueadero Plaza México,CRA 19 A con CLL 117,4.699343850000048,-74.05045573999996
Presidencial 2022,01,LOCALIDAD 1 USAQUEN,SALON COMUNAL SAN CRISTOBAL NORTE,1088,474,43.57,Salón Comunal San Cristóbal Norte,CLL 162 # 7 G - 37,4.737904300000025,-74.02651205999996
Presidencial 2022,01,LOCALIDAD 1 USAQUEN,SALON COMUNAL TIBABITA,1442,467,32.39,Salón Comunal Tibabita,CRA 8 B # 191 - 04,4.768201210000029,-74.02949775999997
Presidencial 2022,01,LOCALIDAD 1 USAQUEN,SALON COMUNAL VILLA NIDIA,580,282,48.62,Salón Comunal Villa Nidia,CRA 4 # 160B - 23,4.734658380000042,-74.02081487999999
Presidencial 2022,01,LOCALIDAD 1 USAQUEN,SAN ANTONIO UNIÓN COLOMBIA,6995,2411,34.47,Colegio Distrital Unión Colombia - Sede A,CRA 7 A # 182 A - 07,4.759461830000021,-74.02751643999994
Presidencial 2022,01,LOCALIDAD 1 USAQUEN,SANTA PAULA,5914,429,7.25,Parqueadero,CRA 13 A # 107 A - 10,4.690482880000047,-74.04258361999996
Presidencial 2022,01,LOCALIDAD 1 USAQUEN,SANTO TOMAS DE AQUINO,8117,942,11.61,Colegio Santo Tomás de Aquino,CRA 21 # 132 – 46,4.717314540000075,-74.04961493999997
Presidencial 2022,01,LOCALIDAD 1 USAQUEN,SERVITA,13428,4505,33.55,Centro de Atención Distrital Especializado Servitá,CLL 165 # 7 - 38 /CLL 165 # 7 - 52,4.7414059700000735,-74.02346389999997
Presidencial 2022,01,LOCALIDAD 1 USAQUEN,THE ENGLISH SCHOOL,1846,419,22.7,The English School,CLL 170 # 15 - 68,4.749559760000068,-74.03846602999994
Presidencial 2022,01,LOCALIDAD 1 USAQUEN,UNISANITAS 170,1402,391,27.89,Unisanitas 170,CLL 170 # 8 - 41,4.747273430000064,-74.02720537999994
Presidencial 2022,01,LOCALIDAD 1 USAQUEN,UNIVERSIDAD DE AMERICA SEDE POSGRADOS,5368,509,9.48,Universidad de America Sede Posgrados,CLL 106 # 19 - 18,4.692904320000025,-74.05121913999994
Presidencial 2022,01,LOCALIDAD 1 USAQUEN,UNIVERSIDAD EL BOSQUE,8475,1086,12.81,Universidad El Bosque,AV CRA 9 # 131 A – 02,4.710340760000065,-74.03238880999999
Presidencial 2022,01,LOCALIDAD 1 USAQUEN,UNIVERSIDAD MILITAR,5117,551,10.77,Vía Pública Universidad Militar,CRA 11 con CLL 101 Esquina,4.683697680000023,-74.04260518999996
Presidencial 2022,01,LOCALIDAD 1 USAQUEN,USAQUÉN,11163,2502,22.41,Vía Pública,CRA 6A ENTRE CLL 119 Y 120A VIA PUBLICA,4.696280220000062,-74.03074327999997
Presidencial 2022,01,LOCALIDAD 1 USAQUEN,VERBENAL SANTA MARIA,5329,1925,36.12,Colegio Santa María,CRA 11 # 185 B - 17,4.762672440000074,-74.03284929999995
Presidencial 2022,02,LOCALIDAD 2 CHAPINERO,ANTIGUO COUNTRY PLAZOLETA CARULLA,5776,688,11.91,Carulla - Plazoleta,CRA 15 con CLL 85 Esquina,4.669904140000028,-74.05568486999994
Presidencial 2022,02,LOCALIDAD 2 CHAPINERO,BETHLEMITAS-CALLE 65,4739,1380,29.12,,,,
Presidencial 2022,02,LOCALIDAD 2 CHAPINERO,CENTRO COMERCIAL DE LA 93,2008,206,10.26,Centro Comercial de la 93,CLL 93 # 14 - 20 Entrada C,4.676842290000025,-74.05147766999994
Presidencial 2022,02,LOCALIDAD 2 CHAPINERO,CENTRO FELICIDAD CHAPINERO,3198,490,15.32,Centro Felicidad Chapinero,CLL 82 # 10 - 69,4.6654618400000345,-74.05270783999998
Presidencial 2022,02,LOCALIDAD 2 CHAPINERO,CHICO 97,2476,222,8.97,,,,
Presidencial 2022,02,LOCALIDAD 2 CHAPINERO,CHICO LICEO FRANCES LOUIS PASTEUR,8507,570,6.7,Liceo Francés Louis Pasteur,CLL 86 # 7 - 40,4.666711980000059,-74.04677355999996
Presidencial 2022,02,LOCALIDAD 2 CHAPINERO,CHICO NORTE,6054,980,16.19,Parqueadero,AV CLL 100 # 16 - 75,4.685075570000038,-74.04965463999997
Presidencial 2022,02,LOCALIDAD 2 CHAPINERO,CHICO RESERVADO,4543,496,10.92,Parqueadero Olímpica,CLL 97 # 10 - 45,4.6797337100000505,-74.04422465999994
Presidencial 2022,02,LOCALIDAD 2 CHAPINERO,COL CAMPESTRE MONTEVERDE SAN LUIS SD A,4231,2256,53.32,,,,
Presidencial 2022,02,LOCALIDAD 2 CHAPINERO,COLEGIO CAMPESTRE MONTEVERDE SEDE B,173,80,46.24,Colegio Campestre Monteverde,AV CLL 100 # 2 - 87 Este /CRA 1 Este # 101A - 27,4.6751939100000754,-74.03014807999995
Presidencial 2022,02,LOCALIDAD 2 CHAPINERO,COLEGIO DEL ROSARIO DE SANTO DOMINGO,1138,188,16.52,Colegio del Rosario de Santo Domingo,CLL 68 # 0 - 51 Este /CLL 68 # 1 - 51 Este,4.647583970000028,-74.05235526999996
Presidencial 2022,02,LOCALIDAD 2 CHAPINERO,COLEGIO LICEO DE CERVANTES EL RETIRO,4062,263,6.47,Colegio Liceo de Cervantes El Retiro,CRA 8 # 83 - 29 /CRA 8 # 84A - 37,4.664575900000045,-74.04943287999998
Presidencial 2022,02,LOCALIDAD 2 CHAPINERO,COLEGIO NUEVO GIMNASIO,1141,216,18.93,Colegio Nuevo Gimnasio,CLL 81  # 11 - 71 / CLL 80 # 11 - 70,4.664884250000057,-74.05461493999996
Presidencial 2022,02,LOCALIDAD 2 CHAPINERO,COLEGIO SAN MARTIN DE PORRES SEDE A,266,141,53.01,Colegio San Martin de Porres Sede A,CLL 43 # 3 - 35 Este,4.629545720000067,-74.05914130999997
Presidencial 2022,02,LOCALIDAD 2 CHAPINERO,COLEGIO SAN MARTIN DE PORRES SEDE B,380,229,60.26,,,,
Presidencial 2022,02,LOCALIDAD 2 CHAPINERO,COLEGIO SIMON RODRIGUEZ SEDE A,2954,1000,33.85,Colegio Distrital  Simón Rodríguez Sede A,CLL 69 # 11 - 27,4.654052440000044,-74.06109617999994
Presidencial 2022,02,LOCALIDAD 2 CHAPINERO,COMPENSAR CALLE 94,1927,229,11.88,,,,
Presidencial 2022,02,LOCALIDAD 2 CHAPINERO,EL AQUINATE U. SANTO TOMAS,1864,758,40.67,,,,
Presidencial 2022,02,LOCALIDAD 2 CHAPINERO,GRANADA COLEGIO SIMON RODRIGUEZ SEDE B,1856,741,39.92,Colegio Distrital Simón Rodríguez - Sede B,CLL 65 Bis # 4 - 90,4.648396260000027,-74.05664862999998
Presidencial 2022,02,LOCALIDAD 2 CHAPINERO,MUSEO DEL CHICO,2557,172,6.73,Museo del Chico,CRA 7 # 93 - 01 / AV CRA 7 # 93 - 51,4.6728828500000645,-74.04334129999995
Presidencial 2022,02,LOCALIDAD 2 CHAPINERO,PARQUEADERO CHICO CALLE 90,1601,158,9.87,,,,
Presidencial 2022,02,LOCALIDAD 2 CHAPINERO,SALON COMUNAL PARAISO EL TROPIHUECO,621,355,57.17,Vía Pública Salón Comunal Paraíso El Tropihueco,TRV 1 Este # 40 B - 90,4.626993920000075,-74.06058271999996
Presidencial 2022,02,LOCALIDAD 2 CHAPINERO,SALON COMUNAL SAN ISIDRO,222,101,45.5,Salón Comunal San Isidro,CRA 12A Este # 97 - 61,4.667989570000032,-74.01814590999999
Presidencial 2022,02,LOCALIDAD 2 CHAPINERO,SENA CALLE 52,3767,1382,36.69,,,,
Presidencial 2022,02,LOCALIDAD 2 CHAPINERO,SENA CALLE 65,2843,973,34.22,,,,
Presidencial 2022,02,LOCALIDAD 2 CHAPINERO,U. SANTO TOMAS CLAUSTRO,3849,1632,42.4,,,,
Presidencial 2022,02,LOCALIDAD 2 CHAPINERO,UNIVERSIDAD AREA ANDINA,644,287,44.57,Universidad Área Andina,AV Caracas # 69 - 44,4.655955820000031,-74.06230299999999
Presidencial 2022,02,LOCALIDAD 2 CHAPINERO,UNIVERSIDAD CATOLICA,3434,1574,45.84,Universidad Católica de Colombia,CRA 14 # 47 - 44,4.634848980000072,-74.06707901999994
Presidencial 2022,02,LOCALIDAD 2 CHAPINERO,UNIVERSIDAD DE LA SALLE,4487,1616,36.02,Universidad de La Salle,CRA 5 # 59 A - 44,4.644731880000052,-74.06006504999993
Presidencial 2022,02,LOCALIDAD 2 CHAPINERO,UNIVERSIDAD DISTRITAL,3882,1699,43.77,Universidad Distrital,CRA 8 # 40 B - 62 / 64,4.628189520000035,-74.06579504999996
Presidencial 2022,02,LOCALIDAD 2 CHAPINERO,UNIVERSIDAD EAN,6850,785,11.46,Universidad EAN,CLL 79 # 11 - 45 / CRA 11 # 78 - 47,4.663431080000066,-74.05480024999997
Presidencial 2022,02,LOCALIDAD 2 CHAPINERO,UNIVERSIDAD JAVERIANA,2748,1131,41.16,Universidad Javeriana,CLL 40 B # 5 - 37,4.626828340000031,-74.06433563999997
Presidencial 2022,02,LOCALIDAD 2 CHAPINERO,UNIVERSIDAD KONRAD LORENZ,4517,1277,28.27,Fundación Universitaria Konrad Lorenz,CRA 9 Bis # 62 - 43,4.648417560000041,-74.06145695999999
Presidencial 2022,02,LOCALIDAD 2 CHAPINERO,UNIVERSIDAD PEDAGOGICA NACIONAL,4619,1496,32.39,Universidad Pedagógica Nacional,CLL 72 # 11 - 86,4.657867380000027,-74.05929988999998
Presidencial 2022,02,LOCALIDAD 2 CHAPINERO,UNIVERSIDAD PILOTO,2551,957,37.51,Universidad Piloto de Colombia,CRA 9 # 45 A - 25,4.632772360000047,-74.06547381999997
Presidencial 2022,02,LOCALIDAD 2 CHAPINERO,UNIVERSIDAD SAN MARTIN,254,77,30.31,Universidad San Martín,CRA 19 # 80 - 56 Torre 5,4.668173800000034,-74.05884056999997
Presidencial 2022,02,LOCALIDAD 2 CHAPINERO,UNIVERSIDAD SERGIO ARBOLEDA,3934,934,23.74,Universidad Sergio Arboleda,CLL 74 # 14 - 14,4.660894640000038,-74.05979578999995
Presidencial 2022,03,LOCALIDAD 3 SANTA FE,CAMILO TORRES,4682,2249,48.04,Colegio Distrital Externado Camilo Torres,CRA 7 # 33 - 64,4.620288450000032,-74.06658511999996
Presidencial 2022,03,LOCALIDAD 3 SANTA FE,CENTRO COMERCIAL SAN MARTIN,2915,1368,46.93,Centro Comercial San Martín,CRA 7 # 32 - 84 / CLL 33 # 6B - 95,4.619655990000069,-74.06767179999997
Presidencial 2022,03,LOCALIDAD 3 SANTA FE,CENTRO ORIENTE,2045,1112,54.38,Centro Comunitario Lourdes,CRA 2 # 4 - 10 /CRA 2 # 4 - 12,4.589504470000065,-74.07394484999998
Presidencial 2022,03,LOCALIDAD 3 SANTA FE,COLEGIO LA GIRALDA,3253,1972,60.62,Colegio Distrital la Giralda,CLL 1 # 3 - 58 /CLL 1 # 3 - 60,4.583296250000046,-74.07918392999994
Presidencial 2022,03,LOCALIDAD 3 SANTA FE,COLEGIO LOS PINOS I.E.D. SEDE A,257,183,71.21,Colegio Los Pinos I.E.D. Sede A,DIAG 4 A # 5 B - 93 Este,4.587702700000023,-74.06810447999999
Presidencial 2022,03,LOCALIDAD 3 SANTA FE,COLEGIO RAMON JIMENO,432,253,58.56,Colegio Ramón Jimeno,CLL 26 # 2 - 44 /CRA 3 # 26A - 04,4.609487350000052,-74.06499823999997
Presidencial 2022,03,LOCALIDAD 3 SANTA FE,EL CONSUELO,3542,2072,58.5,Colegio Distrital Aulas Colombianas - Sede A,CRA 11 Este # 1 A - 85,4.5808390800000325,-74.07114749999994
Presidencial 2022,03,LOCALIDAD 3 SANTA FE,EL GRAN SAN,1694,777,45.87,Centro Comercial El Gran San,CRA 10 # 9 - 37,4.598662970000021,-74.07912582999995
Presidencial 2022,03,LOCALIDAD 3 SANTA FE,EL VERJON,228,87,38.16,Colegio Distrital El Verjón Alto - Sede B (Verjón),KM 13 Vía a Choachí,4.605824590000054,-74.02245576999997
Presidencial 2022,03,LOCALIDAD 3 SANTA FE,FACULTAD DE ARTES - ASAB,1625,784,48.25,Biblioteca Distrital Antonio Nariño,CRA 13 # 14 - 69,4.604598850000059,-74.07837072999996
Presidencial 2022,03,LOCALIDAD 3 SANTA FE,GIRARDOT,2694,1686,62.58,Colegio Distrital Jorge Soto del Corral - Sede A,CLL 3 # 1 B - 09 Este /CLL 3 # 2 - 64 Este,4.587580040000034,-74.07299619999998
Presidencial 2022,03,LOCALIDAD 3 SANTA FE,LA PERSEVERANCIA,2776,1554,55.98,Colegio Distrital Manuel Elkin Patarroyo,CLL 32 A # 3 C - 37,4.617778000000044,-74.06450466999996
Presidencial 2022,03,LOCALIDAD 3 SANTA FE,LAS AGUAS,1711,794,46.41,Parqueadero primer piso edificio Julio Mario Santo Domingo Universidad de los Andes,CLL 21 # 1 - 20,4.60414564000007,-74.06592859999995
Presidencial 2022,03,LOCALIDAD 3 SANTA FE,LAS CRUCES,3803,2046,53.8,Colegio Distrital Antonio José Uribe,CLL 3 # 9 - 70,4.592220080000061,-74.08225487999994
Presidencial 2022,03,LOCALIDAD 3 SANTA FE,LAS NIEVES,2392,1074,44.9,Colegio Distrital República de Argentina - Sede B (Policarpa Salavarrieta),CLL 20 # 4 - 68,4.6050135900000555,-74.06913089999995
Presidencial 2022,03,LOCALIDAD 3 SANTA FE,LOS LACHES,4657,3020,64.85,Colegio Distrital Efraín Cañavera - Sede B (Los Pinos),CRA 7 Este # 5 - 20,4.587465470000041,-74.06663596999994
Presidencial 2022,03,LOCALIDAD 3 SANTA FE,MEDICINA LEGAL,1791,978,54.61,Antigua Escuela Santa Ines,CRA 12 A # 7 - 07,4.597536170000069,-74.08290337999995
Presidencial 2022,03,LOCALIDAD 3 SANTA FE,PALACIO SAN FRANCISCO,3626,1901,52.43,Palacio San Francisco,CLL 13 (AV Jiménez) # 7 - 56,4.601961520000032,-74.07359543999996
Presidencial 2022,03,LOCALIDAD 3 SANTA FE,POLICARPA SALAVARRIETA,2095,1067,50.93,Colegio Distrital Popicarpa Salavarrieta - Sede A,CLL 28 # 5 A - 06,4.614912220000065,-74.06780814999996
Presidencial 2022,03,LOCALIDAD 3 SANTA FE,SAN BERNARDO,2317,1108,47.82,Colegio Distrital Los Ángeles - Sede B (Santa Inés),CLL 3 # 11 B - 40 / CRA 12 # 3 - 04,4.593608140000072,-74.08471557999997
Presidencial 2022,03,LOCALIDAD 3 SANTA FE,UNIV ANTONIO NARIÑO SANTA FE,1032,532,51.55,,,,
Presidencial 2022,03,LOCALIDAD 3 SANTA FE,UNIVERSIDAD CENTRAL,2877,1494,51.93,Universidad Central,CRA 5 # 21 - 38,4.606374050000056,-74.06934481999997
Presidencial 2022,03,LOCALIDAD 3 SANTA FE,UNIVERSIDAD INCCA DE COLOMBIA,736,360,48.91,Universidad INCCA de Colombia Sede XXX Aniversario,CLL 24 A # 13 - 72,4.611820390000048,-74.07312631999997
Presidencial 2022,03,LOCALIDAD 3 SANTA FE,UNIVERSIDAD JORGE TADEO LOZANO,3590,1832,51.03,Universidad Jorge Tadeo Lozano (Parqueadero),CRA 4 # 22 Int. 1 Ed Módulo 21 / CLL 23 # 4 - 47,4.60739540000003,-74.06791988999998
Presidencial 2022,04,LOCALIDAD 4 SAN CRISTOBAL,20 DE JULIO SEDE A,5662,3170,55.99,,,,
Presidencial 2022,04,LOCALIDAD 4 SAN CRISTOBAL,AGUAS CLARAS,1016,680,66.93,Colegio Distrital Aguas Claras,CLL 14 Sur # 25 - 05 Este,4.562157230000025,-74.06739883999995
Presidencial 2022,04,LOCALIDAD 4 SAN CRISTOBAL,ALTAMIRA,6859,3999,58.3,Colegio Distrital Altamira Sur Oriental - Sede A,CLL 42 A Sur # 12 A - 27 Este,4.545385690000046,-74.08484395999994
Presidencial 2022,04,LOCALIDAD 4 SAN CRISTOBAL,ARBOLEDA SUR,3256,1373,42.17,Colegio Distrital Aldemar Rojas Plazas,CRA 9 A # 14 -04 Sur,4.579195660000039,-74.09111476999993
Presidencial 2022,04,LOCALIDAD 4 SAN CRISTOBAL,ASOCIACION NAL DE UNION CAMPESINA ACNU,2444,1228,50.25,,,,
Presidencial 2022,04,LOCALIDAD 4 SAN CRISTOBAL,BELLAVISTA SAN CRISTOBAL,4911,2673,54.43,Colegio Distrital Los Alpes,CRA 9 Este # 36 G - 80 Sur,4.552632460000041,-74.08445703999996
Presidencial 2022,04,LOCALIDAD 4 SAN CRISTOBAL,BELLO HORIZONTE,5280,2918,55.27,Colegio Distrital José Castro Martínez - Sede A,CLL 31 D Bis Sur # 2 - 24 Este /CLL 31 D Bis Sur # 2 - 25 Este,4.559956490000047,-74.09247452999995
Presidencial 2022,04,LOCALIDAD 4 SAN CRISTOBAL,CANADA GUIRA,1644,967,58.82,Colegio Distrital Canadá Guira - Sede C,CLL 48 Sur # 2 - 27 Este,4.544384960000059,-74.09879300999995
Presidencial 2022,04,LOCALIDAD 4 SAN CRISTOBAL,CDC LA VICTORIA,10793,5758,53.35,Centro de Desarrollo Comunitario La Victoria,CLL 37 Bis B Sur # 2 - 81 Este,4.554597520000073,-74.09505745999996
Presidencial 2022,04,LOCALIDAD 4 SAN CRISTOBAL,COLEGIO ATENAS IED,576,326,56.6,,,,
Presidencial 2022,04,LOCALIDAD 4 SAN CRISTOBAL,COLEGIO LA VICTORIA SEDE A,2783,1766,63.46,Colegio Distrital La Victoria Sede A,CRA 3 B Este # 38 - 25 Sur,4.552257040000029,-74.09342702999999
Presidencial 2022,04,LOCALIDAD 4 SAN CRISTOBAL,COLEGIO RAFAEL NUÑEZ IED SEDE B,811,375,46.24,Institución Educativa Distrital I.E.D Rafael Núñez Sede B,CRA 9A # 22 B - 30 Sur,4.573996820000048,-74.09540248999997
Presidencial 2022,04,LOCALIDAD 4 SAN CRISTOBAL,COLISEO DEPORTIVO PRIMERA DE MAYO,3190,1595,50.0,Coliseo Deportivo Primera de Mayo,CRA 5 Bis # 18 A - 14 Sur / CL 19 S # 5 - 40,4.573732100000029,-74.08919654999994
Presidencial 2022,04,LOCALIDAD 4 SAN CRISTOBAL,EL PORTAL,4228,2467,58.35,Colegio Distrital Francisco Javier Matiz Sede B,CRA 3B # 30A - 42 Sur,4.565800000000024,-74.09489999999994
Presidencial 2022,04,LOCALIDAD 4 SAN CRISTOBAL,EL QUINDIO,2240,1412,63.04,Colegio Distrital El Quindío - Sede B,CLL 46 G Sur # 16 A - 01 Este,4.537394020000022,-74.08281201999995
Presidencial 2022,04,LOCALIDAD 4 SAN CRISTOBAL,EL RODEO SEDE A,1035,642,62.03,Colegio Distrital El Rodeo Sede A,CLL 40 A Sur # 2 - 56 Este,4.551325330000054,-74.09524105999998
Presidencial 2022,04,LOCALIDAD 4 SAN CRISTOBAL,EL RODEO SEDE B LA GLORIA,1413,885,62.63,,,,
Presidencial 2022,04,LOCALIDAD 4 SAN CRISTOBAL,ENTRE NUBES SEDE A,803,539,67.12,Colegio Distrital Entre Nubes Sur  Oriental Sede A - Anibal Fernández de Soto,CRA 1 D Este # 43 B - 28 Sur,4.547742930000027,-74.09763957999996
Presidencial 2022,04,LOCALIDAD 4 SAN CRISTOBAL,ESCUELA LA VICTORIA B,3123,1923,61.58,Colegio Distrital La Victoria Sede B,CRA 3 A Este # 35 - 37 Sur /CRA 3 A Este # 37 A - 59 Sur,4.554348810000022,-74.09391078999994
Presidencial 2022,04,LOCALIDAD 4 SAN CRISTOBAL,GUACAMAYAS II,3575,2424,67.8,Colegio Distrital Alemania Unificada Sede A,CLL 37 A Bis Sur # 2 A - 04,4.555739480000057,-74.09673592999997
Presidencial 2022,04,LOCALIDAD 4 SAN CRISTOBAL,IED GLORIA VALENCIA DE CASTAÑO,388,250,64.43,IED Gloria Valencia de Castaño,CRA 15 Este # 63-30 Sur,4.5270269500000495,-74.08698984999995
Presidencial 2022,04,LOCALIDAD 4 SAN CRISTOBAL,JUAN DEL RIZZO,6642,3102,46.7,Colegio privado Salesiano Juan del Rizzo Sede B,CLL 27 Sur # 2 B - 59 / CLL 27 A Sur # 2 B - 59,4.567028210000046,-74.09322578999996
Presidencial 2022,04,LOCALIDAD 4 SAN CRISTOBAL,JUAN REY,4675,2871,61.41,Colegio Distrital Juan Rey - Sede A,CLL 70 Sur # 13 B - 27 Este,4.522433830000068,-74.08995579999998
Presidencial 2022,04,LOCALIDAD 4 SAN CRISTOBAL,JUANA ESCOBAR SEDE A,2515,1632,64.89,Colegio Distrital Juana Escobar,CRA 15 A Este # 57 A - 16 Sur,4.530567480000059,-74.08541718999999
Presidencial 2022,04,LOCALIDAD 4 SAN CRISTOBAL,LA BELLEZA,2169,1461,67.36,Colegio Distrital Los Libertadores - Sede A,CLL 64 Sur # 10 A 39 Este,4.530444760000023,-74.09219882999997
Presidencial 2022,04,LOCALIDAD 4 SAN CRISTOBAL,LA CASTAÑA,1146,713,62.22,Salón Comunal La Castaña,CLL 20 A Sur # 12 - 20 Este,4.566594820000034,-74.07984100999994
Presidencial 2022,04,LOCALIDAD 4 SAN CRISTOBAL,LA GLORIA,4838,2722,56.26,Colegio Distrital  Altamira - Sede B,CLL 48 B Sur # 11 - 14 Este,4.541038680000042,-74.08928989999998
Presidencial 2022,04,LOCALIDAD 4 SAN CRISTOBAL,LA GLORIA- ESCUELA ALTAMIRA,4617,3003,65.04,,,,
Presidencial 2022,04,LOCALIDAD 4 SAN CRISTOBAL,LAS BRISAS,2662,1588,59.65,Colegio Distrital República del Ecuador I.E.D.,CRA 1 A # 6 C - 50 Sur /CRA 1 C Este # 6 C - 85 Sur,4.576838520000024,-74.08007908999997
Presidencial 2022,04,LOCALIDAD 4 SAN CRISTOBAL,LAS MERCEDES,4909,2659,54.17,Colegio Distrital San Critóbal - Sede B,CLL 19 Sur # 10C - 44 Este,4.569269680000048,-74.08081978999996
Presidencial 2022,04,LOCALIDAD 4 SAN CRISTOBAL,LAS MERCEDES II,1790,1030,57.54,Colegio Distrital San Cristóbal Sur - Sede A,CRA 10 D Este # 17 B - 46 Sur,4.569659070000057,-74.07942861999999
Presidencial 2022,04,LOCALIDAD 4 SAN CRISTOBAL,LOS LIBERTADORES,4375,2418,55.27,Colegio Distrital Los Libertadores,CLL 55 Sur # 10 A - 29 Este,4.534402600000021,-74.09086296999999
Presidencial 2022,04,LOCALIDAD 4 SAN CRISTOBAL,MONTEBELLO,6263,3248,51.86,Colegio Distrital Montebello,CLL 24 A Sur # 1 A - 95 Este,4.5667468200000485,-74.08799157999994
Presidencial 2022,04,LOCALIDAD 4 SAN CRISTOBAL,MONTEBELLO SEDE B,1930,1123,58.19,Colegio Distrital Montebello Sede B,CLL 28 Sur # 1 A - 37 Este,4.563757250000037,-74.08962596999999
Presidencial 2022,04,LOCALIDAD 4 SAN CRISTOBAL,MORALBA,1028,680,66.15,Colegio Distrital Moralba Sede A,CRA 16 A Este # 42 C - 80 Sur,4.543021550000049,-74.08128967999994
Presidencial 2022,04,LOCALIDAD 4 SAN CRISTOBAL,NUEVA DELHI,1167,733,62.81,Colegio Distrital Nueva Delhi,CLL 62 A Sur # 14 I - 33 Este,4.5281640500000435,-74.08716430999993
Presidencial 2022,04,LOCALIDAD 4 SAN CRISTOBAL,PARQUEADERO GUACAMAYAS,3291,1914,58.16,Colegio Distrital Alemania Unificada - Sede B,CRA 2 L # 38 A - 11 Sur,4.557598890000065,-74.10010721999998
Presidencial 2022,04,LOCALIDAD 4 SAN CRISTOBAL,PRIMERA DE MAYO,4724,2280,48.26,Colegio Distrital José Félix Restrepo - Sede A,CRA 6 A # 18 A - 04 Sur / CRA 6 # 18 - 02 Sur *,4.574318480000045,-74.09008011999998
Presidencial 2022,04,LOCALIDAD 4 SAN CRISTOBAL,RAMAJAL,2609,1441,55.23,Colegio Distrital José Acevedo y Gómez - Sede A,CRA 9 B Este # 28 - 81 Sur,4.562173590000043,-74.08363440999995
Presidencial 2022,04,LOCALIDAD 4 SAN CRISTOBAL,RAMAJAL AMAPOLAS,1164,741,63.66,,,,
Presidencial 2022,04,LOCALIDAD 4 SAN CRISTOBAL,REPUBLICA DEL CANADA,3338,1939,58.09,Colegio Distrital Juana Escobar - Sede C,CRA 13 D Bis Este # 50 - 07 Sur,4.535771780000061,-74.08732729999997
Presidencial 2022,04,LOCALIDAD 4 SAN CRISTOBAL,ROMA COLSUBSIDIO,897,585,65.22,Colegio Nueva Roma I.D.E.,CLL 48 Sur # 4 - 85 Este,4.541079740000043,-74.09591548999998
Presidencial 2022,04,LOCALIDAD 4 SAN CRISTOBAL,SALON COMUNAL ATENAS,1520,979,64.41,Salón Comunal Atenas,CRA 1 # 36 H - 12 Sur,4.55698177000005,-74.09543433999994
Presidencial 2022,04,LOCALIDAD 4 SAN CRISTOBAL,SALON COMUNAL LA ROCA,1179,724,61.41,Salón Comunal La Roca,CLL 6 B Bis Sur # 5 - 29 Este,4.577924430000053,-74.07772637999994
Presidencial 2022,04,LOCALIDAD 4 SAN CRISTOBAL,SALON COMUNAL SAN ISIDRO II SECTOR,1545,825,53.4,Salón Comunal San Isidro II Sector,CRA 7 A # 35 A - 33 Sur,4.564123890000076,-74.10204283999997
Presidencial 2022,04,LOCALIDAD 4 SAN CRISTOBAL,SAN BLAS,7597,4229,55.67,Colegio Distrital Manuelita Sáenz,CRA 3 Este # 18 A - 34 Sur,4.571123990000046,-74.08486410999996
Presidencial 2022,04,LOCALIDAD 4 SAN CRISTOBAL,SAN CRISTOBAL SUR,6468,3688,57.02,Colegio Distrital José Félix Restrepo - Sede C,AV CLL 11 Sur # 4 - 79 Este,4.5727072500000645,-74.07945499999994
Presidencial 2022,04,LOCALIDAD 4 SAN CRISTOBAL,SAN GERONIMO,798,459,57.52,Cancha Maracaná,CRA 18 Este # 13 - 42 Sur,4.569051080000065,-74.07476982999998
Presidencial 2022,04,LOCALIDAD 4 SAN CRISTOBAL,SAN ISIDRO,7198,3593,49.92,Colegio Distrital San isidro Sur Oriental - Sede A,CLL 34 Sur # 7 A - 88,4.565904590000059,-74.10093585999994
Presidencial 2022,04,LOCALIDAD 4 SAN CRISTOBAL,SAN MARTIN DE LOBA SUR,6261,3643,58.19,Colegio Distrital Juán Evangelista Gómez,DIAG 39 Sur # 2 - 10 Este  /DIAG 39 Sur # 2 - 00 Este,4.552086760000066,-74.09566884999998
Presidencial 2022,04,LOCALIDAD 4 SAN CRISTOBAL,SAN PEDRO SUR ORIENTAL,3000,1536,51.2,Colegio Distrital Tomás Rueda Vargas - Sede A - parte posterior,CRA 5 Este # 26 - 91 Sur,4.56450454000003,-74.08717514999995
Presidencial 2022,04,LOCALIDAD 4 SAN CRISTOBAL,SAN VICENTE COLSUBSIDIO,2697,1658,61.48,Colegio San Vicente I.D.E.,TRV 6 C Este # 33 - 70 Sur,4.555281000000036,-74.08769399999994
Presidencial 2022,04,LOCALIDAD 4 SAN CRISTOBAL,SANTA ANA SUR,2977,1445,48.54,Colegio Distrital José Félix Restrepo - Sede B,CLL 10 A Sur # 3 A - 61,4.577041490000056,-74.08415686999996
Presidencial 2022,04,LOCALIDAD 4 SAN CRISTOBAL,SOSIEGO,2609,1112,42.62,Colegio Distrital Rafael Nuñez,CRA 9 A # 18 - 74 Sur,4.576361590000033,-74.09301011999997
Presidencial 2022,04,LOCALIDAD 4 SAN CRISTOBAL,SURAMERICA,1104,614,55.62,Colegio Distrital Francisco Javier Matiz,CRA 2 A # 29 A - 29 Sur,4.565286380000032,-74.09360623999999
Presidencial 2022,04,LOCALIDAD 4 SAN CRISTOBAL,TOMAS RUEDA VARGAS SEDE B,1773,1070,60.35,Colegio Distrital Tomás Rueda Vargas Sede B,CRA 5 Este # 29 A - 25 Sur,4.561553810000021,-74.08832799999993
Presidencial 2022,04,LOCALIDAD 4 SAN CRISTOBAL,VILLA DE LOS ALPES,5633,2776,49.28,Polideportivo Coliseo Villa de Los Alpes,CRA 3 B  # 35 - 22 Sur / CRA 3 B # 35 - 04 Sur,4.561453490000076,-74.09844987999998
Presidencial 2022,04,LOCALIDAD 4 SAN CRISTOBAL,VILLA DEL CERRO,2390,1236,51.72,Salón Comunal Villa del Cerro,CLL 46 A Sur  # 3 B - 40 Este / CLL 46 A Sur # 3 B - 30 Este,4.544188750000046,-74.09562215999995
Presidencial 2022,05,LOCALIDAD 5 USME,ALFONSO LOPEZ,4393,2927,66.63,Colegio Distrital Estanislao Zuleta Sede A,CRA 7 C Este # 92 - 48 Sur/CRA 7 C Este # 90 A - 35 Sur ,4.497976000000051,-74.10086199999995
Presidencial 2022,05,LOCALIDAD 5 USME,ALMIRANTE PADILLA,7360,3874,52.64,Colegio Distrital Almirante Padilla,CLL 76 A Sur # 8 D - 59 Este / CLL 76 A Sur # 8 D - 25,4.512266250000039,-74.11190313999998
Presidencial 2022,05,LOCALIDAD 5 USME,BOLONIA,1567,996,63.56,Jardín Infantil Entre Nubes,CLL 79 Sur # 10 - 50 Este,4.511011550000035,-74.09865008999998
Presidencial 2022,05,LOCALIDAD 5 USME,BRASILIA,4345,2746,63.2,Colegio Distrital Brasilia,CRA 12 B # 73 B - 97 Sur /CRA 12 B # 73 B - 31 Sur,4.517608740000071,-74.11643952999998
Presidencial 2022,05,LOCALIDAD 5 USME,BRAZUELOS,2078,1393,67.04,Colegio Distrital Brazuelos,CLL 104 Sur # 14 - 90,4.494948850000071,-74.11987399999998
Presidencial 2022,05,LOCALIDAD 5 USME,CABAÑAS,1355,811,59.85,Colegio Distrital Federico Lorca Sede B,CLL 80 A Sur # 5 - 15,4.509259000000043,-74.10793999999999
Presidencial 2022,05,LOCALIDAD 5 USME,CDC JULIO CESAR SANCHEZ,3511,2245,63.94,Centro de Desarrollo Comunitario Julio César Sánchez,CLL 91 Sur # 4C - 26,4.501102800000069,-74.10917208999996
Presidencial 2022,05,LOCALIDAD 5 USME,CENTRO COMERCIAL ALTAVISTA,5997,3629,60.51,Centro Comercial Altavista,CRA 1 # 65 D - 58 SurEntrada del Parqueadero / CLL 65C Sur 11 71,4.532900720000043,-74.11842795999996
Presidencial 2022,05,LOCALIDAD 5 USME,CHUNIZA,5849,3301,56.44,Colegio Distrital Chuniza,CRA 1 G Este # 84 A - 42 Sur / CRA 9 # 84 A - 82 Sur,4.505972770000028,-74.11140448999998
Presidencial 2022,05,LOCALIDAD 5 USME,COLEGIO ANDRES ESCOBAR,1274,705,55.34,Colegio Andrés Escobar,CRA 3 B 55 B 30 Sur,4.5383862200000635,-74.11464666999996
Presidencial 2022,05,LOCALIDAD 5 USME,COLEGIO FERNANDO GONZALEZ OCHOA,2557,1598,62.5,Colegio Distrital Fernando González Ochoa,CRA 4 A # 89 - 43 Sur /CRA 4 # 89 - 43 Sur,4.5026692900000285,-74.10763076999996
Presidencial 2022,05,LOCALIDAD 5 USME,COLEGIO ISIDRO MOLINA,326,188,57.67,Colegio Isidro Molina,CRA 8 B Bis # 77 - 40 Sur,4.510814880000055,-74.11076785999995
Presidencial 2022,05,LOCALIDAD 5 USME,COLEGIO JOSE EUSTASIO RIVERA,2110,1307,61.94,Colegio José Eustasio Rivera,CRA 3 # 136 - 98 Sur Entrada Parqueadero /CRA 14 135 05 Sur,4.475316410000062,-74.12277975999996
Presidencial 2022,05,LOCALIDAD 5 USME,COLEGIO JUAN LUIS LONDOÑO - IED,475,283,59.58,,,,
Presidencial 2022,05,LOCALIDAD 5 USME,COLEGIO RURAL EL UVAL,153,91,59.48,Colegio Distrital Rural El Uval,Vereda el Uval Km. 8 Autopista al Llano,4.477590000000021,-74.10524999999996
Presidencial 2022,05,LOCALIDAD 5 USME,EL BOSQUE,4463,2422,54.27,Colegio Distrital Ofelia Uribe de Acosta,CLL 81 A Sur # 6 - 40 Este / TRV 1 Este # 85 - 86 Sur,4.5060183200000665,-74.10311553999998
Presidencial 2022,05,LOCALIDAD 5 USME,EL CORTIJO USME,2558,1671,65.32,,,,
Presidencial 2022,05,LOCALIDAD 5 USME,EL DANUBIO AZUL,4263,2155,50.55,Colegio Distrital  Fabio Lozano Simonelli - Sede B,CLL 56 A Sur # 3 A - 14,4.5377657200000385,-74.11502143999996
Presidencial 2022,05,LOCALIDAD 5 USME,EL DESTINO,692,408,58.96,Colegio Distrital El Destino,KM 8 Vía San Juan de Sumapáz,4.408203000000071,-74.13895918999998
Presidencial 2022,05,LOCALIDAD 5 USME,EL HATO,415,266,64.1,Colegio Distrital El Hato,Kilómetro 14 Vía San Juan de Sumapáz,4.36958887000003,-74.17951987999999
Presidencial 2022,05,LOCALIDAD 5 USME,EL VIRREY,5779,3324,57.52,Colegio Distrital El Virrey Solís,CRA 7 # 92 A - 31 Sur,4.502502340000035,-74.11179900999997
Presidencial 2022,05,LOCALIDAD 5 USME,GRAN YOMASA,5370,3519,65.53,Colegio Distrital Gran Yomasa,CLL 81 C Sur # 8 A - 06,4.508524000000023,-74.10973399999995
Presidencial 2022,05,LOCALIDAD 5 USME,JARDIN INFANTIL LA FORTALEZA DEL OSO,2051,1244,60.65,Jardín Infantil la Fortaleza del Oso,CLL 71 D Sur # 14 - 64,4.520474620000073,-74.11828479999997
Presidencial 2022,05,LOCALIDAD 5 USME,JUAN JOSE RONDON,2382,1531,64.27,Colegio Distrital Gabriel García Marquez,CLL 88 F Sur # 12 F - 20 Este,4.503719570000044,-74.09119911999994
Presidencial 2022,05,LOCALIDAD 5 USME,LA ALBORADA,2015,1243,61.69,Colegio Distrital Estanislao Zuleta Sede B,CRA 4 Este # 90 D - 24 Sur,4.497972000000061,-74.10395699999998
Presidencial 2022,05,LOCALIDAD 5 USME,LA AURORA,8849,4863,54.96,Colegio Distrital La Aurora,TRV 14 T # 70 - 49 Sur,4.521681540000031,-74.12113945999994
Presidencial 2022,05,LOCALIDAD 5 USME,LA FISCALA,5103,3028,59.34,Colegio Distrital Fabio Lozano Simonelli,CLL 65 Sur # 5 - 65,4.533770830000037,-74.11172753999995
Presidencial 2022,05,LOCALIDAD 5 USME,LA FLORA,3618,2128,58.82,Colegio Distrital Nueva Esperanza,CRA 14 B Este # 76 - 59 Sur /CRA 14 Este # 76 - 79 Sur,4.513564350000024,-74.09039197999994
Presidencial 2022,05,LOCALIDAD 5 USME,LA FORTALEZA,3655,2125,58.14,Colegio Distrital El Cortijo Vianey Sede B,CLL 73B Sur # 14C - 16,4.517830870000068,-74.11916043999997
Presidencial 2022,05,LOCALIDAD 5 USME,LOS COMUNEROS,5595,3131,55.96,Colegio Distrital Los Comuneros,CLL 91 C Sur # 2 A - 49,4.498587950000058,-74.10874843999994
Presidencial 2022,05,LOCALIDAD 5 USME,LOS TEJARES,1744,1176,67.43,,,,
Presidencial 2022,05,LOCALIDAD 5 USME,MARICHUELA,6214,3340,53.75,Colegio Distrital Miguel de Cervantes Saavedra - Sede A,CRA 14 B # 76 - 33 Sur,4.512414100000058,-74.11698187999997
Presidencial 2022,05,LOCALIDAD 5 USME,MIRAVALLE,636,375,58.96,Colegio Miravalle I.E.D.,DIAG 76 Sur # 3B -30 / DIAG 76 Sur # 14P - 10,4.513267760000076,-74.11973147999998
Presidencial 2022,05,LOCALIDAD 5 USME,MONTEBLANCO,5597,3420,61.1,Colegio Distrital Diego Montaño Cuellar,TRV 6 B # 100 C - 55 Sur,4.4967805500000395,-74.11504818999998
Presidencial 2022,05,LOCALIDAD 5 USME,NUEVO PORVENIR,378,248,65.61,Salón Comunal Nuevo Porvenir,CRA 5 B Este 98 B 10 Sur,4.492683950000071,-74.10432083999996
Presidencial 2022,05,LOCALIDAD 5 USME,NUSADAL,1520,1017,66.91,Colegio Distrital Nuevo San Andrés de Los Altos,CLL 69 A Bis Sur # 14 C - 18,4.524796750000064,-74.12011324999997
Presidencial 2022,05,LOCALIDAD 5 USME,PORTAL USME,6725,3958,58.86,Colegio Distrital Paulo Freire,CRA 11 # 65 C - 50 Sur,4.532631470000069,-74.11700227999995
Presidencial 2022,05,LOCALIDAD 5 USME,S. COMUNAL URBANIZACION NUEVA COSTARICA,814,492,60.44,,,,
Presidencial 2022,05,LOCALIDAD 5 USME,SALON COMUNAL ALFONSO LOPEZ 1 y 2,969,611,63.05,Centro Comunitario Alfonso Lopez 1 y 2,CRA 6C Este # 89 - 57 Sur,4.500990380000076,-74.10197503999996
Presidencial 2022,05,LOCALIDAD 5 USME,SALON COMUNAL CENTRAL SANTAMARTA,365,234,64.11,Salón Comunal Central Santamarta,CRA 9 # 68 B 44 Sur,4.526178610000045,-74.11574947999998
Presidencial 2022,05,LOCALIDAD 5 USME,SALON COMUNAL LOS COMUNEROS,896,539,60.16,Salón Comunal Los Comuneros,CRA 2 A Bis # 91 C - 35 Sur,4.498282990000064,-74.10881430999996
Presidencial 2022,05,LOCALIDAD 5 USME,SANTA LIBRADA,7943,4302,54.16,Colegio Distrital Orlando Fals Borda,CRA 1 A Este # 72 - 60 Sur / CRA 12 # 72 - 60 Sur ,4.519357660000026,-74.11594453999999
Presidencial 2022,05,LOCALIDAD 5 USME,SANTA LIBRADA 2,764,428,56.02,Santa Librada 2,CLL 75B Sur # 9B - 06,4.513866440000072,-74.11310002999994
Presidencial 2022,05,LOCALIDAD 5 USME,SANTA MARTA,4337,2590,59.72,Colegio Distrital Santa Marta,CLL 69 D Sur # 8 B - 63,4.525273170000048,-74.11562807999996
Presidencial 2022,05,LOCALIDAD 5 USME,TENERIFE,2104,1387,65.92,Colegio Distrital Eduardo Mora Osejo,CLL 95 Sur # 14 B - 64,4.503935170000034,-74.11880590999994
Presidencial 2022,05,LOCALIDAD 5 USME,USME,5378,3204,59.58,Colegio Distrital Francisco Antonio Zea - Sede A,CLL 136 Sur # 12 - 38,4.472581940000055,-74.12153515999995
Presidencial 2022,05,LOCALIDAD 5 USME,USME - CENTRO,2262,1502,66.4,Colegio Distrital Francisco Antonio Zea - Sede B,CRA 13 # 137 D - 40 Sur,4.469545080000046,-74.12533528999995
Presidencial 2022,05,LOCALIDAD 5 USME,USMINIA,3720,2128,57.2,Colegio Distrital Usminia - Sede B,CLL 102 A Sur # 5 - 06,4.4954386600000475,-74.11448729999995
Presidencial 2022,05,LOCALIDAD 5 USME,UVAL - PUERTA AL LLANO,2975,1903,63.97,Colegio Distrital Ciudad de Villavicencio Sede A,CRA 6 H Este # 114 - 88 Sur /TRV 7 Este # 107 A - 50 Sur,4.487109000000032,-74.10247699999996
Presidencial 2022,05,LOCALIDAD 5 USME,VALLES DE CAFAM,4979,3038,61.02,Colegio Distrital Atabanzha,CLL 92 Sur # 14 D - 87,4.507653600000026,-74.11805941999995
Presidencial 2022,05,LOCALIDAD 5 USME,VIA AL LLANO,649,446,68.72,Colegio Distrital Federico García Lorca Sede A,CRA 5 # 83 - 03 Sur,4.50731238000003,-74.10721802999996
Presidencial 2022,05,LOCALIDAD 5 USME,VILLA ALEMANIA,2781,1901,68.36,Colegio Distrital Eduardo Umaña Mendoza,CLL 111 A Sur # 4 B - 07 Este /CLL 111 A Bis Sur # 3 A - 07 *,4.489735670000073,-74.11255110999997
Presidencial 2022,05,LOCALIDAD 5 USME,VILLA HERMOSA,4315,2334,54.09,Colegio Distrital Villa Hermosa,CLL 97 F Sur # 6 F - 08 Este / CLL 97 Sur # 6 F - 08 Este *,4.4939862500000345,-74.10232047999995
Presidencial 2022,06,LOCALIDAD 6 TUNJUELITO,ABRAHAM LINCOLN,2185,1022,46.77,Colegio Distrital Cecilia de la Fuente Lleras - Sede B (Rufino José de Cuervo),CRA 8 # 53 A - 44 Sur,4.555324420000034,-74.12380750999995
Presidencial 2022,06,LOCALIDAD 6 TUNJUELITO,CASA DE JUSTICIA DE TUNJUELITO,2673,1486,55.59,Casa de Justicia de Tunjuelito,CLL 51 Sur # 7 - 35,4.556095390000053,-74.12162619999998
Presidencial 2022,06,LOCALIDAD 6 TUNJUELITO,CENTRO FELICIDAD,131,72,54.96,Centro Felicidad,CLL 58 A Sur # 19C - 66,4.570637880000049,-74.13873459999996
Presidencial 2022,06,LOCALIDAD 6 TUNJUELITO,CIUDAD BOGOTA SEDE B,3346,1711,51.14,,,,
Presidencial 2022,06,LOCALIDAD 6 TUNJUELITO,COLEGIO COOPERATIVO VENECIA,2751,1335,48.53,Colegio Cooperativo Venecia,DIAG 47 A Sur # 53 A - 95,4.5928789100000245,-74.14062678999994
Presidencial 2022,06,LOCALIDAD 6 TUNJUELITO,COLEGIO DISTRITAL MARCO FIDEL ZUAREZ,763,425,55.7,,,,
Presidencial 2022,06,LOCALIDAD 6 TUNJUELITO,COOPERATIVO NUEVO MUZU,1358,657,48.38,Colegio Cooperativo Nuevo MUZU,CRA 59 # 51 B - 46 Sur / CRA 61B # 51B - 46 Sur,4.587398300000075,-74.14794177999994
Presidencial 2022,06,LOCALIDAD 6 TUNJUELITO,"EL CARMEN SUR ""A""",5023,2398,47.74,,,,
Presidencial 2022,06,LOCALIDAD 6 TUNJUELITO,"EL CARMEN SUR ""B""",1951,1073,55.0,,,,
Presidencial 2022,06,LOCALIDAD 6 TUNJUELITO,"EL TUNAL ""A""",6360,2882,45.31,,,,
Presidencial 2022,06,LOCALIDAD 6 TUNJUELITO,"EL TUNAL ""B""",6109,2996,49.04,,,,
Presidencial 2022,06,LOCALIDAD 6 TUNJUELITO,"FATIMA ""A""",6430,2901,45.12,,,,
Presidencial 2022,06,LOCALIDAD 6 TUNJUELITO,"FATIMA ""B""",2490,1232,49.48,,,,
Presidencial 2022,06,LOCALIDAD 6 TUNJUELITO,INSTITUTO TECNICO PILOTO SEDE C,3359,1733,51.59,Colegio Distrital Instituto Técnico Piloto Sede C,CLL 54 Sur # 37 A - 37,4.586822290000043,-74.14222782999997
Presidencial 2022,06,LOCALIDAD 6 TUNJUELITO,ISLA DEL SOL,4026,1781,44.24,Colegio Distrital Isla del Sol,CLL 67 B Sur # 63 - 19,4.589211380000052,-74.15250679999997
Presidencial 2022,06,LOCALIDAD 6 TUNJUELITO,JARDIN INFANTIL CARMEN SUR,2251,1144,50.82,Jardín Infantil Carmen Sur,CRA 28 # 48 A - 17 Sur,4.582839460000059,-74.13170169999995
Presidencial 2022,06,LOCALIDAD 6 TUNJUELITO,JARDIN INFANTIL ISLA DEL SOL,1135,566,49.87,Jardín Infantil Isla del Sol,CLL 67 B Sur # 63 - 15,4.589430050000033,-74.15247371999999
Presidencial 2022,06,LOCALIDAD 6 TUNJUELITO,JARDIN INFANTIL PABLO DE TARSO,1000,414,41.4,Jardín Infantil Pablo de Tarso,DIAG 48 Sur # 51 D- 57,4.591166230000056,-74.13540603999996
Presidencial 2022,06,LOCALIDAD 6 TUNJUELITO,LICEO CAMPESTRE CAFAM,394,192,48.73,Liceo Campestre CAFAM,DIAG 58 Sur # 29 - 26,4.577950290000047,-74.14339961999997
Presidencial 2022,06,LOCALIDAD 6 TUNJUELITO,LICEO SANTA BERNARDITA,1348,556,41.25,Liceo Santa Bernardita,DIAG 51 A Sur # 54 A - 32,4.589990420000049,-74.14308345999996
Presidencial 2022,06,LOCALIDAD 6 TUNJUELITO,NUESTRA SEÑORA LAS VICTORIAS,380,195,51.32,,,,
Presidencial 2022,06,LOCALIDAD 6 TUNJUELITO,"NUEVO MUZO ""B""",1535,744,48.47,,,,
Presidencial 2022,06,LOCALIDAD 6 TUNJUELITO,"NUEVO MUZU ""A""",2868,1121,39.09,,,,
Presidencial 2022,06,LOCALIDAD 6 TUNJUELITO,PARROQUIAL SAN CARLOS,4386,2247,51.23,Colegio Privado Parroquial San Carlos,CRA 18 A # 53 - 54 Sur,4.566447760000074,-74.13012682999994
Presidencial 2022,06,LOCALIDAD 6 TUNJUELITO,PORFIRIO BARBA JACOB,824,455,55.22,Externado Porfirio Barba Jacob,CRA 18 # 54 - 14 Sur / CRA 18 # 54 - 10 Sur,4.565889020000043,-74.12999242999996
Presidencial 2022,06,LOCALIDAD 6 TUNJUELITO,SALON COMUNAL BARRIO EL CARMEN,177,81,45.76,,,,
Presidencial 2022,06,LOCALIDAD 6 TUNJUELITO,SALON COMUNAL ISLA DEL SOL,884,419,47.4,,,,
Presidencial 2022,06,LOCALIDAD 6 TUNJUELITO,SALON COMUNAL VENECIA,1560,717,45.96,Salón Comunal Venecia,DIAG 49 # 53 B -02 Sur,4.592052440000032,-74.14074180999995
Presidencial 2022,06,LOCALIDAD 6 TUNJUELITO,SAN BENITO,5499,2378,43.24,Colegio Distrital José Antonio Ricaurte,CRA 18 # 56 A - 45 Sur,4.564414950000071,-74.13237461999995
Presidencial 2022,06,LOCALIDAD 6 TUNJUELITO,SAN BENITO ABAD,667,380,56.97,Colegio Distrital San Benito Abad,CLL 58 # 19 B - 67 Sur / CLL 58 # 19 B - 63 Sur,4.566595380000024,-74.13704435999995
Presidencial 2022,06,LOCALIDAD 6 TUNJUELITO,SAN CARLOS,6638,2909,43.82,Colegio Distrital San Carlos - Sede B,CRA 19 # 50 A - 37 Sur,4.569460390000074,-74.12815740999997
Presidencial 2022,06,LOCALIDAD 6 TUNJUELITO,SAN VICENTE FERRER,6722,3244,48.26,Colegio Distrital Ciudad de Bogotá - Sede A,CRA 25 # 53 B - 32 Sur,4.57718576000002,-74.13827658999998
Presidencial 2022,06,LOCALIDAD 6 TUNJUELITO,SANTA CECILIA DE TUNJUELITO,2012,1017,50.55,Colegio Santa Cecilia De Tunjuelito,CRA 11 # 52 - 41 Sur,4.558616510000036,-74.12419150999995
Presidencial 2022,06,LOCALIDAD 6 TUNJUELITO,TUNJUELITO A,5119,2468,48.21,Colegio Distrital Rufino José de Cuervo - Sede A,CRA 11 B # 52 - 53 Sur /CRA 12 # 52 - 60 Sur,4.559472670000048,-74.12478149999998
Presidencial 2022,06,LOCALIDAD 6 TUNJUELITO,TUNJUELITO B,1135,643,56.65,Centro Educativo Distrital Nuevo Tunjuelito (Rufi# José de Cuervo Sede C),CLL 58 Sur # 12A - 45 / CLL 58A Sur # 12 A - 25,4.559080650000055,-74.12936561999999
Presidencial 2022,06,LOCALIDAD 6 TUNJUELITO,VENECIA A,7084,2862,40.4,,,,
Presidencial 2022,06,LOCALIDAD 6 TUNJUELITO,VENECIA B,2304,1016,44.1,,,,
Presidencial 2022,07,LOCALIDAD 7 BOSA,ALFREDO NOBEL,2011,1157,57.53,Colegio Privado Liceo Alfredo Nóbel,TRV 80 B # 65 I - 25 Sur,4.606167820000053,-74.18766827999997
Presidencial 2022,07,LOCALIDAD 7 BOSA,ATALAYAS,5806,3322,57.22,Colegio Distrital Santiago de las Atalayas,CLL 61 Sur # 103 - 33 / CLL 59C Sur # 89B - 45,4.629344930000059,-74.19283750999995
Presidencial 2022,07,LOCALIDAD 7 BOSA,BICENTENARIO DE LA INDEPENDENCIA,1931,1188,61.52,Colegio Distrital Bicentenario de La Independencia,CLL 81 Sur # 81 - 75,4.614984480000032,-74.20381150999998
Presidencial 2022,07,LOCALIDAD 7 BOSA,BOSA,12062,6286,52.11,Colegio Distrital Argelia,CLL 63 Sur # 81 A - 30,4.611585040000023,-74.18578012999996
Presidencial 2022,07,LOCALIDAD 7 BOSA,BOSA BRASILIA,7111,3364,47.31,Colegio Distrital Brasilia,CLL 52 A Sur # 87 D - 45,4.6279581300000245,-74.18158176999998
Presidencial 2022,07,LOCALIDAD 7 BOSA,BOSA PAULO VI,4239,2113,49.85,Colegio Distrital Paulo de Tarso - Sede B,CLL 71 Bis Sur # 77 I - 21,4.599350290000075,-74.19443338999997
Presidencial 2022,07,LOCALIDAD 7 BOSA,BOSA SAN JOSE,3677,2174,59.12,Colegio Distrital  Albán Holguín - Sede C,CRA 89 Bis # 85 A - 20 Sur / CRA 80 K # 85 A - 33 Sur,4.613764420000052,-74.20988605999997
Presidencial 2022,07,LOCALIDAD 7 BOSA,BOSANOVA,1507,803,53.28,Colegio Distrital Bosa Nova,CLL 59 B Sur # 87 B - 02,4.62272100000007,-74.18837299999996
Presidencial 2022,07,LOCALIDAD 7 BOSA,CAMPO VERDE - POTRERITOS,6031,3421,56.72,Colegio Distrital Kimy Pernia,CLL 82 Sur # 89 - 21,4.622137000000066,-74.20795899999996
Presidencial 2022,07,LOCALIDAD 7 BOSA,CARBONELL,1559,954,61.19,Colegio Distrital Carlos Albán Holguín Sede B,DIAG 71 C Bis A Sur # 77 G - 15,4.599669000000063,-74.19771599999996
Presidencial 2022,07,LOCALIDAD 7 BOSA,CARLOS ALBAN,8467,4087,48.27,Colegio Distrital Carlos Albán Holguín - Sede A,CLL 72 Sur # 79 D - 33 / CLL 72 B Sur # 79 D - 06,4.605714730000045,-74.19756532999997
Presidencial 2022,07,LOCALIDAD 7 BOSA,CARLOS PIZARRO LEON GOMEZ,7011,4020,57.34,Colegio Distrital Carlos Pizarro León Gómez - Sede A,CLL 72 Sur # 100 A - 71,4.635605660000067,-74.20486501999994
Presidencial 2022,07,LOCALIDAD 7 BOSA,CC GRAN PLAZA BOSA,8211,5415,65.95,,,,
Presidencial 2022,07,LOCALIDAD 7 BOSA,CEDID SAN PABLO,7432,4491,60.43,Colegio Distrital CEDID San Pablo Sede A,CRA 77L # 65J - 73 Sur,4.599800000000073,-74.18759999999997
Presidencial 2022,07,LOCALIDAD 7 BOSA,CHARLES DE GAULLE,398,218,54.77,Institución Educativa Distrital Grancolombiano Sede Charles de Gaulle I.E.D.,DIAG 73 D Bis Sur # 79 - 23,4.60642531000002,-74.20165964999995
Presidencial 2022,07,LOCALIDAD 7 BOSA,CIUDADELA EL PORVENIR,10458,6444,61.62,Colegio Distrital Ciudadela Educativa de Bosa,CLL 52 Sur # 97 C - 35,4.640829730000064,-74.18721154999997
Presidencial 2022,07,LOCALIDAD 7 BOSA,CLARELANDIA,991,600,60.54,Colegio Distrital La Bici,CRA 81 A # 58 J - 45 Sur,4.613736310000036,-74.18236762999999
Presidencial 2022,07,LOCALIDAD 7 BOSA,CLARETIANO,8743,5269,60.27,Colegio Claretiano de Bosa,CLL 60 Sur # 80 K - 02 / CLL 60 Sur # 80 H - 58,4.611860410000077,-74.18399515999994
Presidencial 2022,07,LOCALIDAD 7 BOSA,CLARETIANO EL LIBERTADOR,1164,727,62.46,,,,
Presidencial 2022,07,LOCALIDAD 7 BOSA,COLEGIO CIUDADANOS DEL FUTURO,5140,3015,58.66,Colegio Mixto Ciudadanos del Futuro,CRA 88 I # 58 A - 12 Sur,4.628029750000053,-74.19070918999995
Presidencial 2022,07,LOCALIDAD 7 BOSA,COLEGIO COLSUBSIDIO CHICALA,7804,4422,56.66,Colegio Colsubsidio Chicalá,CRA 87 # 53 C - 26 Sur,4.625223080000069,-74.18101529999996
Presidencial 2022,07,LOCALIDAD 7 BOSA,COLEGIO JORGE ISAACS,3040,1774,58.36,Colegio Distrital Jorge Isaacs,CLL 73 Sur # 91- 35 / CLL 73 Sur # 91- 05,4.626632610000058,-74.20192806999995
Presidencial 2022,07,LOCALIDAD 7 BOSA,COLISEO LA PALESTINA,2447,1442,58.93,Coliseo la Palestina,CLL 68 Sur # 81 G - 09,4.612073760000044,-74.19132801999996
Presidencial 2022,07,LOCALIDAD 7 BOSA,EL MOTORISTA,238,126,52.94,Institución Educativa Distrital El Motorista,CLL 57 Ñ Sur # 75 F - 27,4.597894750000023,-74.17560884999995
Presidencial 2022,07,LOCALIDAD 7 BOSA,EL PORVENIR,8279,4732,57.16,Colegio Distrital El Porvenir Sede A,CLL 51 Sur # 91 D - 56,4.635898910000037,-74.18362205999995
Presidencial 2022,07,LOCALIDAD 7 BOSA,EL RECREO,8186,4484,54.78,Colegio Distrital Leonardo Posada Pedraza,CRA 92 # 72 - 42 Sur,4.6275335700000255,-74.20148260999997
Presidencial 2022,07,LOCALIDAD 7 BOSA,EL RECUERDO SANTAFE,3991,2313,57.96,Colegio Distrital El Porvenir - Sede B,CLL 58 Sur # 104 A - 04 / CLL 58 Sur # 104 A - 50,4.6416999600000395,-74.19774783999998
Presidencial 2022,07,LOCALIDAD 7 BOSA,ESMERALDA ARBOLEDA,1084,628,57.93,Institución Educativa Distrital Esmeralda Arboleda Cadavid I.E.D.,CLL 71A Sur # 83B - 30,4.615916860000027,-74.19489799999997
Presidencial 2022,07,LOCALIDAD 7 BOSA,FE Y ALEGRIA SAN IGNACIO,8714,4670,53.59,Colegio Distrital Fe y Alegría San Ignacio,CLL 56 F Sur # 91 D - 14,4.633343230000037,-74.18978479999998
Presidencial 2022,07,LOCALIDAD 7 BOSA,FRANCISCO DE PAULA SANTANDER,1997,1119,56.03,Colegio Distrital Francisco de Paula Santander,CLL 61 Sur # 80 I - 40,4.610871700000075,-74.18477973999995
Presidencial 2022,07,LOCALIDAD 7 BOSA,GIMNASIO GARABATOS DE COLORES,197,91,46.19,Colegio Privado Garabatos de Colores,CLL 65 G Sur # 79 B - 20,4.605811540000047,-74.18643815999997
Presidencial 2022,07,LOCALIDAD 7 BOSA,GIMNASIO LOS SAUCES,3639,1956,53.75,Gimnasio Los Sauces,CRA 88 F Bis # 51 C - 01 Sur / CRA 88 I # 51C - 10 Sur,4.63100380000003,-74.18228624999995
Presidencial 2022,07,LOCALIDAD 7 BOSA,GIMNASIO REAL AMERICANO,3422,1862,54.41,Gimnasio Real Americano - Sede B,CLL 62 A Sur # 91 A - 35,4.629848510000045,-74.19528366999998
Presidencial 2022,07,LOCALIDAD 7 BOSA,HOLANDA,1850,931,50.32,Colegio Distrital Brasilia Bosa Sede B,CRA 87J # 55 - 06 Sur,4.62680000000006,-74.18559999999997
Presidencial 2022,07,LOCALIDAD 7 BOSA,INSTITUTO GUIMARC,1666,900,54.02,Instituto GUIMARC,CLL 71 C Sur # 77 M - 53,4.602298090000033,-74.19576440999998
Presidencial 2022,07,LOCALIDAD 7 BOSA,ISLANDIA,4507,2708,60.08,Colegio Distrital Alfonso Reyes EchandíaAlfonso Reyes Echandía,CRA 86 # 74 - 00 Sur,4.616162770000074,-74.20035772999995
Presidencial 2022,07,LOCALIDAD 7 BOSA,JARDIN INFANTIL OLARTE,2189,1192,54.45,Jardín Infantil Olarte – SDIS,CRA 71 D # 54 - 15 Sur,4.603148890000057,-74.16323478999993
Presidencial 2022,07,LOCALIDAD 7 BOSA,JIMENEZ DE QUESADA,3317,1631,49.17,Colegio Distrital Fernando Mazuera Villegas - Sede B,DIAG 66 Sur # 80 C - 20,4.606190850000075,-74.18843550999998
Presidencial 2022,07,LOCALIDAD 7 BOSA,JOSE ANTONIO GALAN,5462,2830,51.81,Colegio Distrital José Antonio Galán,CRA 78 J # 58 M - 10 Sur,4.606142610000063,-74.17896635999995
Presidencial 2022,07,LOCALIDAD 7 BOSA,JUAN MAXIMILIANO AMBROSIO,2041,1150,56.34,Colegio Distrital Orlando Higuita Rojas Sede B - Juan Maximiliano Ambrosio,CLL 57 Sur # 86 F - 30,4.622818270000039,-74.18473897999996
Presidencial 2022,07,LOCALIDAD 7 BOSA,JUMBO AUTOPISTA SUR,1022,548,53.62,Almacén Jumbo Autopista Sur,CLL 57R Sur # 72-20,4.5962080900000615,-74.16633852999996
Presidencial 2022,07,LOCALIDAD 7 BOSA,LA ACUARELA,1715,949,55.34,Colegio Distrital Luis Lopez de Mesa - Sede Nueva,CRA 77J # 65A - 38 Sur,4.598300000000052,-74.18179999999995
Presidencial 2022,07,LOCALIDAD 7 BOSA,LA AMISTAD,5426,2557,47.12,Colegio Distrital Luis López de Meza,CLL 65 H Sur # 78 A - 03 / CLL 65 H Sur # 78 A - 05,4.600597290000053,-74.18588291999998
Presidencial 2022,07,LOCALIDAD 7 BOSA,LA CONCEPCION,2557,1465,57.29,Colegio Distrital La Concepción Sede C ,CRA 87 C # 67 - 18 Sur,4.621691030000022,-74.19331433999997
Presidencial 2022,07,LOCALIDAD 7 BOSA,LA ESPERANZA,7038,4081,57.99,Colegio Distrital La Esperanza,CLL 77 A Sur # 86 - 40 / CLL 78 Sur # 79 - 40,4.609695980000026,-74.20536969999995
Presidencial 2022,07,LOCALIDAD 7 BOSA,LA ESTACION,6165,3153,51.14,La Estación,CRA 78 ENTRE CLL 60A Sur Y CLL 63 Sur,4.601317290000054,-74.18069716999997
Presidencial 2022,07,LOCALIDAD 7 BOSA,LA INDEPENDENCIA,2284,1301,56.96,Colegio Mixto Villa Carolina,CRA 87 C # 69 A - 80 Sur / CLL 69 B Sur # 87 B - 32,4.620748000000049,-74.19478499999997
Presidencial 2022,07,LOCALIDAD 7 BOSA,LA LIBERTAD,12513,6144,49.1,Colegio Distrital José Francisco Socarrás,CRA 88 C # 66 A - 03 Sur,4.625125380000043,-74.19449057999998
Presidencial 2022,07,LOCALIDAD 7 BOSA,LAURA HERRERA,1183,664,56.13,Institución Educativa Distrital Laura Herrera de Varela I.E.D.,CRA 89 B # 54 F 20 Sur- Bosa Brasil,4.631588130000068,-74.18737621999998
Presidencial 2022,07,LOCALIDAD 7 BOSA,LAURELES,6288,3531,56.15,Colegio Distrital Gran Colombiano - Sede B,CRA 80 K # 73 F - 29 Sur,4.609059010000067,-74.20015505999999
Presidencial 2022,07,LOCALIDAD 7 BOSA,LAURELES II,5294,3282,61.99,Colegio Distrital Gran Colombiano Sede A,CLL 73 F Sur # 80 N Bis - 49 / CLL 73 F Sur # 80 N - 41,4.610226670000031,-74.19991418999996
Presidencial 2022,07,LOCALIDAD 7 BOSA,LICEO CIUDAD CAPITAL,3036,1744,57.44,Liceo Ciudad Capital,CLL 65 Sur # 100 A - 51,4.637518250000028,-74.20114481999997
Presidencial 2022,07,LOCALIDAD 7 BOSA,LICEO LOPEZ OSORIO,1738,953,54.83,Colegio Privado Liceo Cultural López Osorio,CLL 71 Sur # 87N-15 /CLL 71 Sur # 87N - 21,4.622339260000047,-74.19814926999999
Presidencial 2022,07,LOCALIDAD 7 BOSA,LLANO ORIENTAL,3173,1826,57.55,Colegio Distrital Llano Oriental,CLL 73 B Sur # 78 A Bis - 15 / CLL 73 B Sur # 78 A - 15,4.603365070000052,-74.19999755999999
Presidencial 2022,07,LOCALIDAD 7 BOSA,MANUEL ELKIN PATARROYO,3167,1842,58.16,Liceo Manuel Elkin Patarroyo,CRA 81 A # 82 A - 18 Sur,4.613195070000074,-74.20602104999995
Presidencial 2022,07,LOCALIDAD 7 BOSA,MIGUEL ANGEL ASTURIAS,1552,816,52.58,Colegio Miguel Ángel Asturias,CRA 78 D # 59 A - 18 Sur,4.603579110000055,-74.18020678999994
Presidencial 2022,07,LOCALIDAD 7 BOSA,NARANJOS,4031,2394,59.39,Colegio Distrital Los Naranjos,CRA 80 M # 71 C - 31 Sur,4.609038000000055,-74.19487899999996
Presidencial 2022,07,LOCALIDAD 7 BOSA,NUEVA ESTACION,3069,1602,52.2,Nueva Estación,CLL 63 Sur # 78J - 10,4.605178690000059,-74.18230045999996
Presidencial 2022,07,LOCALIDAD 7 BOSA,NUEVA GRANADA BOSA,1048,592,56.49,,,,
Presidencial 2022,07,LOCALIDAD 7 BOSA,NUEVO CARLOS ALBAN,4160,2522,60.62,Colegio Distrital Gran Colombiano Sede D,CLL 72 A Sur # 80 J - 20 / CRA 80 J # 72 - 19 Sur,4.6081477400000495,-74.19669725999995
Presidencial 2022,07,LOCALIDAD 7 BOSA,NUEVO CHILE,6103,3069,50.29,Colegio Distrital Nuevo Chile,CLL 56 Sur # 72 G - 20,4.603305500000033,-74.16626319999995
Presidencial 2022,07,LOCALIDAD 7 BOSA,ORLANDO HIGUITA,7600,3446,45.34,Colegio Distrital Orlando Higuita Rojas,CLL 57 Sur # 87 H - 03 / CLL 57 Sur # 87 G - 35,4.625445100000036,-74.18696811999996
Presidencial 2022,07,LOCALIDAD 7 BOSA,PABLO DE TARSO,5184,3094,59.68,Colegio Distrital Pablo de Tarso - Sede A,CRA 78 J Bis # 65 J - 04 Sur / CLL 65 J Sur # 78 J - 21,4.603976960000068,-74.18698567999996
Presidencial 2022,07,LOCALIDAD 7 BOSA,PALESTINA,5006,2846,56.85,Colegio Distrital Porfilio Barba Jacob,CLL 70 A Sur # 81 G - 13,4.611871830000041,-74.19364579999996
Presidencial 2022,07,LOCALIDAD 7 BOSA,PARQUE AUTOPISTA SUR PAVCO,2359,1362,57.74,Parque IDRD,CRA 72 # 57 H - 94 Sur /CRA 72 # 57 H - 92 Sur,4.596569130000034,-74.16398013999998
Presidencial 2022,07,LOCALIDAD 7 BOSA,PARQUES DE BOGOTA,6658,3773,56.67,Colegio Distrital Parques De Bogotá,CLL 85 Sur # 94 - 55,4.626093820000051,-74.21173340999997
Presidencial 2022,07,LOCALIDAD 7 BOSA,PIAMONTE,8538,4316,50.55,Colegio Distrital Fernando Mazuera Villegas,CLL 68 A Sur # 80 H - 05,4.606868320000046,-74.19074859999995
Presidencial 2022,07,LOCALIDAD 7 BOSA,PORTAL DE BRASIL,1944,1121,57.66,Colegio Distrital German Arciniegas Sede A,CRA 88I # 54B - 44 Sur,4.6305000000000405,-74.18509999999998
Presidencial 2022,07,LOCALIDAD 7 BOSA,RECREO MICHELSEN,8299,5319,64.09,,,,
Presidencial 2022,07,LOCALIDAD 7 BOSA,RODRIGO DE BASTIDAS,514,293,57.0,Institución Educativa Distrital Nuevo Chile I.E.D. Sede B,CLL 56 A Sur # 72 A 54,4.6016548000000626,-74.16482197999994
Presidencial 2022,07,LOCALIDAD 7 BOSA,SAN BERNARDINO,4348,2561,58.9,Colegio Distrital San Bernardino,CRA 89 C # 79 - 51 Sur,4.623649620000037,-74.20614750999994
Presidencial 2022,07,LOCALIDAD 7 BOSA,SANTA FE DE BOSA,4110,2125,51.7,Colegio Distrital Villas del Progreso,CRA 102A # 56F - 34 Sur,4.64115361000006,-74.19523998999995
Presidencial 2022,07,LOCALIDAD 7 BOSA,SENDEROS DE PORVENIR PRIMERA INFANCIA,1935,1097,56.69,Institución Educativa Distrital Brasilia Bosa Sede D I.E.D.,CRA 98 # 54C-04 Sur,4.6390135400000645,-74.18989756999997
Presidencial 2022,07,LOCALIDAD 7 BOSA,SOLEDAD ACOSTA DE SAMPER,3513,1876,53.4,Colegio Distrital Soledad Acosta de Samper,CLL 50 Sur # 98 B - 70,4.643221320000066,-74.18609408999998
Presidencial 2022,07,LOCALIDAD 7 BOSA,SONIA OSORIO,1597,850,53.22,Institución Educativa Distrital Ciudadela El Recreo Sonia Osorio de Saint-Malo I.E.D. ,CRA 97 C # 65-02 Sur,4.633954650000021,-74.19915535999996
Presidencial 2022,07,LOCALIDAD 7 BOSA,SURBANA,1840,891,48.42,SuperCADE de Bosa,AV CLL 57 R Sur # 72 D - 12,4.597031590000029,-74.16766293999996
Presidencial 2022,07,LOCALIDAD 7 BOSA,VILLA DEL RIO,5867,2469,42.08,Salón Comunal Villa del Río,CLL 55 A # 66 - 50 Sur,4.602225420000025,-74.15738736999998
Presidencial 2022,07,LOCALIDAD 7 BOSA,VILLA DEL RIO II,4241,1851,43.65,Gimnasio Santa Rocio,CRA 68D # 54A - 31 Sur,4.602400000000046,-74.15999999999997
Presidencial 2022,07,LOCALIDAD 7 BOSA,VILLAS DEL PROGRESO,2005,1281,63.89,Colegio Distrital Villas del Progreso,CRA 89 Bis A # 72 A - 13 Sur,4.625149430000022,-74.20077282999995
Presidencial 2022,07,LOCALIDAD 7 BOSA,VILLAS DEL PROGRESO PRIMERA INFANCIA,1112,619,55.67,Colegio I.E.D. Villas del Progreso Sede Primera Infancia ,CLL 55 Sur # 103-96,4.643609050000066,-74.19398735999994
Presidencial 2022,08,LOCALIDAD  8 KENNEDY,ALOHA,1490,453,30.4,Salón Comunal Aloha,CLL 7 A Bis # 71 A - 20,4.632901240000024,-74.13324789999996
Presidencial 2022,08,LOCALIDAD  8 KENNEDY,BOITA,4515,1972,43.68,Salón Comunal Boita 1 Sector,CLL 48 B # 72 K - 13 Sur,4.602362910000068,-74.15258212999998
Presidencial 2022,08,LOCALIDAD  8 KENNEDY,BRITALIA,7397,3530,47.72,Colegio Distrital Gran Britalia - Sede B,CLL 47 A Sur # 82 - 99,4.625309590000029,-74.17301132999995
Presidencial 2022,08,LOCALIDAD  8 KENNEDY,CARLOS ARANGO VELEZ SEDE A,2215,990,44.7,Colegio Distrital Carlos Arango Vélez Sede A,TRV 68 G # 35 A - 42 Sur,4.607800370000064,-74.13534320999997
Presidencial 2022,08,LOCALIDAD  8 KENNEDY,CARLOS ARTURO TORRES,6031,2554,42.35,Colegio Distrital República de Finlandia,TRV 72 B # 44 C - 19 Sur,4.599650130000043,-74.14635851999998
Presidencial 2022,08,LOCALIDAD  8 KENNEDY,CARVAJAL II SEDE ANTONIA SANTOS I,2833,942,33.25,,,,
Presidencial 2022,08,LOCALIDAD  8 KENNEDY,CASABLANCA 32,7114,2981,41.9,Salón Comunal Casablanca 32,CRA 79 F # 46 - 16 Sur,4.618398020000029,-74.16793259999997
Presidencial 2022,08,LOCALIDAD  8 KENNEDY,CASABLANCA 33,1352,617,45.64,Salón Comunal Casablanca 33,CRA 79 B # 46 - 70 Sur / CRA 79B # 46 - 16 S,4.618040080000071,-74.16714106999996
Presidencial 2022,08,LOCALIDAD  8 KENNEDY,CASABLANCA I,768,364,47.4,Salón Comunal Casablanca,CRA 79B # 50 - 00 / CRA 79B # 50 - 51 Sur,4.616031450000037,-74.16994460999996
Presidencial 2022,08,LOCALIDAD  8 KENNEDY,CATALINA,5718,2683,46.92,Colegio Distrital Las Américas - Sede B (San Rafaél),CLL 52 A Sur # 77 W - 05,4.610011170000064,-74.16898937999997
Presidencial 2022,08,LOCALIDAD  8 KENNEDY,CC PLAZA DE LAS AMERICAS,4735,2084,44.01,Centro Comercial Plaza de Las Américas,CRA 71 D # 6 - 94 Sur,4.618442610000045,-74.13720238999997
Presidencial 2022,08,LOCALIDAD  8 KENNEDY,CENTRO COMERCIAL CIUDAD TINTAL,2738,1125,41.09,Centro Comercial Ciudad Tintal,CRA 94 # 6 C - 30 /CRA 93 # 6 B - 50,4.652774050000062,-74.15974955999997
Presidencial 2022,08,LOCALIDAD  8 KENNEDY,CENTRO COMERCIAL EL EDEN,13088,4167,31.84,Centro Comercial El Edén,CRA 72 # 12 B - 48,4.646525630000042,-74.12914780999995
Presidencial 2022,08,LOCALIDAD  8 KENNEDY,CENTRO COMERCIAL TINTAL PLAZA,12693,6782,53.43,Centro Comercial Tintal Plaza,AV CRA 86 # 6 - 37 /AV Ciudad Cali con Américas,4.6417692200000715,-74.15541177999995
Presidencial 2022,08,LOCALIDAD  8 KENNEDY,CENTRO DE DESARROLLO COMUNITARIO KENNEDY,4313,2055,47.65,,,,
Presidencial 2022,08,LOCALIDAD  8 KENNEDY,COL DE TIMIZA,6966,2708,38.87,Col de Timiza,CRA 74 # 42 G - 52 Sur,4.609839340000065,-74.15855085999993
Presidencial 2022,08,LOCALIDAD  8 KENNEDY,COL.  DISTRITAL JAIRO ANIBAL NIÑO,10035,4803,47.86,,,,
Presidencial 2022,08,LOCALIDAD  8 KENNEDY,COL. CLASS IED SEDE C,10878,4955,45.55,,,,
Presidencial 2022,08,LOCALIDAD  8 KENNEDY,COL. DIS. CAFAM BELLAVISTA,7945,4170,52.49,,,,
Presidencial 2022,08,LOCALIDAD  8 KENNEDY,COL. DIS. EDUARDO UMAÑA LUNA,7856,3892,49.54,Colegio Distrital Eduardo Umaña Luna,CRA 93 A # 42 A - 37 Sur,4.641742780000072,-74.17467596999995
Presidencial 2022,08,LOCALIDAD  8 KENNEDY,COL. DIS. HERNANDO DURÁN DUSSAN,7121,3426,48.11,Colegio Distrital Hernando Durán Dussan,CLL 42 F Sur # 88 A - 25,4.634596460000068,-74.17220865999997
Presidencial 2022,08,LOCALIDAD  8 KENNEDY,COL. DIS. RODRIGO DE TRIANA - SEDE B,4165,1859,44.63,Colegio Distrital Rodrigo de Triana - Sede B,CRA 90 A # 39 - 12 Sur,4.640645230000075,-74.16940800999998
Presidencial 2022,08,LOCALIDAD  8 KENNEDY,COL. DIST SALUDCOOP SUR,6880,3516,51.1,,,,
Presidencial 2022,08,LOCALIDAD  8 KENNEDY,COL. DISTRITAL VILLA RICA - SEDE B,4316,2369,54.89,,,,
Presidencial 2022,08,LOCALIDAD  8 KENNEDY,COL. GABRIEL BETANCOURT MEJIA,10071,3847,38.2,Colegio Distrital Gabriel Betancourt Mejía,CRA 87 A # 6 A - 23 / CRA 88 # 6 A - 28,4.644541440000069,-74.15653033999996
Presidencial 2022,08,LOCALIDAD  8 KENNEDY,COL. GUSTAVO ROJAS PINILLA SEDE B,428,168,39.25,,,,
Presidencial 2022,08,LOCALIDAD  8 KENNEDY,COL. TERESA MARTINEZ DE VARELA,3345,1482,44.3,,,,
Presidencial 2022,08,LOCALIDAD  8 KENNEDY,COLEGIO ALFONSO LOPEZ PUMAREJO,8211,3624,44.14,Colegio Distrital Alfonso López,CRA 72 G # 39 - 99 Sur / CLL 39 B Sur # 72 G - 62,4.608288410000057,-74.14384350999995
Presidencial 2022,08,LOCALIDAD  8 KENNEDY,COLEGIO ALQUERIA,5196,2224,42.8,Colegio Distrital Alquería,CLL 37 B Sur # 68 D - 93,4.604935280000063,-74.13617278999999
Presidencial 2022,08,LOCALIDAD  8 KENNEDY,COLEGIO C.E.L.C.O. SAN LUCAS,3487,1251,35.88,Colegio Privado C.E.L.C.O. San Lucas,CLL 35 A Sur # 78 I - 21/CRA 78 F # 35 C - 63 Sur ,4.62514187000005,-74.15123481999996
Presidencial 2022,08,LOCALIDAD  8 KENNEDY,COLEGIO CIUDAD DE FOMEQUE,955,510,53.4,Colegio Privado Ciudad de Fómeque,CRA 93 B # 42 F -16 Sur /CRA 93 42F - 16 S,4.640719490000038,-74.17544943999997
Presidencial 2022,08,LOCALIDAD  8 KENNEDY,COLEGIO CLASS I D E SEDE B ROMA,5489,3008,54.8,,,,
Presidencial 2022,08,LOCALIDAD  8 KENNEDY,COLEGIO COOPERATIVO TIMIZA,2277,1060,46.55,Colegio Privado Cooperativo de Timiza,CRA 72 M # 40 F - 18 Sur,4.608652930000062,-74.15073440999998
Presidencial 2022,08,LOCALIDAD  8 KENNEDY,COLEGIO DARIO ECHANDIA,7055,3809,53.99,Colegio Distrital Darío Echandía,CLL 5 A Sur # 88 B - 08,4.642173000000071,-74.16169599999995
Presidencial 2022,08,LOCALIDAD  8 KENNEDY,COLEGIO DEBORA ARANGO,3186,1740,54.61,Colegio Distrital Debora Arango Pérez,CRA 84 A # 57 B - 04 Sur / CRA 84 A # 57 B - 22 Sur,4.61796959000003,-74.18313505999998
Presidencial 2022,08,LOCALIDAD  8 KENNEDY,COLEGIO DIST. CODEMA,7941,4313,54.31,,,,
Presidencial 2022,08,LOCALIDAD  8 KENNEDY,COLEGIO DISTRITAL CLASS SEDE A,5962,3196,53.61,,,,
Presidencial 2022,08,LOCALIDAD  8 KENNEDY,COLEGIO DISTRITAL JACKELINE,1284,684,53.27,Colegio Distrital Jackeline Sede B,CRA 77 Q # 45 A - 21 Sur,4.608990300000073,-74.16273181999998
Presidencial 2022,08,LOCALIDAD  8 KENNEDY,COLEGIO DISTRITAL MANUEL ZAPATA OLIVELLA,11820,6025,50.97,Colegio Distrital Manuel Zapata Olivella,CLL 1 Bis Sur # 87 - 84,4.640644360000067,-74.15996041999995
Presidencial 2022,08,LOCALIDAD  8 KENNEDY,COLEGIO DISTRITAL SAN JOSE IED SEDE A,4756,2075,43.63,,,,
Presidencial 2022,08,LOCALIDAD  8 KENNEDY,COLEGIO DISTRITAL VILLA RICA - SEDE A,5031,2461,48.92,Colegio Distrital Villa Rica - Sede A,CRA 77 K Bis A # 50 - 26 Sur,4.605662530000075,-74.16713611999995
Presidencial 2022,08,LOCALIDAD  8 KENNEDY,COLEGIO EL FERROL LA PAZ IED,2808,849,30.24,Colegio El Ferrol La Paz IED,CRA 69 # 9C -30 / CRA 69 # 9C - 60 / CRA 69 # 9C - 52,4.6348043100000496,-74.12634345999999
Presidencial 2022,08,LOCALIDAD  8 KENNEDY,COLEGIO EMMA REYES IED,3332,1330,39.92,Colegio Distrital Ciudad de Techo,CRA 80 B # 6 - 71,4.636721890000047,-74.15085021999994
Presidencial 2022,08,LOCALIDAD  8 KENNEDY,COLEGIO ERNESTO GUHL,839,418,49.82,Colegio Privado Ernesto Guhl,CLL 42 G Sur # 87 G - 16,4.633208070000023,-74.17243266999998
Presidencial 2022,08,LOCALIDAD  8 KENNEDY,COLEGIO FE Y ALEGRIA,6138,2256,36.75,Colegio Fe y Alegría,TRV 78 C # 6 D - 49,4.635106000000064,-74.14605599999999
Presidencial 2022,08,LOCALIDAD  8 KENNEDY,COLEGIO FELIZA BURSZTYN IED,3611,1250,34.62,Colegio Feliza Bursztyn,CLL 1 # 69 A - 07,4.6218480700000555,-74.12948387999995
Presidencial 2022,08,LOCALIDAD  8 KENNEDY,COLEGIO GUSTAVO ROJAS PINILLA,8012,3023,37.73,Colegio Distrital Gustavo Rojas Pinilla,CLL 11 B # 80 B - 61 / CLL 11 B # 80 C - 10,4.6485090800000535,-74.14064982999997
Presidencial 2022,08,LOCALIDAD  8 KENNEDY,COLEGIO INTEGRACION MODERNA,1422,441,31.01,Colegio Privado de Integración Moderna,CLL 4 # 71 A - 41,4.626742130000025,-74.13479141999994
Presidencial 2022,08,LOCALIDAD  8 KENNEDY,COLEGIO JAIME GARZON,10231,5321,52.01,Colegio Distrital Jaime Garzón,TRV 85 A # 49 - 45 Sur,4.625827940000022,-74.17558464999996
Presidencial 2022,08,LOCALIDAD  8 KENNEDY,COLEGIO JEAN PIAGET,1835,631,34.39,Colegio Privado Jean Piaget,CLL 2B # 70 - 22,4.62459608000006,-74.13168347999994
Presidencial 2022,08,LOCALIDAD  8 KENNEDY,COLEGIO LA AMISTAD,7338,3261,44.44,Colegio Distrital La Amistad,CRA 78 # 35 - 30 Sur,4.623422550000043,-74.14812764999994
Presidencial 2022,08,LOCALIDAD  8 KENNEDY,COLEGIO LUZ Y VIDA,1892,877,46.35,Gimnasio Cristiano Luz y Vida Sede C,CLL 1 Sur  # 86 - 15,4.63869569000002,-74.15926271999996
Presidencial 2022,08,LOCALIDAD  8 KENNEDY,COLEGIO NELSON MANDELA,6108,3141,51.42,Colegio Disitrital Nelson Mandela,CRA 91 # 43 - 98 Sur / CRA 90 A # 46 - 50 Sur,4.635853710000049,-74.17790967999997
Presidencial 2022,08,LOCALIDAD  8 KENNEDY,COLEGIO NUEVA CASTILLA,9100,3079,33.84,Colegio Distrital Nueva Castilla,CRA 78 C # 8 A - 43,4.640465580000068,-74.14191583999997
Presidencial 2022,08,LOCALIDAD  8 KENNEDY,COLEGIO OEA,4589,1882,41.01,Colegio Distrital OEA,CRA 72 L # 34 - 19 Sur,4.618158630000039,-74.14145867999997
Presidencial 2022,08,LOCALIDAD  8 KENNEDY,COLEGIO OEA ANTONIA SANTOS,742,330,44.47,Colegio OEA Sede  Antonia Santos,CRA 69 # 39 - 27  Sur / CRA 69 Bis # 39 - 30 Sur,4.609080690000042,-74.14082054999994
Presidencial 2022,08,LOCALIDAD  8 KENNEDY,COLEGIO PAULO VI SEDE A,1837,907,49.37,Colegio Distrital Paulo VI Sede A,CRA 78 N # 41 - 17/ 21 Sur / CRA 78 P # 41 - 20 Sur,4.62088803000006,-74.15802882999998
Presidencial 2022,08,LOCALIDAD  8 KENNEDY,COLEGIO RODRIGO DE TRIANA,10087,5478,54.31,,,,
Presidencial 2022,08,LOCALIDAD  8 KENNEDY,COLEGIO SAN PEDRO CLAVER SEDE A,3097,1628,52.57,Colegio Distrital San Pedro Claver Sede A,CRA 79C # 41B - 51 Sur,4.622000000000071,-74.16109999999998
Presidencial 2022,08,LOCALIDAD  8 KENNEDY,COLEGIO SAN PEDRO CLAVER SEDE B,2087,1057,50.65,Colegio Distrital San Pedro Claver Sede B,CLL 42 G Sur # 87 - 06,4.631496880000043,-74.17139979999996
Presidencial 2022,08,LOCALIDAD  8 KENNEDY,COLEGIO SAN RAFAEL SEDE A,1057,535,50.61,Colegio Distrital San Rafael Sede A,TRV 78 I # 42 B - 81 Sur / CRA 78 L # 42 B - 84 Sur,4.617571590000068,-74.16240130999995
Presidencial 2022,08,LOCALIDAD  8 KENNEDY,COLEGIO TOM ADAMS,4732,2015,42.58,Colegio Distrital Tom Adams,CLL 40 J Sur # 78 - 08,4.6182880500000465,-74.15564539999997
Presidencial 2022,08,LOCALIDAD  8 KENNEDY,EL JAPON,6961,3196,45.91,Colegio Distrital El Japón,CRA 78 G # 38 C - 11 Sur,4.621697550000022,-74.15351730999998
Presidencial 2022,08,LOCALIDAD  8 KENNEDY,EL SAUCEDAL,2741,1011,36.88,Colegio Distrital La Amistad - Sede B,CRA 83 # 38 B - 12 Sur,4.633038830000032,-74.16282556999994
Presidencial 2022,08,LOCALIDAD  8 KENNEDY,ESC.TECNOLOGICA INST. TECNICO CENTRAL,5783,2496,43.16,Escuela Tecnológica Instituto Técnico Central,CLL 6 C # 94 A - 25,4.653949640000064,-74.16140759999996
Presidencial 2022,08,LOCALIDAD  8 KENNEDY,FERNANDO SOTO APARICIO,903,412,45.63,Colegio Fernando Soto Aparicio – Nuevo Kennedy,TRV 73 A Bis B # 36 - 47 Sur,4.618814040000075,-74.14748936999996
Presidencial 2022,08,LOCALIDAD  8 KENNEDY,FERNANDO SOTO APARICIO SEDE B,1688,843,49.94,Colegio Fernando Soto Aparicio Sede B,CRA 80 A # 51 B - 29 Sur,4.617238000000043,-74.17262599999998
Presidencial 2022,08,LOCALIDAD  8 KENNEDY,FLORALIA,3769,1339,35.53,Salón Comunal Floralia,TRV 68 C # 31 - 26 Sur,4.608704880000062,-74.13231108999997
Presidencial 2022,08,LOCALIDAD  8 KENNEDY,FLORESTA SUR SEDE B,1802,799,44.34,Colegio Distrital La Floresta Sur Sede B,CLL 2 # 68 B - 08 Sur / CLL 2 # 68 B - 82 Sur,4.62047855000003,-74.12772212999994
Presidencial 2022,08,LOCALIDAD  8 KENNEDY,FRANCISCO JOSE DE CALDAS - INEM SEDE B,4784,1885,39.4,Colegio Distrital INEM Francisco de Paula Santander -Sede B,CLL 35 C Sur # 78 N - 10,4.626545720000024,-74.15317527999997
Presidencial 2022,08,LOCALIDAD  8 KENNEDY,FRANCISCO MIRANDA,8064,3583,44.43,Colegio Distrital Francisco Miranda,DIAG 41 Sur # 73 A - 80,4.6125888600000735,-74.15445625999996
Presidencial 2022,08,LOCALIDAD  8 KENNEDY,GEMA,776,424,54.64,Salón Comunal El Ruby II Sector,CLL 58 B Sur # 78 K - 21 /CLL 58 C Sur # 78 K - 21,4.607525830000043,-74.17686551999998
Presidencial 2022,08,LOCALIDAD  8 KENNEDY,GIMNASIO MODERNO CASTILLA,1183,395,33.39,Colegio Gimnasio Moderno Castilla,AV CLL 8 # 78C - 04,4.638837000000024,-74.14266833999994
Presidencial 2022,08,LOCALIDAD  8 KENNEDY,IED COLEGIO SAN JOSE SEDE B,466,205,43.99,Colegio San Jose - Sede B,CRA 78 N Bis # 45 - 60 Sur,4.616517760000022,-74.16573838999994
Presidencial 2022,08,LOCALIDAD  8 KENNEDY,INEM FRANCISCO DE PAULA SANTANDER SEDE A,7129,3856,54.09,Colegio Distrital INEM Francisco de Paula Santander,CLL 38 C Sur # 79 - 08,4.624982830000022,-74.15550350999996
Presidencial 2022,08,LOCALIDAD  8 KENNEDY,ISABEL II,1841,863,46.88,Colegio Isabel II,DIAG 2 D # 79 C - 83,4.6335696800000505,-74.15294974999995
Presidencial 2022,08,LOCALIDAD  8 KENNEDY,JOHN F. KENNEDY,4859,2240,46.1,Colegio Distrital Jhon F. Kennedy,CRA 74 B # 38 A - 35 Sur,4.619573280000054,-74.15025403999994
Presidencial 2022,08,LOCALIDAD  8 KENNEDY,LA CHUCUA,7608,3328,43.74,Colegio Distrital La Chucua,CRA 72 I # 42 F - 54 Sur,4.6036399400000505,-74.14854788999997
Presidencial 2022,08,LOCALIDAD  8 KENNEDY,LA FLORESTA SUR,5607,2260,40.31,Colegio Distrital La Floresta Sur - Sede 1,CRA 68 B Bis # 1 - 09 Sur,4.620795860000044,-74.12744373999993
Presidencial 2022,08,LOCALIDAD  8 KENNEDY,LAS AMERICAS SEDE A,5437,2225,40.92,Colegio Distrital Las Américas - Sede A,CRA 73 C Bis # 38 C - 84 Sur / CLL 38C Sur # 73A - 93,4.616765260000022,-74.15062749999998
Presidencial 2022,08,LOCALIDAD  8 KENNEDY,LICEO CARMELITAS,630,295,46.83,Liceo Carmelitas,CRA 77 K # 57 D - 23 Sur,4.606241280000063,-74.17329447999998
Presidencial 2022,08,LOCALIDAD  8 KENNEDY,LICEO EL CASTILLO,2363,791,33.47,Colegio Privado El Castillo,CRA 82 Bis # 7 D - 12,4.643894620000026,-74.14992682999997
Presidencial 2022,08,LOCALIDAD  8 KENNEDY,LICEO REYNEL,473,189,39.96,Liceo Reynel,CLL 39 Sur # 68 F - 15,4.602634000000023,-74.13856753999994
Presidencial 2022,08,LOCALIDAD  8 KENNEDY,LICEO SAMARIO,1218,497,40.8,Liceo Samario,CRA 74 # 42C - 80 Sur,4.610583090000034,-74.15777123999999
Presidencial 2022,08,LOCALIDAD  8 KENNEDY,LORETO DE CASTILLA,2263,756,33.41,Instituto Comercial Loreto de Castilla,CLL 8 # 78 C - 60,4.639170750000062,-74.14319126999999
Presidencial 2022,08,LOCALIDAD  8 KENNEDY,LOS HEROES,2750,996,36.22,Colegio Distrital Los Héroes,CLL 35 B Sur # 73 A - 40 Int 1,4.620540830000039,-74.14522563999998
Presidencial 2022,08,LOCALIDAD  8 KENNEDY,LOS PERIODISTAS,4348,2176,50.05,Colegio Distrital Los Periodistas,CLL 41 C Sur # 78 H - 85,4.617388220000066,-74.15832380999996
Presidencial 2022,08,LOCALIDAD  8 KENNEDY,MANDALAY - COLEGIO KENNEDY,7200,2356,32.72,Colegio Distrital Kennedy,CLL 5 Sur # 72 A - 69,4.620267630000058,-74.14082627999994
Presidencial 2022,08,LOCALIDAD  8 KENNEDY,MANUEL CEPEDA,4898,2622,53.53,Colegio Distrital Manuel Cepeda Vargas,CLL 56 Sur # 81 - 26,4.616530010000076,-74.17766229999995
Presidencial 2022,08,LOCALIDAD  8 KENNEDY,MARIA PAZ,3564,1627,45.65,Salón Comunal María Paz,CLL 5 A Sur # 82 - 63 / CLL 5 A Sur # 82 - 01,4.6368686800000205,-74.15796743999994
Presidencial 2022,08,LOCALIDAD  8 KENNEDY,MARSELLA,5735,1931,33.67,Colegio Distrital Marsella,CRA 69 # 7 - 90,4.632151290000024,-74.12731736999996
Presidencial 2022,08,LOCALIDAD  8 KENNEDY,METRO ALQUERIA,1697,786,46.32,Almacén Metro Alquería,AV CRA 68 # 38 - 87 Sur / CRA 68 # 38A - 15,4.602679980000062,-74.13464627999997
Presidencial 2022,08,LOCALIDAD  8 KENNEDY,MILENIO PLAZA,3729,1756,47.09,Centro Comercial Milenio Plaza,AV Ciudad de Cali # 42 B - 51 Sur / AV CRA 86 # 42 B - 51 Sur,4.630349090000038,-74.16878477999995
Presidencial 2022,08,LOCALIDAD  8 KENNEDY,NICOLAS ESGUERRA,501,177,35.33,Colegio Nicolás Esguerra,CLL 9 C # 68 - 52,4.632326110000065,-74.12260322999998
Presidencial 2022,08,LOCALIDAD  8 KENNEDY,"PARQUE ""URBANIZACION EL PARQUE""",763,320,41.94,,,,
Presidencial 2022,08,LOCALIDAD  8 KENNEDY,PIO XII - SEDE COLEGIO ISABEL II,3747,1439,38.4,Colegio Distrital Isabel II -  Sede B,CRA 79 F # 6 B - 30 / CRA 79 F # 6 B - 34,4.635361170000067,-74.15182267999995
Presidencial 2022,08,LOCALIDAD  8 KENNEDY,POLIDEPORTIVO CASTILLA,4936,1789,36.24,Polideportivo Castilla,CLL 8 B Bis # 73 B - 1 / CRA 75 8 A - 31,4.639782510000032,-74.13941410999996
Presidencial 2022,08,LOCALIDAD  8 KENNEDY,POLIDEPORTIVO CAYETANO CAÑIZARES,4793,2149,44.84,Polideportivo Cayetano Cañizares,CRA 80 # 39 A - 55 Sur,4.6256278700000735,-74.16032958999995
Presidencial 2022,08,LOCALIDAD  8 KENNEDY,PROSPERO PINZON,6395,2751,43.02,Colegio Próspero Pinzón,CLL 35 C Sur #78 F - 81,4.624321240000029,-74.15109253999998
Presidencial 2022,08,LOCALIDAD  8 KENNEDY,SAGRADO CORAZON,685,350,51.09,Colegio Sagrado Corazón Sede Principal,CLL 54 Sur # 81 H - 15,4.620347680000066,-74.17712049999994
Presidencial 2022,08,LOCALIDAD  8 KENNEDY,SALON COMUNAL ANDALUCIA II SECTOR,1341,577,43.03,Salón Comunal Andalucia II Sector,CLL 14 A # 81 - 38,4.653618250000022,-74.13694453999994
Presidencial 2022,08,LOCALIDAD  8 KENNEDY,SALON COMUNAL BOITA II SECTOR,1326,608,45.85,Salón Comunal Boita II Sector,CRA 72 R Bis # 48 - 11 Sur,4.604087420000042,-74.15639226999997
Presidencial 2022,08,LOCALIDAD  8 KENNEDY,SALON COMUNAL CARVAJAL II SECTOR,468,190,40.6,Salón Comunal Carvajal II Sector,CRA 70 B # 24 A 40 Sur,4.616023250000069,-74.13591235999996
Presidencial 2022,08,LOCALIDAD  8 KENNEDY,SALON COMUNAL CARVAJAL OSORIO,1234,602,48.78,Salón Comunal Carvajal Osorio,CRA 68 L  #37 D - 38 Sur /CRA 68 I # 37 D - 02 Sur / CLL 38 Sur # 68 J - 50,4.6069290000000365,-74.13835799999998
Presidencial 2022,08,LOCALIDAD  8 KENNEDY,SALON COMUNAL LAS AMERICAS,1225,432,35.27,Salón Comunal Las Américas,CLL 3 A # 69 B - 19,4.625397960000043,-74.12952596999997
Presidencial 2022,08,LOCALIDAD  8 KENNEDY,SALON COMUNAL MARSELLA,3195,1138,35.62,Salón Comunal Marsella,CRA 69 # 8 - 28,4.632976380000059,-74.12702547999999
Presidencial 2022,08,LOCALIDAD  8 KENNEDY,SALON COMUNAL MONTERREY,2175,891,40.97,Salón Comunal Monterrey,CLL 8 Bis # 81 - 40 ,4.643097500000067,-74.14783571999999
Presidencial 2022,08,LOCALIDAD  8 KENNEDY,SALON COMUNAL NUEVAS DELICIAS,308,150,48.7,Salón Comunal Nuevas Delicias,CLL 44 F Sur # 72 B - 36,4.599512150000066,-74.14703321999997
Presidencial 2022,08,LOCALIDAD  8 KENNEDY,SALON COMUNAL ROMA IV,2928,1510,51.57,Salón Comunal Roma IV Segundo Sector,CRA 78 J # 54 - 16 Sur,4.611307110000041,-74.17060251999999
Presidencial 2022,08,LOCALIDAD  8 KENNEDY,SALON COMUNAL SANTA CATALINA,622,287,46.14,Salón Comunal Santa Catalina,CRA 72 Q Bis #43 - 06 Sur /CLL 43 Sur # 72Q - 45,4.606108600000027,-74.15486890999995
Presidencial 2022,08,LOCALIDAD  8 KENNEDY,SALON COMUNAL VALENCIA Y BOMBAY,240,115,47.92,Salón Comunal Valencia y Bombay,CRA 72G # 39C Sur - 02 / CRA 72G # 39C - 20 Sur,4.606372570000076,-74.14430067999996
Presidencial 2022,08,LOCALIDAD  8 KENNEDY,SALON COMUNAL VILLA ALSACIA,1392,440,31.61,Salón Comunal Villa Alsacia,CLL 11 A # 72 D - 20,4.64346598000003,-74.13615890999995
Presidencial 2022,08,LOCALIDAD  8 KENNEDY,SALON COMUNAL VILLA CLAUDIA,709,243,34.27,Salón Comunal Villa Claudia,CLL 9 A Sur # 68 F - 23,4.617274000000066,-74.12914228999995
Presidencial 2022,08,LOCALIDAD  8 KENNEDY,SALON INSTMAR - INSTITUTO MARSELLA,1235,478,38.7,Salón INSTMAR - Instituto Marsella,CRA 70 # 6 C - 50,4.631545560000063,-74.13063681999995
Presidencial 2022,08,LOCALIDAD  8 KENNEDY,SALÓN COMUNAL ALMENAR,3184,1375,43.18,Salón Comunal,CRA 80 D # 48 A - 17 Sur,4.619730320000031,-74.17039947999996
Presidencial 2022,08,LOCALIDAD  8 KENNEDY,SAN FRANCISCO EN EL TINTAL,5175,2049,39.59,Colegio Gimnasio Moderno San Francisco El Tintal,CLL 6 D # 90 - 51,4.649993000000052,-74.15820999999994
Presidencial 2022,08,LOCALIDAD  8 KENNEDY,SAN JOSE DE CASTILLA SEDE A,5744,1934,33.67,Colegio Distrital San José de Castilla - Sede A,CLL 7 C # 78 F - 20 /CRA 78 F # 7 D - 03,4.638309000000049,-74.14383999999995
Presidencial 2022,08,LOCALIDAD  8 KENNEDY,SANTA MARIA DE KENNEDY,4509,1949,43.22,Salón Comunal Urbanización Villa Andrea,CLL 51 C Sur # 82 A - 09,4.622501830000033,-74.17647343999994
Presidencial 2022,08,LOCALIDAD  8 KENNEDY,SUPERIOR AMERICANO,8011,2380,29.71,Colegio Superior Americano,CRA 71 C # 3 A - 41,4.626186380000036,-74.13590567999995
Presidencial 2022,08,LOCALIDAD  8 KENNEDY,UNIVERSIDAD UNIAGUSTINIANA,6156,2486,40.38,Universidad Uniagustiniana,AV Ciudad de Cali # 11 B - 95  /CLL 11 A # 86 - 66 ,4.653395060000037,-74.14514653999998
Presidencial 2022,08,LOCALIDAD  8 KENNEDY,VILLA ADRIANA,2607,826,31.68,Salón Comunal Villa Adriana,CLL 20 Sur # 68 D - 36,4.612923950000038,-74.12908470999997
Presidencial 2022,08,LOCALIDAD  8 KENNEDY,VILLANUEVA,2933,1301,44.36,Colegio Distrital Alfonso López Pumarejo - Sede B,CLL 40 B Sur # 57 - 26 / CRA 68I # 39D - 04 Sur,4.603200020000031,-74.14097587999998
Presidencial 2022,08,LOCALIDAD  8 KENNEDY,VISION DE COLOMBIA,7759,3118,40.19,Colegio Distrital San José de Castilla - Sede C,CRA 79 C # 13 A - 40,4.65068339000004,-74.13528233999995
Presidencial 2022,09,LOCALIDAD 9 FONTIBON,ACUNAR,3208,1379,42.99,Jardín Infantil ACUNAR Sabana Grande,CRA 104 # 13 D - 35 / CRA 106 # 15 A - 32,4.668003800000065,-74.15744062999994
Presidencial 2022,09,LOCALIDAD 9 FONTIBON,AGUSTINIANO SALITRE,6889,1832,26.59,,,,
Presidencial 2022,09,LOCALIDAD 9 FONTIBON,ATAHUALPA,6242,3439,55.09,Colegio Distrital Atahualpa,AV CRA 116 # 22I - 56,4.688300000000027,-74.14829999999995
Presidencial 2022,09,LOCALIDAD 9 FONTIBON,BATAVIA,3066,1377,44.91,Concentración Escolar Batavia,CRA 114 # 17 C - 07,4.6826835800000595,-74.15300323999998
Presidencial 2022,09,LOCALIDAD 9 FONTIBON,BELEN,8816,3776,42.83,Colegio Integrado de Fontibón,CRA 106 # 18 - 77,4.678433950000056,-74.14731024999998
Presidencial 2022,09,LOCALIDAD 9 FONTIBON,CACIQUE HYNTIBA,1747,799,45.74,Casa de La Cultura de Fontibón Cacique Hyntiba,CLL 17A # 99 - 53,4.672996710000064,-74.14514481999998
Presidencial 2022,09,LOCALIDAD 9 FONTIBON,CANCHA MULTIPLE FLORENCIA,1661,928,55.87,,,,
Presidencial 2022,09,LOCALIDAD 9 FONTIBON,CASA PENSAMIENTO INTERCULTURAL,1719,737,42.87,Casa de Pensamiento Intercultural,DIAG 15 D # 98 - 40,4.666352900000049,-74.15174359999997
Presidencial 2022,09,LOCALIDAD 9 FONTIBON,CENTRO A,4609,1908,41.4,Colegio Distrital Rodrigo Arenas Betancourt,CRA 97 # 16 J - 15,4.670627620000062,-74.14464347999996
Presidencial 2022,09,LOCALIDAD 9 FONTIBON,COLEGIO LUIS ANGEL ARANGO,1951,961,49.26,Colegio Distrital Luis Ángel Arango,CLL 23 G # 103 - 60 /CRA 103 # 23 G - 01,4.681852690000028,-74.13755124999994
Presidencial 2022,09,LOCALIDAD 9 FONTIBON,COLEGIO SAN GABRIEL MODELIA,2712,772,28.47,Colegio San Gabriel Modelia,CLL 22F # 85 -05 /CLL 22F # 85 - 09,4.667234860000065,-74.12752523999995
Presidencial 2022,09,LOCALIDAD 9 FONTIBON,EL CHARCO,744,398,53.49,Colegio Distrital Antonio Van Üden Sede B,CLL 17 F # 128 - 45,4.692487530000051,-74.16143793999998
Presidencial 2022,09,LOCALIDAD 9 FONTIBON,EL JARDIN,549,222,40.44,Salón Comunal San José - El Jardín,CRA 100 # 24 D - 65,4.683248640000045,-74.13252331999996
Presidencial 2022,09,LOCALIDAD 9 FONTIBON,FERROCAJA,887,362,40.81,Vía Pública Colegio Distrital Villemar El Carmen Sede C,CRA 97 # 22 G - 15,4.676020200000039,-74.13840758999999
Presidencial 2022,09,LOCALIDAD 9 FONTIBON,FONTIBON,11837,4029,34.04,Colegio Parroquial San Pedro Claver,CRA 99 CLL 17 A Esquina / CRA 99 # 17A - 62,4.672635170000035,-74.14450537999994
Presidencial 2022,09,LOCALIDAD 9 FONTIBON,GIMNASIO FIDEL CANO MODELIA,401,114,28.43,Institución Educativa Gimnasio Fidel Cano,CLL 23 # 81 D - 11,4.665937400000075,-74.12582191999996
Presidencial 2022,09,LOCALIDAD 9 FONTIBON,HAYUELOS CENTRO COMERCIAL,12809,3397,26.52,Centro Comercial Hayuelos,CLL 20 # 82 - 52,4.664203610000072,-74.13054683999997
Presidencial 2022,09,LOCALIDAD 9 FONTIBON,HAYUELOS JUMBO,8331,1973,23.68,,,,
Presidencial 2022,09,LOCALIDAD 9 FONTIBON,IED MARIA J CANELONES,647,218,33.69,,,,
Presidencial 2022,09,LOCALIDAD 9 FONTIBON,INTEGRADO SEDE B,1163,613,52.71,Colegio Distrital Integrado - Sede B,CLL 22 F # 109 B - 29,4.683119410000074,-74.14624404999995
Presidencial 2022,09,LOCALIDAD 9 FONTIBON,INTEGRADO SEDE D PALESTINA,763,404,52.95,Institución Educativa Distrital Integrado Sede D,CRA 113 # 19 A - 80,4.683856810000066,-74.15004413999998
Presidencial 2022,09,LOCALIDAD 9 FONTIBON,LA ALDEA,2538,1284,50.59,Salón Comunal la Aldea,CLL 22 G # 117 A - 38,4.688916000000063,-74.15002899999996
Presidencial 2022,09,LOCALIDAD 9 FONTIBON,LA FELICIDAD,9547,2464,25.81,Colegio Distrital La Felicidad,CLL 19 # 79 - 37,4.656356410000058,-74.13059069999997
Presidencial 2022,09,LOCALIDAD 9 FONTIBON,LA GIRALDA,5219,2187,41.9,Subdirección de Integración Social,CRA 104 B # 22 J - 15 /CLL 23 # 104 B - 15,4.681725340000071,-74.14173478999999
Presidencial 2022,09,LOCALIDAD 9 FONTIBON,LA LAGUNA,8618,3500,40.61,Colegio Distrital Pablo Neruda,CLL 16 F Bis # 102 - 70,4.672245610000061,-74.14939244999994
Presidencial 2022,09,LOCALIDAD 9 FONTIBON,MODELIA REAL,6373,1598,25.07,Colegio Gimnasio Modelia Real,CLL 24 D # 82 - 13 /CRA 82 # 24 C - 29 ,4.670602090000045,-74.12140295999995
Presidencial 2022,09,LOCALIDAD 9 FONTIBON,MODELIA SUR,5456,1158,21.22,Salón Múltiple Comunitario,CLL 25 B # 81 - 41 / CRA 81C # 24D 60,4.670049750000032,-74.11924085999993
Presidencial 2022,09,LOCALIDAD 9 FONTIBON,MULTIPLAZA,12181,3383,27.77,Centro Comercial Multiplaza,CLL 19 A # 72 - 57,4.653330240000059,-74.12499241999996
Presidencial 2022,09,LOCALIDAD 9 FONTIBON,NAVARRA MODELIA,3412,756,22.16,Liceo Navarra,CRA 74 # 24 B - 80,4.665820000000053,-74.11706199999998
Presidencial 2022,09,LOCALIDAD 9 FONTIBON,PABLO NERUDA,2484,1177,47.38,Colegio Distrital Pablo Neruda Sede B,CLL 16 J # 99 - 95,4.672448640000027,-74.14642965999997
Presidencial 2022,09,LOCALIDAD 9 FONTIBON,PUENTE GRANDE,2355,1214,51.55,Liceo Juvenil Moravia,CRA 137 A # 17 D - 31,4.697663890000058,-74.16811639999997
Presidencial 2022,09,LOCALIDAD 9 FONTIBON,PUERTA DE TEJA,1594,634,39.77,Colegio Distrital Costa Rica - Sede C,CLL 25 C Bis B # 96 - 56,4.6821795600000655,-74.12699895999998
Presidencial 2022,09,LOCALIDAD 9 FONTIBON,RECODO,4529,1992,43.98,Salón Social Conjunto Residencial Fontibón Reservado,CLL 14 B # 119 A - 17,4.680477450000069,-74.16613786999994
Presidencial 2022,09,LOCALIDAD 9 FONTIBON,SALITRE PLAZA,22567,5035,22.31,Centro Comercial Salitre Plaza,CRA 68 B # 24 - 39,4.652714740000022,-74.10918051999994
Presidencial 2022,09,LOCALIDAD 9 FONTIBON,SALON COMUNAL FERROCAJA,750,268,35.73,Salón Comunal Ferrocaja,CLL 22 H # 96 D - 50,4.6736143800000605,-74.13608560999995
Presidencial 2022,09,LOCALIDAD 9 FONTIBON,SALON COMUNAL PUERTA DE TEJA,144,47,32.64,Salón Comunal Puerta de Teja,CRA 96 A # 25 G - 26,4.684166950000076,-74.12673707999994
Presidencial 2022,09,LOCALIDAD 9 FONTIBON,SAN JOSE,1438,546,37.97,Colegio Privado Parroquial San José ,CRA 100 # 24 - 60 ,4.681714740000075,-74.13355040999994
Presidencial 2022,09,LOCALIDAD 9 FONTIBON,SAN PABLO LA PERLA,4696,2164,46.08,Colegio Distrital Antonio Van Üden,CLL 17 D # 123 B - 37,4.688993230000051,-74.15887106999998
Presidencial 2022,09,LOCALIDAD 9 FONTIBON,SANTA CECILIA - MODELIA,4575,1224,26.75,Colegio Distrital Santa Cecilia,CLL 25 B # 83 - 14,4.671957660000032,-74.12063458999995
Presidencial 2022,09,LOCALIDAD 9 FONTIBON,SANTA TERESA CENTRO,3090,1168,37.8,Colegio Santa Teresa Centro,CRA 99 # 19 -72,4.6737940000000435,-74.14252299999998
Presidencial 2022,09,LOCALIDAD 9 FONTIBON,TREBOLIS,1290,341,26.43,Centro Comercial Trebolis,CRA 90 # 17 - 95 /Cl 19A # 91 - 05,4.66585292000002,-74.13645248999995
Presidencial 2022,09,LOCALIDAD 9 FONTIBON,TRES ELEFANTES- LA ESPERANZA,3420,827,24.18,,,,
Presidencial 2022,09,LOCALIDAD 9 FONTIBON,TRES ESTANCIAS,3926,1914,48.75,Salón Comunal Tres Estancias,CLL 15 # 119 - 14 /CLL 15 # 119 A - 90,4.68281458000007,-74.16417605999999
Presidencial 2022,09,LOCALIDAD 9 FONTIBON,VAN UDEN CALLE 13,1424,807,56.67,,,,
Presidencial 2022,09,LOCALIDAD 9 FONTIBON,VERACRUZ,7576,2861,37.76,Colegio Distrital República de Costa Rica - Sede C,CRA 101 # 23 - 42,4.679446400000074,-74.13770941999996
Presidencial 2022,09,LOCALIDAD 9 FONTIBON,VERSALLES,8968,4142,46.19,Colegio Distrital Internacional,CRA 112 # 23 - 05,4.686837270000069,-74.14523521999996
Presidencial 2022,09,LOCALIDAD 9 FONTIBON,VILLEMAR,10883,4038,37.1,Colegio Distrital Villemar El Carmen,CLL 20 D # 96 G - 51,4.6725942300000725,-74.13918464999995
Presidencial 2022,09,LOCALIDAD 9 FONTIBON,ZONA FRANCA,10142,4725,46.59,Colegio Distrital Carlo Federici,CLL 14 A # 108 - 78,4.671739570000057,-74.15965762999997
Presidencial 2022,10,LOCALIDAD 10 ENGATIVA,ALCALA SEDE B,861,358,41.58,Colegio Distrital Nestor Forero Alcala Sede B,DIAG 70 # 70 - 40,4.681993060000025,-74.09316965999994
Presidencial 2022,10,LOCALIDAD 10 ENGATIVA,ALMAZAN ENGATIVA,8850,4474,50.55,,,,
Presidencial 2022,10,LOCALIDAD 10 ENGATIVA,BACHUE,10696,4981,46.57,Colegio Técnico Distrital Laureano Gómez - Sede B,CLL 90 A # 95 D - 56,4.718635630000051,-74.10182822999997
Presidencial 2022,10,LOCALIDAD 10 ENGATIVA,BACHUE II - BOCHICA I,4887,1868,38.22,Sede Social Edificio Comunal Bochica 1,CLL 83 # 95 D - 04,4.712395780000065,-74.10589612999996
Presidencial 2022,10,LOCALIDAD 10 ENGATIVA,BOCHICA,11813,4350,36.82,Centro Comercial Portal 80,TRV 100A # 80A - 20 / AV CLL 80 # 100 - 50,4.710570740000037,-74.11216228999996
Presidencial 2022,10,LOCALIDAD 10 ENGATIVA,BOLIVIA,10413,3562,34.21,Colegio Distrital Rodolfo Llinas,CRA 103 D # 86 A - 72,4.719820000000027,-74.10831499999995
Presidencial 2022,10,LOCALIDAD 10 ENGATIVA,BONANZA,9715,3221,33.15,Colegio Distrital Técnico República de Guatemala,CLL 78 Bis # 69T - 45,4.6901322000000505,-74.08685264999997
Presidencial 2022,10,LOCALIDAD 10 ENGATIVA,BOSQUE POPULAR,6195,2383,38.47,Colegio Distrital Instituto Técnico Industrial Francisco Jose de Caldas - Sede A,CRA 68 F # 63 B - 02,4.668805920000068,-74.09538259999994
Presidencial 2022,10,LOCALIDAD 10 ENGATIVA,BOSQUES DE MARIANA,3983,1684,42.28,Salón Comunal Bosques de Mariana,CRA 107 B Bis # 70 F - 50,4.707854480000037,-74.12430788999995
Presidencial 2022,10,LOCALIDAD 10 ENGATIVA,BOYACA,6483,2304,35.54,Colegio Distrital Manuela Ayala de Gaitán - Sede A,CLL 71 # 75 - 11,4.688139070000034,-74.09952888999999
Presidencial 2022,10,LOCALIDAD 10 ENGATIVA,CENTRO COMERCIAL NUESTRO BOGOTA,7295,2817,38.62,Centro Comercial Nuestro Bogotá,AV CRA 86 # 55 A - 75,4.683601320000037,-74.11529593999995
Presidencial 2022,10,LOCALIDAD 10 ENGATIVA,CENTRO COMERCIAL PUNTO 72,1662,694,41.76,Centro Comercial Punto 72,CLL 72 A # 86 - 49 Parqueadero,4.696919330000071,-74.10605957999996
Presidencial 2022,10,LOCALIDAD 10 ENGATIVA,CENTRO EDUCATIVO SCALAS,1583,662,41.82,Centro Educativo Scalas,CRA 82 # 68 B - 09,4.6900148100000365,-74.10620783999997
Presidencial 2022,10,LOCALIDAD 10 ENGATIVA,CIUDAD DE HONDA,1760,689,39.15,Colegio Distrital Instituto Técnico industrial Francisco José de Caldas - Sede B,CLL 64 F Bis # 68 G - 16,4.672932560000049,-74.09349927999995
Presidencial 2022,10,LOCALIDAD 10 ENGATIVA,CIUDADELA COLSUBSIDIO,10833,3352,30.94,Colegio Centro Educativo Integral Colsubsidio,CLL 83 # 110 - 58,4.720811410000067,-74.11391556999996
Presidencial 2022,10,LOCALIDAD 10 ENGATIVA,COL INST TEC LAUREANO GOMEZ (IED) SEDE A,1429,693,48.5,,,,
Presidencial 2022,10,LOCALIDAD 10 ENGATIVA,COLEGIO ANTONIO NARIÑO SEDE 2,1235,539,43.64,Colegio Antonio Nariño Sede 2,CLL 67 # 73 A - 15,4.682994090000022,-74.10069274999995
Presidencial 2022,10,LOCALIDAD 10 ENGATIVA,COLEGIO ANTONIO VILLAVICENCIO SEDE B,2462,1180,47.93,Colegio Antonio Villavicencio Sede B,CRA 113 C # 63 F - 18,4.709217100000046,-74.14034226999996
Presidencial 2022,10,LOCALIDAD 10 ENGATIVA,COLEGIO COPES,1254,458,36.52,Colegio Pedagógico del Espíritu Santo,CLL 72 # 102 - 23 / AV CLL 72 # 102 - 23,4.7049842100000205,-74.11810398999995
Presidencial 2022,10,LOCALIDAD 10 ENGATIVA,COLEGIO DISTRITAL RODOLFO LLINAS SEDE B,1228,475,38.68,Colegio Distrital Rodolfo Llinas (IED) Sede B,CLL 87 # 102 - 55,4.719072120000021,-74.10704417999995
Presidencial 2022,10,LOCALIDAD 10 ENGATIVA,COLEGIO FLORIDABLANCA (IED) SEDE B,511,252,49.32,Colegio Floridablanca (IED) Sede B,CRA 89 # 66 A - 14,4.691531260000033,-74.11149034999994
Presidencial 2022,10,LOCALIDAD 10 ENGATIVA,COLEGIO FLORIDABLANCA (IED) SEDE C,945,373,39.47,Colegio Floridablanca (IED) Sede C,CRA 90 B # 71-12 / CRA 90B # 71 - 50,4.697012780000023,-74.11024990999994
Presidencial 2022,10,LOCALIDAD 10 ENGATIVA,COLEGIO GARCES NAVAS SEDE B,1771,757,42.74,Colegio Garces Navas Sede B,CRA 104 A # 77 C - 50,4.711566540000035,-74.11645031999996
Presidencial 2022,10,LOCALIDAD 10 ENGATIVA,COLEGIO LESTONAC,1515,645,42.57,Colegio Privado Centro Lestonac Compañía de María,CRA 87 A # 84 A - 81,4.7080329600000255,-74.09906523999996
Presidencial 2022,10,LOCALIDAD 10 ENGATIVA,COLEGIO LUCILA RUBIO DE LAVERDE (IED),4782,1429,29.88,Colegio Lucila Rubio de Laverde (IED),CLL 77B # 129 - 80 / DG 77 B # 129 - 80,4.7244792800000255,-74.13652518999999
Presidencial 2022,10,LOCALIDAD 10 ENGATIVA,COLEGIO NORTE ADVENTISTA,965,308,31.92,Colegio Adventista del Norte,CRA 70 G # 71 - 04,4.683743500000048,-74.09436380999995
Presidencial 2022,10,LOCALIDAD 10 ENGATIVA,COLEGIO RR OBLATAS AL DIVINO AMOR,1670,485,29.04,Colegio Privado RR Oblatas Al Divino Amor,CRA 71 B # 52 - 30,4.66938293000004,-74.10683512999998
Presidencial 2022,10,LOCALIDAD 10 ENGATIVA,COMUNIDAD COLEGIO FE Y ALEGRIA,878,421,47.95,Colegio Distrital Fe y Alegría,CRA 105 A # 74 A - 15,4.708199280000031,-74.11897248999998
Presidencial 2022,10,LOCALIDAD 10 ENGATIVA,CUR DE COMPENSAR,781,270,34.57,CUR de Compensar,AV CRA 68 # 49A - 47,4.660171080000055,-74.09856681999997
Presidencial 2022,10,LOCALIDAD 10 ENGATIVA,DIVERPLAZA,10832,4345,40.11,Centro Comercial Diverplaza,TRV 99 Bis # 70A - 89 / AV CRA 96 # 70A - 89,4.7001410000000305,-74.11511199999995
Presidencial 2022,10,LOCALIDAD 10 ENGATIVA,EL CEDRO,2135,897,42.01,Colegio Distrital Charry,CRA 109 A # 77 A - 16 /CRA 108 # 77 - 21 ,4.713627000000031,-74.12015899999994
Presidencial 2022,10,LOCALIDAD 10 ENGATIVA,EL CORTIJO ENGATIVA,9394,2728,29.04,,,,
Presidencial 2022,10,LOCALIDAD 10 ENGATIVA,EL ENCANTO,1869,667,35.69,Salón Comunal de Villaluz,CRA 77 A # 64 B - 03,4.681729460000042,-74.10735812999997
Presidencial 2022,10,LOCALIDAD 10 ENGATIVA,EL GUALI,2971,981,33.02,Colegio Cafam Básica Primaria,AV CLL 64 C # 68 F - 29,4.671215580000023,-74.09435405999994
Presidencial 2022,10,LOCALIDAD 10 ENGATIVA,EL LUJAN,6147,2102,34.2,Colegio Distrital Robert Kennedy - Sede A,AV Boyacá # 64 H - 39 /AV CRA 72 # 64 H - 39,4.678894770000056,-74.10148869999995
Presidencial 2022,10,LOCALIDAD 10 ENGATIVA,EL MORISCO,4681,1720,36.74,Colegio Distrital Morisco,DIAG 83 # 73 - 12 / DIAG 83 # 73 A - 12 ,4.705155590000061,-74.09038496999995
Presidencial 2022,10,LOCALIDAD 10 ENGATIVA,EL MUELLE,10635,4580,43.07,Colegio Colsubsidio Las Mercedes,CRA 105 D # 66 A - 15 /CRA 105 F # 66 - 33,4.700289140000052,-74.12521383999996
Presidencial 2022,10,LOCALIDAD 10 ENGATIVA,EL REAL,672,318,47.32,Colegio Distrital Robert Kennedy Sede B,CLL 65 A # 76 - 53,4.68314016000005,-74.10434446999994
Presidencial 2022,10,LOCALIDAD 10 ENGATIVA,ENGATIVA,11950,5027,42.07,Colegio Distrital General Santander,CRA 123 # 65 A - 03 / CLL 65A # 123 - 38,4.716288230000032,-74.14095823999997
Presidencial 2022,10,LOCALIDAD 10 ENGATIVA,FERIAS II,5057,2046,40.46,Colegio Distrital Juán del Corral - Sede A,CRA 69 B # 79 A - 42,4.686961490000044,-74.08190080999998
Presidencial 2022,10,LOCALIDAD 10 ENGATIVA,FLORENCIA,2955,1097,37.12,Colegio Distrital Nidia Quintero de Turbay - Sede B,DIAG 74 B # 87 - 40,4.69956811000003,-74.10526331999995
Presidencial 2022,10,LOCALIDAD 10 ENGATIVA,GARCES NAVAS,11000,4796,43.6,Colegio Distrital Nueva Constitución,CRA 107 B # 74 B - 31,4.711136510000074,-74.12207203999998
Presidencial 2022,10,LOCALIDAD 10 ENGATIVA,GIMNASIO SANTA MARIA DEL ALCAZAR,1234,435,35.25,Gimnasio Santa Maria del Alcazar,CRA 79 # 64 C - 48,4.68351221000006,-74.10817359999999
Presidencial 2022,10,LOCALIDAD 10 ENGATIVA,GRAN GRANADA,11856,3889,32.8,Costado Almacén Éxito de Occidente,CRA 114 A # 78 B -85 /AV CRA 114 # 78 B - 80,4.72099436000002,-74.12272130999997
Presidencial 2022,10,LOCALIDAD 10 ENGATIVA,LA CABAÑA,3659,1431,39.11,Colegio Distrital Marco Tulio Fernández - Sede A,CLL 63 B # 71 A - 16,4.67429616000004,-74.10219662999998
Presidencial 2022,10,LOCALIDAD 10 ENGATIVA,LA CLARITA,2345,892,38.04,Salón Comunal Barrio La Clarita,CRA 83 # 70 - 15,4.6921672100000364,-74.10575418999997
Presidencial 2022,10,LOCALIDAD 10 ENGATIVA,LA ESPAÑOLA,3991,1352,33.88,Colegio Distrital Jorge Gaitán Cortés - Sede A,CRA 82 A # 82 D - 34 / CRA 82 A # 82 D - 40,4.703375860000051,-74.09653854999993
Presidencial 2022,10,LOCALIDAD 10 ENGATIVA,LA ESTRADA,5845,2259,38.65,Colegio Distrital República de Colombia - Sede B,CRA 69 C # 69 - 20,4.678782290000072,-74.09152579999994
Presidencial 2022,10,LOCALIDAD 10 ENGATIVA,LA ESTRADITA,8816,3564,40.43,Colegio Distrital República de Colombia - Sede A,CLL 68 # 69 - 10,4.6774213400000235,-74.09156635999994
Presidencial 2022,10,LOCALIDAD 10 ENGATIVA,LA EUROPA,2704,791,29.25,Colegio Distrital Néstor Forero Alcalá - Sede A,CRA 70 C Bis # 71 - 33,4.6838089900000455,-74.09357474999996
Presidencial 2022,10,LOCALIDAD 10 ENGATIVA,LA FAENA,2892,1409,48.72,Colegio Distrital General Santander Sede C,CRA 122 A Bis # 69 C - 21,4.717575450000027,-74.13791882999993
Presidencial 2022,10,LOCALIDAD 10 ENGATIVA,LA FLORIDA,4675,2010,42.99,Colegio Manyanet,CRA 89 # 68 A - 36 /CRA 89 # 68 A - 32,4.692899560000058,-74.11058796999998
Presidencial 2022,10,LOCALIDAD 10 ENGATIVA,LA GRANJA,5193,2076,39.98,Colegio Distrital San José Norte - Sede A,CRA 84 # 75 A - 09,4.698713440000063,-74.10180744999997
Presidencial 2022,10,LOCALIDAD 10 ENGATIVA,LA PALESTINA,2175,838,38.53,Colegio Distrital La Palestina Sede A - Centro de Estudios del Niño,CRA 76 # 79 - 40,4.697159640000052,-74.09355299999999
Presidencial 2022,10,LOCALIDAD 10 ENGATIVA,LA SALINA,7872,2932,37.25,Colegio Distrital Florida Blanca - Sede A,CLL 70 A # 94 - 38,4.697956260000069,-74.11402122999993
Presidencial 2022,10,LOCALIDAD 10 ENGATIVA,LA SERENA,3452,1114,32.27,Colegio Distrital Simón Bolívar - Sede B,CRA 85 # 88 - 99 / CRA 85 # 88 - 91,4.708631880000041,-74.09499902999994
Presidencial 2022,10,LOCALIDAD 10 ENGATIVA,LAS FERIAS,4304,1633,37.94,Colegio Distrital Naciones Unidas - Sede C,CLL 73 Bis # 68 G - 27,4.68068259000006,-74.08716270999997
Presidencial 2022,10,LOCALIDAD 10 ENGATIVA,LEON VALENCIA,1002,437,43.61,Colegio Distrital Guillermo León Valencia,CRA 93 A # 75 B - 80 /CRA 92 # 75C - 31,4.704311300000029,-74.10861135999994
Presidencial 2022,10,LOCALIDAD 10 ENGATIVA,LOS ALAMOS,4860,1773,36.48,"Colegio Cooperativo Los Álamos - \""COALAMOS\""",CLL 66 A # 97 A - 15,4.69570563000002,-74.11978794999999
Presidencial 2022,10,LOCALIDAD 10 ENGATIVA,LOS ALAMOS NORTE,6262,2206,35.23,Colegio Distrital Garces Navas Sede A,CRA 104 A # 76 B - 09,4.710317150000037,-74.11737051999995
Presidencial 2022,10,LOCALIDAD 10 ENGATIVA,LOS CEREZOS,3585,1515,42.26,Polideportivo,TRV 87 A # 83 A - 48,4.706390360000057,-74.10015043999994
Presidencial 2022,10,LOCALIDAD 10 ENGATIVA,MARGARITA BOSCO,4478,1362,30.42,Colegio Margarita Bosco,AV CLL 63 # 73 A - 44,4.676707800000031,-74.10595588999996
Presidencial 2022,10,LOCALIDAD 10 ENGATIVA,MINUTO DE DIOS,7077,2150,30.38,Colegio Minuto de Dios,TRV 74 # 81 C - 05,4.698129250000022,-74.09033767999995
Presidencial 2022,10,LOCALIDAD 10 ENGATIVA,MORTIÑO,1623,585,36.04,Salón Comunal,CLL 75 # 110 A - 23,4.713081740000064,-74.12370080999995
Presidencial 2022,10,LOCALIDAD 10 ENGATIVA,NACIONES UNIDAS SEDE B,1148,501,43.64,Colegio Distrital Naciones Unidas Sede B,CLL 73 A # 69 J - 10,4.684366280000063,-74.08858584999996
Presidencial 2022,10,LOCALIDAD 10 ENGATIVA,NORMANDIA,6874,1999,29.08,Colegio Privado Instituto Técnico Industrial Centro Don Bosco,DIAG 44 # 69 - 96,4.6619574000000625,-74.10790264999997
Presidencial 2022,10,LOCALIDAD 10 ENGATIVA,PALO BLANCO,2301,840,36.51,Colegio Gimnasio El Lago,CLL 74 A # 73 A - 85,4.691378000000043,-74.09556699999996
Presidencial 2022,10,LOCALIDAD 10 ENGATIVA,PARIS GAITAN,1702,701,41.19,Colegio Distrital Jorge Gaitán Sede B,CRA 84 # 83 - 71,4.704805790000023,-74.09788413999996
Presidencial 2022,10,LOCALIDAD 10 ENGATIVA,PARQUE SAN ANDRES,5682,2289,40.29,Coliseo Parque San Andrés,CLL 82 # 100 A - 91,4.713394110000024,-74.11002009999999
Presidencial 2022,10,LOCALIDAD 10 ENGATIVA,PLAZUELAS DEL VIRREY,4605,1579,34.29,Salón Comunal Urbanización Plazuelas del Virrey,CLL 70 A # 105 G - 23 / CLL 70 # 105 F - 28,4.704557270000066,-74.12330064999998
Presidencial 2022,10,LOCALIDAD 10 ENGATIVA,PRIMAVERA,2766,1244,44.97,Colegio Distrital Simón Bolívar Sede A,CRA 92 # 87 A - 60,4.71113863000005,-74.10000221999996
Presidencial 2022,10,LOCALIDAD 10 ENGATIVA,QUIRIGUA,7671,2769,36.1,Colegio Distrital República de China,CRA 92 # 82 - 20,4.707612070000039,-74.10385843999995
Presidencial 2022,10,LOCALIDAD 10 ENGATIVA,QUIRIGUA (PLAZA DE MERCADO),6325,2689,42.51,,,,
Presidencial 2022,10,LOCALIDAD 10 ENGATIVA,SALON COMUNAL ALAMOS,3187,1260,39.54,Salón Comunal Álamos,CLL 66 A # 97 - 64 /CLL 66 A # 97 A - 34 ,4.696324620000041,-74.11943141999996
Presidencial 2022,10,LOCALIDAD 10 ENGATIVA,SALON COMUNAL EL VERDUM,3172,1541,48.58,Salón Comunal El Verdum,CRA 110 C # 64 D - 03,4.702437300000042,-74.13120749999996
Presidencial 2022,10,LOCALIDAD 10 ENGATIVA,SALON COMUNAL PROTECHO VILLA AMALIA,2679,1248,46.58,Salón Comunal Protecho Villa Amalia,AV CLL 72 # 110 - 13,4.71060631000006,-74.12517638999998
Presidencial 2022,10,LOCALIDAD 10 ENGATIVA,SALON COMUNAL VILLAS DE GRANADA,6465,2476,38.3,Salón Comunal Villas de Granada,CLL 77C # 111 - 51 / CL 78 # 111 - 51,4.716370330000075,-74.12123579999997
Presidencial 2022,10,LOCALIDAD 10 ENGATIVA,SAN IGNACIO,1645,473,28.75,Colegio Distrital Marco Tulio Fernández - Sede D,TRV 76 B # 51 A - 57 /CRA 75 # 51 A - 69,4.673938040000053,-74.11170780999998
Presidencial 2022,10,LOCALIDAD 10 ENGATIVA,SAN JOAQUIN,1428,612,42.86,Colegio Distrital República de Colombia Sede C,CRA 68 H # 71 A - 01 /CRA 69 # 71 - 16 ,4.680191000000036,-74.08902699999999
Presidencial 2022,10,LOCALIDAD 10 ENGATIVA,SAN MARCOS,7792,2853,36.61,Colegio Distrital Antonio Nariño - Sede A,CRA 77 A # 67 - 17,4.685961510000027,-74.10397212999999
Presidencial 2022,10,LOCALIDAD 10 ENGATIVA,SANTA CECILIA,2060,564,27.38,Salón Comunal,CLL 52 A Bis # 78 - 35 /TRV 85 # 52 A - 70,4.677248620000057,-74.11305604999995
Presidencial 2022,10,LOCALIDAD 10 ENGATIVA,SANTA HELENITA,6743,2360,35.0,Colegio Distrital Manuela Ayala de Gaitán - Sede B,CRA 78 # 69 A - 11,4.688928770000075,-74.10337860999994
Presidencial 2022,10,LOCALIDAD 10 ENGATIVA,SANTA ROSITA,11627,4102,35.28,Colegio Distrital Nidia Quintero de Turbay - Sede A,CLL 75 # 90 - 75,4.701727640000058,-74.10789105999999
Presidencial 2022,10,LOCALIDAD 10 ENGATIVA,SIDAUTO,388,192,49.48,Colegio Distrital Jorge Gaitán Sede A,CRA 89 A # 86 - 38,4.709017950000032,-74.09904223999996
Presidencial 2022,10,LOCALIDAD 10 ENGATIVA,SOLEDAD NORTE,1530,623,40.72,Colegio Distrital San José Norte Sede B,CRA 83 # 73 A - 80 / CLL 74 # 82 - 37,4.696039770000027,-74.10230599999994
Presidencial 2022,10,LOCALIDAD 10 ENGATIVA,STA. MARIA DEL LAGO,3464,982,28.35,,,,
Presidencial 2022,10,LOCALIDAD 10 ENGATIVA,TABORA,8427,3197,37.94,Colegio Distrital Tabora - Sede A,CRA 77 B # 74 A - 02 / CRA 77 B # 74 - 02,4.693789440000046,-74.09808772999997
Presidencial 2022,10,LOCALIDAD 10 ENGATIVA,TISQUESUSA,1171,350,29.89,Salón Comunal,DIAG 82 B # 79 - 10,4.702307460000043,-74.09468948999995
Presidencial 2022,10,LOCALIDAD 10 ENGATIVA,TORQUIGUA,6267,3323,53.02,Colegio Colsubsidio Torquigua,CLL 64 # 128 - 50,4.7217498400000295,-74.14340952999999
Presidencial 2022,10,LOCALIDAD 10 ENGATIVA,UNICENTRO DE OCCIDENTE,7702,2666,34.61,Centro Comercial Unicentro de Occidente,CRA 111 C # 86 - 05,4.722981320000031,-74.11353946999998
Presidencial 2022,10,LOCALIDAD 10 ENGATIVA,UNIMINUTO ESCUELA DE CONVENCIONES,1955,808,41.33,Universidad Minuto de Dios,CLL 89 # 87 A - 50,4.710749700000065,-74.09691178999998
Presidencial 2022,10,LOCALIDAD 10 ENGATIVA,UNIVERSIDAD UDCA ENGATIVA,1824,689,37.77,,,,
Presidencial 2022,10,LOCALIDAD 10 ENGATIVA,VILLA AMALIA,7681,3077,40.06,Colegio Distrital Villa Amalia,CRA 110 B # 71 C - 45 /CLL 71 C # 110 B - 21,4.710598490000052,-74.12630134999995
Presidencial 2022,10,LOCALIDAD 10 ENGATIVA,VILLA CONSTANZA,1512,542,35.85,Salón Comunal,CLL 70 C # 111 - 15,4.708291400000064,-74.12846495999997
Presidencial 2022,10,LOCALIDAD 10 ENGATIVA,VILLA GLADYS,5766,2395,41.54,Colegio Distrital Antonio Villavicencio - Sede A,CLL 65 # 112 A - 39,4.705067450000058,-74.13430697999996
Presidencial 2022,10,LOCALIDAD 10 ENGATIVA,VILLA LUZ,6267,1960,31.27,,,,
Presidencial 2022,10,LOCALIDAD 10 ENGATIVA,VILLAS DE GRANADA,8395,2938,35.0,Colegio Distrital Los Cerezos,CLL 72 F # 114 - 51,4.716057360000036,-74.12971919999995
Presidencial 2022,10,LOCALIDAD 10 ENGATIVA,ZARZAMORA,3892,1171,30.09,Sede Social Conjunto Zarzamora CAFAM,CLL 71 B # 88 - 35,4.696281940000063,-74.10797801999996
Presidencial 2022,11,LOCALIDAD 11 SUBA,ALBERTO LLERAS CAMARGO - IED,9566,3671,38.38,Colegio Distrital Alberto Lleras Camargo,CRA 111 A # 139 - 88,4.744081450000067,-74.10211914999996
Presidencial 2022,11,LOCALIDAD 11 SUBA,ALMACEN ÉXITO LA COLINA,12052,1806,14.99,Almacén Éxito la Colina,AV CLL 147 con AV CRA 72 /AV CLL 147 # 58 C - 91,4.734711480000044,-74.06607258999998
Presidencial 2022,11,LOCALIDAD 11 SUBA,ALVARO GOMEZ HURTADO SEDE A - IED,10542,4341,41.18,Colegio Distrital Álvaro Gómez Hurtado,CRA 100 A # 130 - 18,4.730444500000033,-74.09685049999996
Presidencial 2022,11,LOCALIDAD 11 SUBA,ALVARO GOMEZ HURTADO SEDE B - IED,3640,1705,46.84,Colegio Distrital Álvaro Gómez Hurtado Sede B,CLL 133 # 98 B -24,4.735261970000067,-74.09337569999997
Presidencial 2022,11,LOCALIDAD 11 SUBA,BIBLIOTECA JULIO MARIO SANTODOMINGO,6215,1294,20.82,,,,
Presidencial 2022,11,LOCALIDAD 11 SUBA,CANCHA MULTIPLE LA VICTORIA NORTE,6503,1324,20.36,,,,
Presidencial 2022,11,LOCALIDAD 11 SUBA,CANCHA MULTIPLE VILLA DELIA,4942,1147,23.21,Cancha múltiple Villa Delia,CRA 65 entre la CLL 165 Y 166,4.749295680000046,-74.06384298999996
Presidencial 2022,11,LOCALIDAD 11 SUBA,CANCHAS MULTIPLES CAMINOS DE SAN LORENZO,12765,2202,17.25,,,,
Presidencial 2022,11,LOCALIDAD 11 SUBA,CARULLA RINCON DE LA COLINA,5296,732,13.82,Parqueadero Carulla Rincón de la Colina,AV CRA 72 # 152 B - 60,4.740540440000075,-74.06500450999994
Presidencial 2022,11,LOCALIDAD 11 SUBA,CASABLANCA SUBA,2474,919,37.15,Parque Casablanca,CLL 146 B # 78 - 51,4.7380403700000215,-74.07585598999998
Presidencial 2022,11,LOCALIDAD 11 SUBA,CC PARQUE LA COLINA,12458,2214,17.77,Centro Comercial Parque La Colina,CRA 58 D # 146 - 51,4.73251625000006,-74.06549086999996
Presidencial 2022,11,LOCALIDAD 11 SUBA,CC PORTOALEGRE,1477,288,19.5,Centro Comercial Portoalegre,CRA 58 # 137 B - 01,4.727719510000043,-74.06481701999996
Presidencial 2022,11,LOCALIDAD 11 SUBA,CENTRO COMERCIAL BIMA,1867,247,13.23,Centro Comercial BIMA,Autopista Norte # 232 - 35,4.806448270000033,-74.03807321999994
Presidencial 2022,11,LOCALIDAD 11 SUBA,CENTRO COMERCIAL BULEVAR NIZA,14686,2646,18.02,Parqueadero Centro Comercial Bulevar Niza,AV CLL 127 # 58 - 58,4.711594590000061,-74.07167952999998
Presidencial 2022,11,LOCALIDAD 11 SUBA,CENTRO COMERCIAL CENTRO SUBA,12985,5668,43.65,Centro Comercial Centro Suba ,CLL 145 # 91 - 19,4.737655940000025,-74.08555758999995
Presidencial 2022,11,LOCALIDAD 11 SUBA,CENTRO COMERCIAL MAZUREN,11573,2004,17.32,Parqueadero Centro Comercial Mazurén,CRA 46 # 152 - 46,4.736490340000046,-74.05005201999995
Presidencial 2022,11,LOCALIDAD 11 SUBA,CENTRO COMERCIAL PASEO SAN RAFAEL,18551,2953,15.92,Parqueadero Centro Comercial Paseo San Rafael,AV CLL 134 # 55 - 30/AV CLL 134 # 55 - 32,4.723020990000066,-74.06227483999999
Presidencial 2022,11,LOCALIDAD 11 SUBA,CENTRO COMERCIAL PLAZA IMPERIAL,11748,4887,41.6,Centro Comercial Plaza Imperial,CRA 104 # 148 - 07,4.74869891000003,-74.09552226999995
Presidencial 2022,11,LOCALIDAD 11 SUBA,CENTRO COMERCIAL SANTAFE,12674,3265,25.76,Centro Comercial Santafé,CLL 185 # 45 - 03,4.763219530000072,-74.04545498999994
Presidencial 2022,11,LOCALIDAD 11 SUBA,CENTRO DE FELICIDAD LAS COMETAS,1056,378,35.8,Centro de Felicidad Las Cometas,AV SUBA RINCON DIAG 127A # 81 - 26 / AV SUBA RINCON DIAG 127A # 81 - 36,4.713336180000056,-74.08610221999999
Presidencial 2022,11,LOCALIDAD 11 SUBA,CENTRO FELICIDAD FONTANAR DEL RÍO,1980,893,45.1,Centro Felicidad Fontanar del Río,DIAG 145 # 138 A - 10,4.754179830000055,-74.11067522999997
Presidencial 2022,11,LOCALIDAD 11 SUBA,CHORRILLOS,237,121,51.05,Colegio Distrital Nicolás Buenaventura Sede B,Kilometro 7 Via Suba - Cota,4.784889000000021,-74.09125699999998
Presidencial 2022,11,LOCALIDAD 11 SUBA,COLEGIO CELESTIN FREINET,5019,2172,43.28,Colegio Celestin Freinet,CLL 136 # 136A - 12,4.74543379000005,-74.11433532999996
Presidencial 2022,11,LOCALIDAD 11 SUBA,COLEGIO DEL BOSQUE,812,208,25.62,Colegio del Bosque - Universidad Antonio Nariño - Sede Bachillerato,CRA 65 # 170 - 20,4.757163280000043,-74.06019419999996
Presidencial 2022,11,LOCALIDAD 11 SUBA,COLEGIO ELISA MUJICA VELASQUEZ,675,350,51.85,Colegio Elisa Mujica Velasquez,CLL 131 C # 126 - 48,4.739303390000032,-74.11198905999998
Presidencial 2022,11,LOCALIDAD 11 SUBA,COLEGIO EUCARISTICO MERCEDARIO,4849,1777,36.65,Colegio Eucarístico Mercedario,CLL 137 # 91 - 61 /CRA 91 # 136 - 53 ,4.7353330000000255,-74.08655299999998
Presidencial 2022,11,LOCALIDAD 11 SUBA,COLEGIO HELVETIA,1397,236,16.89,Colegio Privado Helvetia,CLL 128 # 71 A - 91,4.715101360000062,-74.07644961999995
Presidencial 2022,11,LOCALIDAD 11 SUBA,COLEGIO HIJAS DE CRISTO REY,10888,1369,12.57,,,,
Presidencial 2022,11,LOCALIDAD 11 SUBA,COLEGIO JAIME NIÑO DIEZ,6264,2224,35.5,Colegio Jaime Niño Diez,AV CRA 109 B # 145 - 17,4.748855750000075,-74.09904507999994
Presidencial 2022,11,LOCALIDAD 11 SUBA,COLEGIO JOHN DEWEY,2363,404,17.1,Colegio John Dewey,TRV 54 # 111 - 85,4.69878041000004,-74.06397834999996
Presidencial 2022,11,LOCALIDAD 11 SUBA,COLEGIO MARYMOUNT,5240,763,14.56,Fundación Colegio Marymount,CLL 169 B # 74 A - 02,4.755702270000029,-74.06644191999999
Presidencial 2022,11,LOCALIDAD 11 SUBA,COLEGIO MAXIMINO POITIERS,7094,2396,33.78,Colegio Máximino Poitiers,CLL 152 A # 102 - 51 / CL 152A # 102B - 51,4.751536060000035,-74.09098673999995
Presidencial 2022,11,LOCALIDAD 11 SUBA,COLEGIO PEDAGOGICO DULCE MARIA,5320,2584,48.57,Colegio Privado Pedagógico Dulce Maria,TRV 127 C # 139 B - 48,4.746610000000032,-74.10824099999996
Presidencial 2022,11,LOCALIDAD 11 SUBA,COLEGIO RAFAEL MAYA,1662,863,51.93,Colegio Rafael Maya,CLL 134A # 147C - 07,4.745221420000064,-74.11884996999999
Presidencial 2022,11,LOCALIDAD 11 SUBA,COLEGIO SAN JOSE DE CALASANZ,5529,2170,39.25,Colegio San José de Calasanz,CLL 129 # 88B - 35,4.72303026000003,-74.08824495999994
Presidencial 2022,11,LOCALIDAD 11 SUBA,COLEGIO SANTIAGO ALBERIONI,1992,467,23.44,Colegio Santiago Alberioni,CRA 62 # 169 A - 14,4.75328458000007,-74.05983302999994
Presidencial 2022,11,LOCALIDAD 11 SUBA,COLEGIO VISTA BELLA,4631,1371,29.6,Colegio Vista Bella,CRA 58 # 167 - 20 / AV CRA 58 # 167 - 20,4.7500991600000475,-74.05878125999999
Presidencial 2022,11,LOCALIDAD 11 SUBA,COLISEO TIBABUYES,2250,1120,49.78,Coliseo Tibabuyes,CLL 139 # 127 C - 48,4.745973630000037,-74.11023289999997
Presidencial 2022,11,LOCALIDAD 11 SUBA,COLSUBSIDIO MAZUREN,5755,940,16.33,Colsubsidio Mazuren,CLL 152 # 53 A - 05,4.735384150000073,-74.05456045999995
Presidencial 2022,11,LOCALIDAD 11 SUBA,COMPARTIR SEDE A - IED,10882,4679,43.0,Institución Educativa Compartir Suba,CRA 128 # 146 - 52,4.755286720000072,-74.10601314999997
Presidencial 2022,11,LOCALIDAD 11 SUBA,COMPARTIR SEDE B IED,5579,2323,41.64,Colegio Distrital Compartir Sede B,CLL 149 # 117 - 35,4.753361160000054,-74.10429047999997
Presidencial 2022,11,LOCALIDAD 11 SUBA,DELIA ZAPATA OLIVELLA - IED,9679,4560,47.11,Colegio Distrital Delia Zapata Olivella,CLL 144 C # 141 A - 51,4.753137340000023,-74.11330964999996
Presidencial 2022,11,LOCALIDAD 11 SUBA,DON BOSCO - IED,9521,3481,36.56,Centro Educativo Distrital Don Bosco V,CLL 143 A # 118 - 50,4.7504136000000585,-74.10748214999995
Presidencial 2022,11,LOCALIDAD 11 SUBA,EL BATAN,2978,395,13.26,Parque El Batán,CLL 123 A # 47 - 34 /CRA 50 # 123 A - 30,4.704806290000022,-74.05702319999995
Presidencial 2022,11,LOCALIDAD 11 SUBA,EL SALITRE SEDE C - IED,7201,2278,31.63,Colegio Distrital El Salitre Suba - Sede C,CRA 92 # 152 A - 52,4.749192490000041,-74.08305400999996
Presidencial 2022,11,LOCALIDAD 11 SUBA,FE Y ALEGRIA JOSE MARIA VELAZ - IED,7940,4385,55.23,Colegio Fe y Alegría,CRA 131 # 134 - 44 / CRA 131 # 133 - 44,4.744508040000028,-74.11245527999995
Presidencial 2022,11,LOCALIDAD 11 SUBA,FILARMONICO JORGE MARIO BERGOGLIO - IED,5282,2064,39.08,Colegio Distrital Jorge Mario Bergoglio,CLL 143 A #113 C - 51 /CRA 113C # 142B - 21,4.748823000000073,-74.10339899999997
Presidencial 2022,11,LOCALIDAD 11 SUBA,FLORESTA NORTE-JULIO FLOREZ,4433,926,20.89,,,,
Presidencial 2022,11,LOCALIDAD 11 SUBA,FLORESTA OUTLET,7860,1492,18.98,Centro Comercial Outlet La Floresta,CRA 69 # 98 A - 45,4.691381540000066,-74.07476324999999
Presidencial 2022,11,LOCALIDAD 11 SUBA,FUNDACION SAN FELIPE NERI,834,352,42.21,Fundación San Felipe Neri,CRA 90 # 149 - 73,4.746206000000029,-74.08295499999997
Presidencial 2022,11,LOCALIDAD 11 SUBA,FUNDACION UNIVERSITARIA LUIS AMIGO,5755,1139,19.79,,,,
Presidencial 2022,11,LOCALIDAD 11 SUBA,GERARDO MOLINA RAMIREZ - IED,9726,5245,53.93,Colegio Distrital Gerardo Molina Ramírez,CRA 143 #142 A - 62,4.748668000000066,-74.11538399999995
Presidencial 2022,11,LOCALIDAD 11 SUBA,GERARDO PAREDES - IED,11870,5796,48.83,Colegio Distrital Gerardo Paredes - Sede A,CRA 94 C # 129 A - 04,4.7258705700000405,-74.09362808999998
Presidencial 2022,11,LOCALIDAD 11 SUBA,GIMNASIO COLOMBO BRITANICO (GCB),1233,95,7.7,,,,
Presidencial 2022,11,LOCALIDAD 11 SUBA,GONZALO ARANGO - IED,6333,3227,50.96,Colegio Distrital Gonzalo Arango,CLL 130 A # 98 - 71 ,4.729812320000065,-74.09492314999994
Presidencial 2022,11,LOCALIDAD 11 SUBA,HUNZA SEDE A - IED,1615,900,55.73,Colegio Distrital Hunza - Sede A,CRA 84 A # 129 A - 40,4.723360860000071,-74.08334342999996
Presidencial 2022,11,LOCALIDAD 11 SUBA,HUNZA SEDE B - IED,2199,987,44.88,Colegio Distrital Hunza - Sede B,CLL 128 B # 87 D - 05,4.720686160000071,-74.08725561999995
Presidencial 2022,11,LOCALIDAD 11 SUBA,INSTITUTO SAN BASILIO,1400,728,52.0,Instituto San Basilio,CLL 136A # 152A -77,4.7438964500000225,-74.12456901999997
Presidencial 2022,11,LOCALIDAD 11 SUBA,JUAN LOZANO Y LOZANO SEDE B - IED,5923,2443,41.25,Colegio Distrital Juan Lozano y Lozano Sede B,CRA 99 # 154 - 26,4.753495720000046,-74.08667297999995
Presidencial 2022,11,LOCALIDAD 11 SUBA,LA ALHAMBRA CARULLA,8336,852,10.22,,,,
Presidencial 2022,11,LOCALIDAD 11 SUBA,LA CONEJERA,2039,878,43.06,Colegio Distrital Salitre Sede B,CLL 163 # 92 - 96 / CRA 92 # 169 B - 60,4.759968360000073,-74.07711754999997
Presidencial 2022,11,LOCALIDAD 11 SUBA,LA GAITANA SEDE A - IED,7970,3751,47.06,Colegio Distrital La Gaitana,TRV 126 # 134 - 88,4.742176890000053,-74.10852231999996
Presidencial 2022,11,LOCALIDAD 11 SUBA,LA GAITANA SEDE B - IED,3761,2177,57.88,Colegio Distrital La Gaitana Sede B,CLL 132 D # 123 B - 65 / CRA 124 # 132B - 02,4.739718030000063,-74.10669833999998
Presidencial 2022,11,LOCALIDAD 11 SUBA,LA TOSCANA LISBOA SEDE A - IED,3276,1993,60.84,Colegio Distrital La Toscana Lisboa,CLL 132 D Bis # 132 - 05,4.743527810000046,-74.11344446999993
Presidencial 2022,11,LOCALIDAD 11 SUBA,LA TOSCANA LISBOA SEDE B - IED,6445,2994,46.45,Colegio Distrital Lisboa - Sede B,CRA 151 A # 132 A - 16,4.743313740000076,-74.12165518999996
Presidencial 2022,11,LOCALIDAD 11 SUBA,MIRANDELA - NUEVA ZELANDIA,6215,1679,27.02,Colegio Nueva Zelandia Sede B,CLL 187 # 49 - 42,4.765522130000022,-74.04692982999995
Presidencial 2022,11,LOCALIDAD 11 SUBA,NICOLAS BUENAVENTURA - IED,7231,3070,42.46,Colegio Distrital Nicolás Buenaventura,CRA 103 B # 153 - 01,4.755537480000044,-74.09060191999998
Presidencial 2022,11,LOCALIDAD 11 SUBA,NIZA CENTRO COMERCIAL NIZA,12499,2395,19.16,Parqueadero Centro Comercial Niza,AV CLL 127 # 60 - 30,4.711258020000059,-74.07303392999995
Presidencial 2022,11,LOCALIDAD 11 SUBA,NIZA IX,3996,898,22.47,Colegio Distrital Prado Veraniego II - Sede B,CRA 53 A # 128 - 51,4.713495870000031,-74.06067302999998
Presidencial 2022,11,LOCALIDAD 11 SUBA,NUEVA COLOMBIA - IED,6863,3623,52.79,Colegio Distrital Nueva Colombia,CLL 128 C # 102 A - 25 / CRA 102 A # 128 A - 40,4.728539180000041,-74.09984255999996
Presidencial 2022,11,LOCALIDAD 11 SUBA,NUEVA ZELANDIA,5222,1491,28.55,Colegio Distrital Nueva Zelandia,CLL 181 # 51 A - 31,4.759085620000064,-74.04953912999997
Presidencial 2022,11,LOCALIDAD 11 SUBA,PARQUE FUNDACIONAL DE SUBA,16517,5721,34.64,Parque Fundacional de Suba,CRA 90 # 146 C - 40,4.7409315500000275,-74.08333584999997
Presidencial 2022,11,LOCALIDAD 11 SUBA,PASADENA-LOS TRES ELEFANTES,4713,615,13.05,,,,
Presidencial 2022,11,LOCALIDAD 11 SUBA,PONTEVEDRA,6387,1295,20.28,Colegio Distrital Santa Rosa - Sede A,CLL 102 A # 70 - 40,4.695967250000024,-74.07401791999996
Presidencial 2022,11,LOCALIDAD 11 SUBA,PRADO CIUDAD JARDIN,4141,1151,27.8,Colegio Distrital Gustavo Morales Morales - Sede B,CLL 129 B # 58 B - 45,4.719289010000068,-74.06980867999994
Presidencial 2022,11,LOCALIDAD 11 SUBA,PRADO PINZON,4794,1179,24.59,Colegio Distrital Anibal Fernández de Soto,CRA 53 # 135 - 13,4.722990700000025,-74.05738753999998
Presidencial 2022,11,LOCALIDAD 11 SUBA,PRADO SUR,7700,2263,29.39,Colegio Distrital Gustavo Morales Morales,CLL 129 # 55 - 55,4.716510670000048,-74.06435553999995
Presidencial 2022,11,LOCALIDAD 11 SUBA,PRADO VERANIEGO,5351,1536,28.7,Colegio Distrital Prado Veraniego I - Sede A,CRA 46 # 130 - 65,4.717159630000026,-74.05417373999995
Presidencial 2022,11,LOCALIDAD 11 SUBA,PUENTE LARGO-EMMANUEL D.ALZON,10250,1642,16.02,,,,
Presidencial 2022,11,LOCALIDAD 11 SUBA,RAMON DE ZUBIRIA SEDE A - IED,6560,3699,56.39,Colegio Distrital Ramón de Subiría - Sede A,DIAG 129 B Bis # 93 B - 51,4.7254010000000335,-74.09214299999996
Presidencial 2022,11,LOCALIDAD 11 SUBA,RAMON DE ZUBIRIA SEDE B - IED,3789,2015,53.18,Colegio Distrital Ramón de Subiría - Sede B,CLL 130 D # 88 B - 20,4.727428000000032,-74.08659299999994
Presidencial 2022,11,LOCALIDAD 11 SUBA,REPUBLICA DOMINICANA SEDE A - IED,8604,3957,45.99,Colegio Distrital República Dominicana,CLL 131 A # 125 - 39,4.738964390000035,-74.10899938999995
Presidencial 2022,11,LOCALIDAD 11 SUBA,REPUBLICA DOMINICANA SEDE B - IED,4206,2046,48.64,Colegio Distrital República Dominicana Sede B,CRA 123 # 129 D - 22 / CRA 123 # 129 D - 55,4.734903320000058,-74.10777578999995
Presidencial 2022,11,LOCALIDAD 11 SUBA,SALON COMUNAL ALCAPARROS,2499,1054,42.18,Salón Comunal Alcaparros,CLL 132 B Bis # 105 - 00 / CL 132 # 105 B - 00,4.736757350000062,-74.10094383999996
Presidencial 2022,11,LOCALIDAD 11 SUBA,SALON COMUNAL AURES II,2543,1269,49.9,Salón Comunal Aures II,CRA 105 B #129 D - 92,4.733217360000026,-74.10196150999997
Presidencial 2022,11,LOCALIDAD 11 SUBA,SALON COMUNAL CIUDAD JARDIN NORTE,2774,576,20.76,Salón Comunal Ciudad Jardín Norte,CRA 59 B BIS # 132 - 53,4.724865830000056,-74.07045661999996
Presidencial 2022,11,LOCALIDAD 11 SUBA,SALON COMUNAL COMPARTIR 1,1178,570,48.39,Salón Comunal Suba Compartir 1,CRA 136 C # 152 F - 44,4.760252180000066,-74.10591839999995
Presidencial 2022,11,LOCALIDAD 11 SUBA,SALON COMUNAL EL SOLAR,2296,1045,45.51,Salón Comunal El Solar 1,CRA 109 B # 141 A - 36 / CRA 109 B # 141 A 56,4.7458336800000325,-74.09980172999997
Presidencial 2022,11,LOCALIDAD 11 SUBA,SALON COMUNAL SAN FRANCISCO,1099,477,43.4,Salón Comunal Barrio San Francisco,CRA 84 A # 145 B -07,4.7366590000000315,-74.08034199999997
Presidencial 2022,11,LOCALIDAD 11 SUBA,SALON COMUNAL SAN PEDRO DE TIBABUYES,1833,1074,58.59,Salón Comunal San Pedro de Tibabuyes,CLL 137 # 145 B - 12,4.746355410000035,-74.11793439999997
Presidencial 2022,11,LOCALIDAD 11 SUBA,SALON COMUNAL SANTA CECILIA,2245,1275,56.79,Salón Comunal Santa Cecilia,CRA 158B # 131A - 45,4.739700000000028,-74.12819999999994
Presidencial 2022,11,LOCALIDAD 11 SUBA,SALON COMUNAL VILLA CINDY,2300,1236,53.74,Salón Comunal Villa Cindy,CLL 137 B #1 57 - 17,4.74375297000006,-74.12773663999997
Presidencial 2022,11,LOCALIDAD 11 SUBA,SALON COMUNAL VILLA MARIA,1272,659,51.81,Salón Comunal Villa Maria,CRA 111 # 135 - 25,4.7405871000000275,-74.10368113999994
Presidencial 2022,11,LOCALIDAD 11 SUBA,SALÓN COMUNAL AMBERES,1478,732,49.53,Salón Comunal Amberes,CRA 92 # 128 B - 41,4.722790880000048,-74.09103834999996
Presidencial 2022,11,LOCALIDAD 11 SUBA,SALÓN COMUNAL BILBAO,1112,550,49.46,Salón Comunal Bilbao,CLL 144 # 147 A - 13,4.752773520000062,-74.11774137999998
Presidencial 2022,11,LOCALIDAD 11 SUBA,SALÓN COMUNAL EL PÓRTICO,3758,1330,35.39,Salón Comunal El Pórtico,CLL 141 A # 99 B - 02,4.7427745600000435,-74.09183927999999
Presidencial 2022,11,LOCALIDAD 11 SUBA,SALÓN COMUNAL LISBOA,1397,761,54.47,Salón Comunal Lisboa,CRA 151 Bis #132 A-05,4.743482690000064,-74.12137760999997
Presidencial 2022,11,LOCALIDAD 11 SUBA,SALÓN COMUNAL VILLA HERMOSA,1053,497,47.2,Salón Comunal Villa Hermosa	,CRA 101 # 158 - 43,4.7573564600000395,-74.08742609999996
Presidencial 2022,11,LOCALIDAD 11 SUBA,SAN CIPRIANO,4591,1136,24.74,Colegio Distrital Vista Bella - Sede B,CLL 166 Bis  # 54 C - 08 / CLL 166 # 54 C - 08,4.748629040000026,-74.05503118999997
Presidencial 2022,11,LOCALIDAD 11 SUBA,SAN JOSE BAVARIA-ABRAHAM LINCOLN,4100,879,21.44,,,,
Presidencial 2022,11,LOCALIDAD 11 SUBA,SAN NICOLAS-AGUSTINIANO NORTE,4836,737,15.24,,,,
Presidencial 2022,11,LOCALIDAD 11 SUBA,SIMON BOLIVAR - IED,4760,1788,37.56,Colegio Distrital  Simón Bolívar Suba,CRA 92 # 146C - 38,4.741306350000059,-74.08484848999996
Presidencial 2022,11,LOCALIDAD 11 SUBA,SUPERCADE SUBA,7261,2935,40.42,,,,
Presidencial 2022,11,LOCALIDAD 11 SUBA,TEJARES NORTE,5020,1032,20.56,Universidad Pedagógica Nacional,CLL 183 # 54 D - 25,4.762782870000024,-74.05026994999997
Presidencial 2022,11,LOCALIDAD 11 SUBA,TIBABUYES UNIVERSAL SEDE A - IED,7883,3379,42.86,Colegio Distrital Tibabuyes Universal,CRA 128 A # 139 - 13,4.74623162000006,-74.11057586999993
Presidencial 2022,11,LOCALIDAD 11 SUBA,TIBABUYES UNIVERSAL SEDE B - IED,2379,1268,53.3,Colegio Distrital Tibabuyes Universal Sede B,CRA 118 # 136 -14,4.741808640000045,-74.10474295999995
Presidencial 2022,11,LOCALIDAD 11 SUBA,TUNA ALTA,515,221,42.91,Colegio Distrital Veintiún Ángeles Sede B,CLL 155A # 88 - 05,4.7499058500000615,-74.07865151999994
Presidencial 2022,11,LOCALIDAD 11 SUBA,UNIVERSIDAD UDCA SUBA,719,104,14.46,,,,
Presidencial 2022,11,LOCALIDAD 11 SUBA,VEINTIUN ANGELES SEDE A - IED,2389,1006,42.11,Colegio Distrital Veintiún Ángeles,CRA 90 # 154 A - 09,4.749452670000039,-74.08034907999996
Presidencial 2022,11,LOCALIDAD 11 SUBA,VILLA DEL PRADO UNIAGRARIA,8395,1728,20.58,,,,
Presidencial 2022,11,LOCALIDAD 11 SUBA,VILLA ELISA SEDE A - IED,3382,1197,35.39,Colegio Distrital Villa Elisa - Sede A,CLL 132 C # 92 A - 71,4.73234393000007,-74.08785468999997
Presidencial 2022,11,LOCALIDAD 11 SUBA,VILLA ELISA SEDE B IED,3457,1408,40.73,Colegio Distrital Villa Elisa Sede B,CLL 135 # 94 C - 57,4.73449123000006,-74.08876332999995
Presidencial 2022,11,LOCALIDAD 11 SUBA,VILLA ELISA SEDE C - IED,5092,1888,37.08,Colegio Villa Elisa Sedes C y D,CLL 128 Bis # 93 - 80,4.722742550000021,-74.09331632999994
Presidencial 2022,11,LOCALIDAD 11 SUBA,VIRGINIA GUTIERREZ DE PINEDA - IED,4508,2375,52.68,Colegio Distrital Virginia Gutiérrez de Pineda,CLL 131 B # 94 F - 31,4.731055910000066,-74.09174548999994
Presidencial 2022,12,LOCALIDAD 12 BARRIOS UNIDOS,11 DE NOVIEMBRE,339,149,43.95,Jardín Infantil Santa Sofía,CRA 28 B #75 - 11 ,4.668502700000033,-74.06914313999994
Presidencial 2022,12,LOCALIDAD 12 BARRIOS UNIDOS,12 DE OCTUBRE,2409,869,36.07,Colegio Distrital  Francisco Primero Sede C,CRA 29 C # 71 C - 11,4.666941940000072,-74.07335094999996
Presidencial 2022,12,LOCALIDAD 12 BARRIOS UNIDOS,BENJAMIN HERRERA,2522,908,36.0,Colegio Distrital Francisco Primero Sede Alemania,CRA 28 # 63 - 64,4.652273760000071,-74.07567929999993
Presidencial 2022,12,LOCALIDAD 12 BARRIOS UNIDOS,CAFAM AV. 68,9454,2555,27.03,,,,
Presidencial 2022,12,LOCALIDAD 12 BARRIOS UNIDOS,CASA COMUNAL Y CULTURAL RIONEGRO,895,292,32.63,Casa Comunal y Cultural Rionegro,CLL 94 # 59 - 17,4.682830810000041,-74.06604030999995
Presidencial 2022,12,LOCALIDAD 12 BARRIOS UNIDOS,COL. LICEO FORMACIÓN - ALBERT SCHWEITZER,315,71,22.54,,,,
Presidencial 2022,12,LOCALIDAD 12 BARRIOS UNIDOS,COLOMBIA,2349,920,39.17,Colegio Mercedario San Pedro,CLL 69 # 17 - 39,4.657375870000067,-74.06551905999999
Presidencial 2022,12,LOCALIDAD 12 BARRIOS UNIDOS,DOMINGO FAUSTINO SARMIENTO SEDE B,861,298,34.61,Colegio Distrital Domingo Faustino Sarmiento Sede B,CLL 91 A # 60 - 01,4.680526830000076,-74.06668700999995
Presidencial 2022,12,LOCALIDAD 12 BARRIOS UNIDOS,ENTRE RIOS,3487,862,24.72,Parqueadero Conjunto Residencial Entre Ríos,CRA 62 # 83 - 02 / AV CLL 80 # 58 - 84 ,4.6803001500000505,-74.07541461999995
Presidencial 2022,12,LOCALIDAD 12 BARRIOS UNIDOS,FUNDACION UNIVERSITARIA LOS LIBERTADORES,396,185,46.72,Fundación Universitaria Los Libertadores,CRA 16 # 63 A - 68,4.651561430000072,-74.06636835999996
Presidencial 2022,12,LOCALIDAD 12 BARRIOS UNIDOS,GAITAN,4009,1288,32.13,Colegio Distrital Rafaél Bernal Jiménez - Sede B,CRA 54 # 78 - 85,4.674229420000074,-74.07245197999998
Presidencial 2022,12,LOCALIDAD 12 BARRIOS UNIDOS,HELADIA MEJIA SEDE A,411,188,45.74,Colegio Distrital Heladía Mejía Sede A,CLL 65 A # 15 - 64 / CLL 65 A # 15A - 02,4.653123520000065,-74.06566702999999
Presidencial 2022,12,LOCALIDAD 12 BARRIOS UNIDOS,ISERRA 100,4301,928,21.58,Centro Comercial ISERRA 100,TRV 55 # 98 A - 66,4.6878207200000475,-74.06459721999994
Presidencial 2022,12,LOCALIDAD 12 BARRIOS UNIDOS,JORGE ELIECER GAITAN SEDE B PRIMARIA,3137,1159,36.95,Colegio Distrital Jorge Eliecer Gaitán - Sede B,AV CLL 72 # 58 - 75,4.6725178800000435,-74.07983929999995
Presidencial 2022,12,LOCALIDAD 12 BARRIOS UNIDOS,JOSE JOAQUIN VARGAS,5895,1799,30.52,Fundación Universitaria Monserrate - UNIMONSERRATE,AV CLL 68 # 62 - 11,4.67268260000003,-74.08314809999996
Presidencial 2022,12,LOCALIDAD 12 BARRIOS UNIDOS,LA CASTELLANA,4651,804,17.29,Cancha detrás de Olimpica,CRA 47 A con CLL 94 Cancha Parque / CRA 48 # 94 - 02,4.68258983000004,-74.06048851999998
Presidencial 2022,12,LOCALIDAD 12 BARRIOS UNIDOS,LA MUEQUETA,1269,374,29.47,Colegio Distrital Heladia Mejía - Sede B,CLL 64 # 20 - 21,4.654475370000057,-74.06936124999999
Presidencial 2022,12,LOCALIDAD 12 BARRIOS UNIDOS,LA PAZ,1862,692,37.16,Colegio Distrital Francisco primero Sede Manuela Ayala,CRA 28 B # 65 - 80,4.660220170000059,-74.07520913999997
Presidencial 2022,12,LOCALIDAD 12 BARRIOS UNIDOS,LORENCITA VILLEGAS DE SANTOS,237,76,32.07,Colegio Distrital Lorencita Villegas de Santos,CRA 52 # 76 - 63,4.67264018000003,-74.07196111999997
Presidencial 2022,12,LOCALIDAD 12 BARRIOS UNIDOS,LOS ALCAZARES,3438,1137,33.07,Colegio San Felipe Neri,CRA 27 C # 71 - 80,4.66374804000003,-74.07035057999997
Presidencial 2022,12,LOCALIDAD 12 BARRIOS UNIDOS,METROPOLIS,5323,1389,26.09,Centro Comercial Metrópolis,AV CRA 68 # 75 A - 50,4.680544730000065,-74.08229830999994
Presidencial 2022,12,LOCALIDAD 12 BARRIOS UNIDOS,PARQUE JUAN XXIII,1689,474,28.06,,,,
Presidencial 2022,12,LOCALIDAD 12 BARRIOS UNIDOS,PARQUE SAN FERNANDO,237,94,39.66,,,,
Presidencial 2022,12,LOCALIDAD 12 BARRIOS UNIDOS,PATRIA,1637,505,30.85,Fundación Educativa Santa María,CRA 50 # 90 - 50,4.6790756500000725,-74.06517254999994
Presidencial 2022,12,LOCALIDAD 12 BARRIOS UNIDOS,PLAZA DE LOS ARTESANOS,2792,858,30.73,Plaza de Los Artesanos,CRA 60 # 63 A - 52/AV CRA 60 # 63 - 64,4.664194990000055,-74.08583786999998
Presidencial 2022,12,LOCALIDAD 12 BARRIOS UNIDOS,POLIDEPORTIVO  POLO,1809,486,26.87,,,,
Presidencial 2022,12,LOCALIDAD 12 BARRIOS UNIDOS,POLO CLUB,2568,510,19.86,Alianza Cristiana y Misionera Colombiana,AV CRA 20 (Autopista norte) # 81 - 55,4.669161300000042,-74.06070016999996
Presidencial 2022,12,LOCALIDAD 12 BARRIOS UNIDOS,POPULAR MODELO,6534,1963,30.04,Colegio Distrital Jorge Eliecer Gaitán - Sede A,CLL 66 A # 56 B – 35 / CLL 66 A # 56 - 25,4.665450650000025,-74.08165928999995
Presidencial 2022,12,LOCALIDAD 12 BARRIOS UNIDOS,RAFAEL BERNAL JIMENEZ SEDE A,328,110,33.54,Colegio Distrital Rafael Bernal Jimenez Sede A,CRA 53 # 75 - 17,4.671847540000044,-74.07350123999998
Presidencial 2022,12,LOCALIDAD 12 BARRIOS UNIDOS,REPUBLICA DE PANAMA SEDE C,1585,702,44.29,Colegio Distrital República de Panamá - Sede C,CLL 78 # 58 - 60,4.676408760000072,-74.07657952999995
Presidencial 2022,12,LOCALIDAD 12 BARRIOS UNIDOS,RIONEGRO,4816,1357,28.18,Colegio Distrital Faustino Sarmiento - Sede A,TRV 60 # 95 - 51,4.684978810000075,-74.06649724999994
Presidencial 2022,12,LOCALIDAD 12 BARRIOS UNIDOS,SAN FERNANDO,4914,1900,38.67,Colegio Distrital República de Panamá Sede A,CRA 57 A # 74 A - 32,4.672777720000056,-74.07670480999997
Presidencial 2022,12,LOCALIDAD 12 BARRIOS UNIDOS,SAN MIGUEL,2027,658,32.46,Colegio Distrital Jorge Eliecer Gaitán - Sede A,CLL 66 A # 43 - 25 / CLL 66 A # 56 - 25 ,4.665057630000035,-74.08108760999994
Presidencial 2022,12,LOCALIDAD 12 BARRIOS UNIDOS,SANTA SOFIA,2901,976,33.64,Colegio Distrital Juan Francisco Berbeo - Sede A,CRA 28 B # 78 - 40 / CRA 28 B # 78 - 30 ,4.670677320000038,-74.06707617999996
Presidencial 2022,12,LOCALIDAD 12 BARRIOS UNIDOS,SIETE DE AGOSTO,4775,1738,36.4,Universidad del Rosario,CRA 24 # 63 C - 69,4.654623560000061,-74.07208126999996
Presidencial 2022,12,LOCALIDAD 12 BARRIOS UNIDOS,SIMON BOLIVAR,6295,2303,36.58,Colegio Distrital Tomás Carrasquilla - sede A,CLL 74 A # 62 - 44,4.67576162000006,-74.08023465999997
Presidencial 2022,12,LOCALIDAD 12 BARRIOS UNIDOS,UNITEC,206,102,49.51,Corporación Universitaria UNITEC,CLL 73 # 20A - 52,4.66174213000005,-74.06288720999999
Presidencial 2022,13,LOCALIDAD 13 TEUSAQUILLO,ACEVEDO TEJADA,1654,844,51.03,Salón Comunal Acevedo Tejada,CRA 32 A # 27 A - 16/CRA 32 A # 27 A -20,4.629909000000055,-74.08123899999998
Presidencial 2022,13,LOCALIDAD 13 TEUSAQUILLO,BIBLIOTECA VIRGILIO BARCO,2732,1000,36.6,Biblioteca Virgilio Barco,AV CRA 60 # 57 - 60,4.657094270000073,-74.08867879999997
Presidencial 2022,13,LOCALIDAD 13 TEUSAQUILLO,CAFAM CALLE 51,3148,1119,35.55,,,,
Presidencial 2022,13,LOCALIDAD 13 TEUSAQUILLO,CENTRO COMERCIAL GALERIAS,6732,3035,45.08,Centro Comercial Galerías,CLL 53 B # 25 - 21,4.643162800000027,-74.07494141999996
Presidencial 2022,13,LOCALIDAD 13 TEUSAQUILLO,CENTRO DE INTEGRACION SOCIAL,274,162,59.12,Centro de Integración Social,CLL 39 # 17 - 48,4.627304160000051,-74.07169016999995
Presidencial 2022,13,LOCALIDAD 13 TEUSAQUILLO,CENTRO NARIÑO,2708,1100,40.62,Acueducto,AV CLL 24 # 37 - 27,4.628473690000021,-74.09149144999998
Presidencial 2022,13,LOCALIDAD 13 TEUSAQUILLO,CIRCULO COLOMBIANO DE ARTISTAS,592,324,54.73,Teatro Bernardo Romero Lozano,CLL 46 # 28 - 30,4.636136780000072,-74.07842896999995
Presidencial 2022,13,LOCALIDAD 13 TEUSAQUILLO,CIUDAD SALITRE,5332,1065,19.97,Plazoleta Centro Comercial Gran Estación,AV CLL 26 # 62 - 47 /AV CLL 26 # 60 - 61,4.64855878000003,-74.10117280999998
Presidencial 2022,13,LOCALIDAD 13 TEUSAQUILLO,COLEGIO AMERICANO,4376,1567,35.81,Colegio Americano,CRA 22 # 45 A - 51,4.634310560000074,-74.07409025999993
Presidencial 2022,13,LOCALIDAD 13 TEUSAQUILLO,COLEGIO DEL PILAR,3167,1128,35.62,Colegio Nuestra Señora del Pilar,CLL 62 # 27 A - 12,4.650735230000066,-74.07527643999998
Presidencial 2022,13,LOCALIDAD 13 TEUSAQUILLO,COLEGIO MONTEHELENA,2444,990,40.51,,,,
Presidencial 2022,13,LOCALIDAD 13 TEUSAQUILLO,COLEGIO SANTA CLARA,2960,1441,48.68,Colegio Santa Clara,AV CRA 28 # 35 - 35,4.624981000000048,-74.07672481999998
Presidencial 2022,13,LOCALIDAD 13 TEUSAQUILLO,DIVINO SALVADOR,3460,1463,42.28,Colegio Distrital Manuela Beltrán,CRA 14 A # 57 - 28,4.644427050000047,-74.06639656999994
Presidencial 2022,13,LOCALIDAD 13 TEUSAQUILLO,EL SALITRE,1856,449,24.19,Salón Comunal Salitre Greco,CLL 46 # 67 A - 35,4.655930620000049,-74.10011001999999
Presidencial 2022,13,LOCALIDAD 13 TEUSAQUILLO,GIMNASIO WILLIAM MACKINLEY,6136,1692,27.57,,,,
Presidencial 2022,13,LOCALIDAD 13 TEUSAQUILLO,HEMEROTECA NACIONAL,2010,748,37.21,,,,
Presidencial 2022,13,LOCALIDAD 13 TEUSAQUILLO,IMPRENTA NACIONAL VIA PUBLICA,5288,1057,19.99,,,,
Presidencial 2022,13,LOCALIDAD 13 TEUSAQUILLO,JARDIN INF. AFRO EL MUNDO DE LOS ORIXAS,1243,660,53.1,,,,
Presidencial 2022,13,LOCALIDAD 13 TEUSAQUILLO,LA ESMERALDA,5520,1562,28.3,Colegio Calazanz Femenino,CLL 44 C # 55 - 50 /CLL 45 # 54 - 51,4.647254000000032,-74.09103470999997
Presidencial 2022,13,LOCALIDAD 13 TEUSAQUILLO,LA MAGDALENA,2408,1093,45.39,Colegio Champagnat,CRA 17 # 39 B - 51,4.6293509600000675,-74.07105250999996
Presidencial 2022,13,LOCALIDAD 13 TEUSAQUILLO,LICEO PARROQUIAL SARA ZAPATA,1875,798,42.56,Liceo Parroquial Sara Zapata,CRA 22 # 51 - 68,4.640129330000036,-74.07275262999997
Presidencial 2022,13,LOCALIDAD 13 TEUSAQUILLO,NICOLAS DE FEDERMAN,5448,1331,24.43,Colegio de la Contraloría,CLL 57 B # 37 - 34,4.648238760000027,-74.08198887999998
Presidencial 2022,13,LOCALIDAD 13 TEUSAQUILLO,PABLO VI,4918,1344,27.33,Plazoleta Pablo VI,CRA 53 con CLL 57 B (Plazoleta) / CLL 57A # 53 - 21,4.649792880000064,-74.08685654999994
Presidencial 2022,13,LOCALIDAD 13 TEUSAQUILLO,PABLO VI II ETAPA,1741,455,26.13,,,,
Presidencial 2022,13,LOCALIDAD 13 TEUSAQUILLO,PALERMO,4374,1304,29.81,Colegio Distrital Palermo,CRA 23 # 49 - 37,4.638043200000027,-74.07408780999998
Presidencial 2022,13,LOCALIDAD 13 TEUSAQUILLO,RAFAEL NUÑEZ,4893,1359,27.77,Escuela Superior de Administración Pública - ESAP,CLL 44 # 53 - 37,4.644623940000031,-74.09262936999994
Presidencial 2022,13,LOCALIDAD 13 TEUSAQUILLO,RESIDENCIAS B.C.H.,1921,748,38.94,Instituto Distrital Manuela Beltrán,CRA 32 A # 27 - 18,4.6296729100000675,-74.08162453999995
Presidencial 2022,13,LOCALIDAD 13 TEUSAQUILLO,SALON COMUNAL LA ESMERALDA,831,277,33.33,Salón Comunal La Esmeralda,CLL 45 # 54 - 91,4.647996510000041,-74.09104757999995
Presidencial 2022,13,LOCALIDAD 13 TEUSAQUILLO,SAN LUIS,3359,1349,40.16,Colegio Antonio Nariño,CL 61 16 15,4.648300910000046,-74.06726194999999
Presidencial 2022,13,LOCALIDAD 13 TEUSAQUILLO,SANTA TERESITA,936,277,29.59,Liceo Universidad Católica,DIAG 46 A # 15 - 21 /CRA 15 # 46 - 69,4.634295930000064,-74.06879445999994
Presidencial 2022,13,LOCALIDAD 13 TEUSAQUILLO,SUPERCADE CAD,2382,1268,53.23,Sistema Distrital de Servicio a la Ciudadanía - Supercade CAD,CRA 30 # 25 - 90,4.625532340000063,-74.08150576999998
Presidencial 2022,13,LOCALIDAD 13 TEUSAQUILLO,TEUSAQUILLO,3450,1556,45.1,Fundación Universitaria Compensar (Sede K),CLL 32 A # 17 - 14,4.621280330000047,-74.07273435999997
Presidencial 2022,13,LOCALIDAD 13 TEUSAQUILLO,UNIEMPRESARIAL,562,227,40.39,UNIEMPRESARIAL,CRA 33 A # 30 - 20,4.6323615200000745,-74.08094666999995
Presidencial 2022,13,LOCALIDAD 13 TEUSAQUILLO,UNINPAHU,458,268,58.52,Universidad UNINPAHU,DIAG 40 A # 15 - 59,4.628982370000074,-74.06999030999998
Presidencial 2022,13,LOCALIDAD 13 TEUSAQUILLO,UNIV  ANTONIO NARIÑO TEUSAQUILLO,1466,566,38.61,,,,
Presidencial 2022,13,LOCALIDAD 13 TEUSAQUILLO,UNIVERSIDAD DE ANTIOQUIA,343,210,61.22,Universidad de Antioquia,CRA 21 # 35 - 53,4.625370710000027,-74.07488556999994
Presidencial 2022,13,LOCALIDAD 13 TEUSAQUILLO,UNIVERSIDAD ECCI - SEDE G,2476,1293,52.22,Universidad ECCI - Sede G,CRA 19 # 48 - 32,4.636799850000045,-74.07135072999995
Presidencial 2022,13,LOCALIDAD 13 TEUSAQUILLO,UNIVERSIDAD NACIONAL AUD ALFONSO LOPEZ,1909,1229,64.38,Universidad Nacional - Auditorio Alfonso López Pumarejo,CRA 45 # 26 - 85,4.639493190000053,-74.08986527999997
Presidencial 2022,14,LOCALIDAD 14 MARTIRES,ANTONIO RICAURTE,1010,431,42.67,Colegio Distrital Antonio Ricaurte - Sede A,CRA 26 # 07 - 61,4.605491680000057,-74.09318330999997
Presidencial 2022,14,LOCALIDAD 14 MARTIRES,CENTRO CRECER,3004,899,29.93,Centro Crecer,AV CLL 1 # 24 B - 26,4.594708290000028,-74.09769646999996
Presidencial 2022,14,LOCALIDAD 14 MARTIRES,CENTRO MEMORIA,858,463,53.96,Centro Memoria,CRA 19 B # 24 - 32,4.618683370000042,-74.07725251999994
Presidencial 2022,14,LOCALIDAD 14 MARTIRES,COL SAN JOSE MARTIRES,245,94,38.37,Colegio San Jose  ,CRA 29 # 12 - 83,4.61235959000004,-74.09219755999999
Presidencial 2022,14,LOCALIDAD 14 MARTIRES,COLEGIO BILINGUE CEDAM,1811,611,33.74,Colegio Privado Bilingüe CEDAM,CLL 2 B # 27 A - 26,4.601268120000043,-74.09919003999994
Presidencial 2022,14,LOCALIDAD 14 MARTIRES,COLEGIO DISTRITAL TECNICO MENORAH,1934,820,42.4,Colegio Distrital Técnico Menorah,CRA 19 A # 1 C -56 / CRA 19 A # 1 C -64 /CRA 19 A # 1 C - 19,4.59398292000003,-74.09278723999995
Presidencial 2022,14,LOCALIDAD 14 MARTIRES,COLSEGUROS,1901,633,33.3,Salón Comunal,AV CLL 22 C # 29 A - 47,4.621698650000042,-74.08428456999997
Presidencial 2022,14,LOCALIDAD 14 MARTIRES,EDUARDO SANTOS,2725,997,36.59,Centro Educativo Distrital Eduardo Santos,CRA 19 A Bis # 1 A - 55 / CRA 19 B Bis # 1 C - 55,4.5943392400000675,-74.09333049999998
Presidencial 2022,14,LOCALIDAD 14 MARTIRES,EL CASTILLO DE LAS ARTES,208,123,59.13,El Castillo de Las Artes,CLL 23 # 14 - 19,4.61178263000005,-74.07505895999998
Presidencial 2022,14,LOCALIDAD 14 MARTIRES,EL VERGEL,3447,1298,37.66,Colegio Distrital San Francisco de Asís - Sede B,CRA 21  # 1 D – 06 / CRA 21 # 1 H – 06,4.596321870000054,-74.09426546999998
Presidencial 2022,14,LOCALIDAD 14 MARTIRES,ESTACION DE LA SABANA,3266,1255,38.43,Salones de la Estación,CLL 13 # 18 - 24,4.607028940000021,-74.08335136999995
Presidencial 2022,14,LOCALIDAD 14 MARTIRES,FUNDACION UNIVERSITARIA SAN MATEO,205,126,61.46,Fundación Universitaria San Mateo,TRV  17 # 25 - 25 / TRV  17 # 25 - 45,4.6147498600000745,-74.07399860999993
Presidencial 2022,14,LOCALIDAD 14 MARTIRES,IED REPUBLICA BOLIVARIANA SEDE B,2323,942,40.55,,,,
Presidencial 2022,14,LOCALIDAD 14 MARTIRES,LA ESTANZUELA - IED ANTONIA SANTOS,5188,1503,28.97,La Estanzuela - IED Antonia Santos ,CRA 22 # 12 - 49,4.608303110000065,-74.08799465999994
Presidencial 2022,14,LOCALIDAD 14 MARTIRES,LA REBECA,844,299,35.43,Colegio Distrital Eduardo Santos - Sede B - Primera Infancia,CRA 24 # 1 H - 19,4.5969049800000334,-74.09586257999996
Presidencial 2022,14,LOCALIDAD 14 MARTIRES,MALLPLAZA,4254,1753,41.21,Centro Comercial Mallplaza,AV NQS con 19 /CRA 30 20 54 ,4.6192269700000566,-74.08655260999996
Presidencial 2022,14,LOCALIDAD 14 MARTIRES,PANAMERICANO,1135,560,49.34,Colegio Distrital Panamericano,CRA 27 # 24 C - 19,4.6230571100000475,-74.07883499999997
Presidencial 2022,14,LOCALIDAD 14 MARTIRES,RICAURTE,4557,1731,37.99,Colegio Distrital Antonio Ricaurte - Sede B,CLL 10 # 29 - 64,4.610112400000048,-74.09447961999996
Presidencial 2022,14,LOCALIDAD 14 MARTIRES,SALON COMUNAL SAMPER MENDOZA,815,364,44.66,Salón Comunal Samper Mendoza,CRA 26 # 22A - 16,4.618834870000057,-74.08317053999997
Presidencial 2022,14,LOCALIDAD 14 MARTIRES,SALON COMUNAL SANTA ISABEL,1910,671,35.13,Salón Comunal Santa Isabel,CLL 1 D Bis # 29 - 92,4.599747280000031,-74.10290328999997
Presidencial 2022,14,LOCALIDAD 14 MARTIRES,SALON COMUNAL USATAMA,829,316,38.12,Salón Comunal Usatama,CLL 23 Bis # 29A - 40,4.623001550000026,-74.08347248999996
Presidencial 2022,14,LOCALIDAD 14 MARTIRES,SAN FASON,1230,438,35.61,Colegio Nuestra Señora de la Presentación,CLL 19 # 19 - 27,4.61216225000004,-74.08133885999996
Presidencial 2022,14,LOCALIDAD 14 MARTIRES,SAN VICENTE PLAZA,646,156,24.15,San Vicente Plaza,CRA 21 # 9- 31,4.605096060000051,-74.08936338999996
Presidencial 2022,14,LOCALIDAD 14 MARTIRES,SANTA FE,2956,1292,43.71,Colegio Distrital República Bolivariana de Venezuela - Sede A,CLL 22 A # 18 B - 42,4.615162800000064,-74.07940437999997
Presidencial 2022,14,LOCALIDAD 14 MARTIRES,VERAGUAS,2247,714,31.78,Salón Comunal Barrio El Progreso,CLL 5 A # 26 A - 39,4.602877290000038,-74.09628110999995
Presidencial 2022,15,LOCALIDAD 15 ANTONIO NARIÑO,CASA COMUNAL CIUDAD JARDIN,1285,555,43.19,Casa Comunal Ciudad Jardín,CRA 12 F # 19 - 37 Sur,4.580744910000021,-74.09961815999998
Presidencial 2022,15,LOCALIDAD 15 ANTONIO NARIÑO,CINCO DE NOVIEMBRE,1659,640,38.58,Salón Comunal Cinco de Noviembre,CLL 39 A Sur # 39 A - 12/CRA 34F # 39 - 12 Sur,4.593381400000055,-74.12591339999994
Presidencial 2022,15,LOCALIDAD 15 ANTONIO NARIÑO,CIUDAD BERNA,3967,1537,38.74,Escuela Superior Distrital María Montesory - Sede B,CLL 10 Sur # 13 - 27,4.586132710000072,-74.09353677999997
Presidencial 2022,15,LOCALIDAD 15 ANTONIO NARIÑO,CIUDAD JARDIN,5339,1713,32.08,Colegio Cooperativo del Magisterio de Cundinamarca,CLL 16 Bis Sur # 12 C - 02,4.582211690000065,-74.09646507999997
Presidencial 2022,15,LOCALIDAD 15 ANTONIO NARIÑO,COLEGIO ADVENTISTA EMMANUEL,836,345,41.27,Colegio Adventista Emmanuel,CLL 10 B Sur # 18 A - 15,4.588831590000041,-74.09755352999997
Presidencial 2022,15,LOCALIDAD 15 ANTONIO NARIÑO,COLEGIO ATANASIO GIRARDOT SEDE B,345,151,43.77,Colegio Atanasio Girardot Sede B,CRA 24 B # 4 04 Sur,4.593291450000038,-74.09777201999998
Presidencial 2022,15,LOCALIDAD 15 ANTONIO NARIÑO,COLEGIO NUESTRA SEÑORA DE LA PAZ,633,239,37.76,Colegio Privado Comunidad Hermanas de Nuestra Señora de La Paz,AV CRA 27 # 29 - 17 Sur / AV CRA 27 # 29 - 65 Sur,4.588895250000064,-74.11326542999996
Presidencial 2022,15,LOCALIDAD 15 ANTONIO NARIÑO,LA FRAGUA,4613,1859,40.3,Colegio Distrital Atanasio Girardot - Sede A,CLL 14 Sur # 28 - 16,4.594286360000069,-74.10444051999997
Presidencial 2022,15,LOCALIDAD 15 ANTONIO NARIÑO,LA VALVANERA,3967,1490,37.56,Colegio Parroquial La Valvanera,CLL 13 Sur # 24 B - 04,4.58998900000006,-74.10028399999999
Presidencial 2022,15,LOCALIDAD 15 ANTONIO NARIÑO,LUNA PARK,1644,706,42.94,Colegio Distrital Guillermo León Valencia - Sede C,CLL 10 B Bis Sur # 16 - 11,4.5871945200000255,-74.09726188999997
Presidencial 2022,15,LOCALIDAD 15 ANTONIO NARIÑO,POLICARPA,5110,2695,52.74,Colegio Distrital Jaime Pardo Leal,CRA 10 A Sur # 3 - 63/CRA 10 A # 3 - 21 Sur,4.586603000000025,-74.08822097999996
Presidencial 2022,15,LOCALIDAD 15 ANTONIO NARIÑO,RESTREPO A,7082,2925,41.3,Escuela Normal Superior Distrital María Montesory - Sede A,CLL 14 Sur # 14 - 20,4.58524452000006,-74.09690012999994
Presidencial 2022,15,LOCALIDAD 15 ANTONIO NARIÑO,RESTREPO B,6489,2435,37.53,Colegio Distrital Guillermo León Valencia - Sede A,CLL 15 Sur # 24 B - 15 / CLL 15 Sur # 24 B - 17 / CRA 24 B # 16 - 03 Sur,4.588278760000037,-74.10211534999996
Presidencial 2022,15,LOCALIDAD 15 ANTONIO NARIÑO,SALON COMUNAL CIUDAD BERNA,1017,400,39.33,Salón Comunal Ciudad Berna,CLL 8 Sur # 11 A - 39 / CRA 11 A # 8 - 39 Sur,4.585331780000047,-74.09086793999995
Presidencial 2022,15,LOCALIDAD 15 ANTONIO NARIÑO,SALON COMUNAL EDUARDO FREI,355,164,46.2,Salón Comunal Eduardo Frei,CL 32 Sur 29A # 75,4.590770970000051,-74.11702177999996
Presidencial 2022,15,LOCALIDAD 15 ANTONIO NARIÑO,SALON COMUNAL LA FRAGUITA,2310,912,39.48,Salón Comunal La Fraguita,CRA 25 Bis # 3-51/71 Sur,4.594020540000031,-74.10004220999997
Presidencial 2022,15,LOCALIDAD 15 ANTONIO NARIÑO,SALON COMUNAL SEVILLA SUR,313,157,50.16,Salón Comunal Sevilla Sur,CLL 2 Sur # 13 A - 16,4.590275770000062,-74.09024811999996
Presidencial 2022,15,LOCALIDAD 15 ANTONIO NARIÑO,SALON COMUNAL VILLA MAYOR,1703,697,40.93,Salón Comunal Ciudad Villa Mayor,CRA 34 C # 34 - 18 Sur/CRA 34 C # 32A - 18 Sur,4.592108650000057,-74.11921227999994
Presidencial 2022,15,LOCALIDAD 15 ANTONIO NARIÑO,SALÓN COMUNAL SAN ANTONIO,592,249,42.06,Salón Comunal San Antonio,CRA 18A # 4 - 81 Sur / CLL 6 Sur #18A - 04,4.590876380000054,-74.09567293999999
Presidencial 2022,15,LOCALIDAD 15 ANTONIO NARIÑO,SAN ANTONIO,4233,1600,37.8,Gimnasio Monseñor Manuel María Camargo,CLL 6 Sur # 14 - 49 / CRA 14 # 6 - 51 Sur,4.587600360000067,-74.09360645999999
Presidencial 2022,15,LOCALIDAD 15 ANTONIO NARIÑO,SANTANDER,2510,1007,40.12,Colegio Distrital Francisco Jose de Paula - Sede A,CLL 23 Sur # 27 - 27,4.589816230000054,-74.11035550999998
Presidencial 2022,15,LOCALIDAD 15 ANTONIO NARIÑO,SANTANDER SUR,2240,970,43.3,Colegio Distrital Francisco Jose de Paula - Sede B,CLL 29 Sur # 29 A - 47,4.590989210000032,-74.11432248999995
Presidencial 2022,15,LOCALIDAD 15 ANTONIO NARIÑO,SENA,4459,1743,39.09,SENA Centro Distrital (San Jorge Central),AV CRA 30 # 17 B - 25 Sur/AV CRA 30 # 17 - 91 Sur,4.595189790000063,-74.11194130999996
Presidencial 2022,15,LOCALIDAD 15 ANTONIO NARIÑO,VILLA MAYOR,5722,2052,35.86,Centro Comercial Centro Mayor,CLL 38 A Sur # 34 D - 51,4.592644460000031,-74.12509334999999
Presidencial 2022,16,LOCALIDAD 16 PUENTE ARANDA,ALCALA,6699,2786,41.59,Colegio Distrital Benjamín Herrera - Sede B,CRA 51 C # 33 - 41 Sur,4.601979990000075,-74.12717777999995
Presidencial 2022,16,LOCALIDAD 16 PUENTE ARANDA,ALCALDIA PUENTE ARANDA,5262,1572,29.87,Alcaldía Local de Puente Aranda,CRA 31 D # 04 - 43,4.605798810000067,-74.10315106999997
Presidencial 2022,16,LOCALIDAD 16 PUENTE ARANDA,ALQUERIA,4779,1782,37.29,Colegio Distrital Julio Garavito - Sede A,CLL 40 B Sur # 52 C - 60,4.599751690000062,-74.13425670999999
Presidencial 2022,16,LOCALIDAD 16 PUENTE ARANDA,AUTOPISTA SUR,1904,621,32.62,Salón Comunal Barrio Autopista Sur,CLL 38 Sur # 50 A - 70 / CRA 51 # 37 A - 52 Sur,4.598533670000052,-74.12678912999996
Presidencial 2022,16,LOCALIDAD 16 PUENTE ARANDA,BENJAMIN HERRERA SEDE C,568,270,47.54,Colegio Benjamín Herrera Sede C,CLL 29 Sur # 41A - 42,4.60140879000005,-74.12139030999998
Presidencial 2022,16,LOCALIDAD 16 PUENTE ARANDA,C.C. OUTLET FACTORY,2657,1037,39.03,Centro Comercial Outlet Factory,AV CLL 9 # 62 - 84 entrada 1 y 2,4.629242370000043,-74.11836959999994
Presidencial 2022,16,LOCALIDAD 16 PUENTE ARANDA,CARRERA CENTRO COMERCIAL,2066,756,36.59,,,,
Presidencial 2022,16,LOCALIDAD 16 PUENTE ARANDA,CASA DE LA CULTURA LA ASUNCION,846,318,37.59,Casa de La Cultura La Asunción,CLL 1 H # 32 - 04,4.603484430000037,-74.10566022999996
Presidencial 2022,16,LOCALIDAD 16 PUENTE ARANDA,CENTRO EDUCATIVO DISTRITAL ESPAÑA,422,222,52.61,Colegio Distrital Centro Educativo España,CLL 18 # 35 - 25,4.621806080000056,-74.09303401999995
Presidencial 2022,16,LOCALIDAD 16 PUENTE ARANDA,CENTRO PARA CIEGOS  CRAC,1463,569,38.89,,,,
Presidencial 2022,16,LOCALIDAD 16 PUENTE ARANDA,CIUDAD MONTES,6160,2275,36.93,Colegio Nacional de Cultura Popular,CRA 51 # 16 -64 Sur,4.60615837000006,-74.12029329999996
Presidencial 2022,16,LOCALIDAD 16 PUENTE ARANDA,COLEGIO DISTRITAL SORRENTO,3538,1533,43.33,Colegio Distrital Sorrento Sede A,CLL 5 B # 53 C - 74,4.622991050000053,-74.11328684999995
Presidencial 2022,16,LOCALIDAD 16 PUENTE ARANDA,COLISEO EL JAZMIN,1142,382,33.45,Coliseo El jazmín,CLL 1G # 41A - 39,4.610165180000024,-74.11639177999996
Presidencial 2022,16,LOCALIDAD 16 PUENTE ARANDA,COLON,6974,2074,29.74,Colegio José Allamano,CLL 4 # 56 - 03,4.620190370000046,-74.11942847999995
Presidencial 2022,16,LOCALIDAD 16 PUENTE ARANDA,COLONIA ORIENTAL,1812,675,37.25,Salón Comunal Colonia Oriental,CLL 4 A # 51 A - 90,4.618300000000033,-74.11489999999998
Presidencial 2022,16,LOCALIDAD 16 PUENTE ARANDA,CULTURA POPULAR SEDE C,1433,667,46.55,,,,
Presidencial 2022,16,LOCALIDAD 16 PUENTE ARANDA,CUNDINAMARCA,1330,621,46.69,Colegio Distrital España - Sede B,CLL 19 C # 33 - 30,4.6226899300000355,-74.08933231999998
Presidencial 2022,16,LOCALIDAD 16 PUENTE ARANDA,DELICIAS MUZU,5030,2124,42.23,,,,
Presidencial 2022,16,LOCALIDAD 16 PUENTE ARANDA,EL JAZMIN,4611,1557,33.77,Colegio Distrital Jazmín - Sede A,CLL 1 H # 40 D - 13,4.609959440000068,-74.11487266999995
Presidencial 2022,16,LOCALIDAD 16 PUENTE ARANDA,EL TEJAR,3917,1539,39.29,Colegio Distrital Luis Vargas Tejada - Sede B,CRA 52 D # 24 - 50 Sur / CRA 52 D # 24 - 48 Sur,4.608584810000025,-74.12752014999995
Presidencial 2022,16,LOCALIDAD 16 PUENTE ARANDA,GALAN,5860,2303,39.3,Colegio Distrital José Manuel Restrepo,CLL 2 Bis # 56 A - 37,4.617260900000076,-74.12247562999994
Presidencial 2022,16,LOCALIDAD 16 PUENTE ARANDA,INSTITUTO DE INTEGRACION CULTURAL,1867,614,32.89,Instituto de Integración Cultural,CLL 5 C # 31 C - 16,4.607929010000021,-74.10099576999994
Presidencial 2022,16,LOCALIDAD 16 PUENTE ARANDA,JORGE GAITAN CORTES,547,222,40.59,Colegio Distrital Marco Antonio Carreño Sede A,CLL 17 B Sur # 34 A - 21 / CRA 34 # 17A - 70 Sur,4.597531100000026,-74.11216462999994
Presidencial 2022,16,LOCALIDAD 16 PUENTE ARANDA,JOSE JOAQUIN CASAS SEDE B,463,173,37.37,Colegio Distrital José Joaquín Casas Sede B,CRA 56 # 17 - 11,4.632606210000063,-74.10840159999998
Presidencial 2022,16,LOCALIDAD 16 PUENTE ARANDA,JULIO GARAVITO SEDE C,629,277,44.04,Colegio Distrital Julio Garavito Sede C,CRA 52 # 37 - 05 Sur/ CRA 52 # 37 - 95 Sur,4.601937130000067,-74.12954270999995
Presidencial 2022,16,LOCALIDAD 16 PUENTE ARANDA,LA ASUNCION,3880,1227,31.62,Colegio Distrital Marco Antonio Carreño - Sede C,CRA 32 B #1 D - 21,4.60269444000005,-74.10681925999995
Presidencial 2022,16,LOCALIDAD 16 PUENTE ARANDA,LA FRANCIA,2343,794,33.89,Salón Comunal La Francia,DIAG 5 F Bis A # 43 B - 02,4.620199920000061,-74.10746025999998
Presidencial 2022,16,LOCALIDAD 16 PUENTE ARANDA,LA PONDEROSA,4017,1357,33.78,Colegio Distrital Luis Carlos Galán,CLL 1 B # 52 A - 02,4.611495330000025,-74.11908075999997
Presidencial 2022,16,LOCALIDAD 16 PUENTE ARANDA,LA PRADERA,4167,1517,36.41,Colegio Distrital Silveria Espinosa Rendon - Sede B,CLL 4 B # 65 - 31,4.623994110000069,-74.12182555999993
Presidencial 2022,16,LOCALIDAD 16 PUENTE ARANDA,LA PRIMAVERA,5211,1751,33.6,Colegio Distrital El Jazmín - Sede B,CRA 41 B # 4 C – 27,4.6155186800000365,-74.10939312999994
Presidencial 2022,16,LOCALIDAD 16 PUENTE ARANDA,LA TRINIDAD,1968,665,33.79,Colegio Distrital Silvera Espinosa Rendón - Sede C,CLL 5 B # 60 - 29,4.626988280000035,-74.11704187999999
Presidencial 2022,16,LOCALIDAD 16 PUENTE ARANDA,LOS ANGELES,1420,581,40.92,Colegio Distrital Julio Garavito Sede B,CLL 39 Sur # 51 F - 59 / CLL 39 Sur # 51 F - 21,4.599680020000051,-74.13075839999993
Presidencial 2022,16,LOCALIDAD 16 PUENTE ARANDA,LOS SAUCES,3828,1232,32.18,Salón Comunal Villas del Rosario,TRV 38 # 29 B - 61 Sur,4.596838560000037,-74.11885338999997
Presidencial 2022,16,LOCALIDAD 16 PUENTE ARANDA,LUIS CARLOS GALAN SARMIENTO,3269,1338,40.93,Colegio Luis Carlos Galán Sarmiento Sede B,CLL 2 A # 47 - 59,4.611871060000055,-74.11809662999997
Presidencial 2022,16,LOCALIDAD 16 PUENTE ARANDA,MILENTA,2900,1041,35.9,Colegio Distrital Luis Vargas Tejada - Sede A,CRA 52 C # 19 A - 76 Sur,4.6095319800000425,-74.12565622999995
Presidencial 2022,16,LOCALIDAD 16 PUENTE ARANDA,MOVILIDAD CALLE 13,374,171,45.72,,,,
Presidencial 2022,16,LOCALIDAD 16 PUENTE ARANDA,PRIMAVERA Y GORGONZOLA,2091,869,41.56,Salón Comunal Primavera y Gorgonzola,CRA 41B # 5 - 57,4.616300000000024,-74.10769999999997
Presidencial 2022,16,LOCALIDAD 16 PUENTE ARANDA,PUENTE ARANDA,1833,665,36.28,Colegio Distrital José Joaquín Casas - Sede A,CRA 56 # 15 - 41,4.632026550000035,-74.10888559999995
Presidencial 2022,16,LOCALIDAD 16 PUENTE ARANDA,SALAZAR GOMEZ,2280,834,36.58,Colegio Distrital Francisco José de Sucre,CLL 11 # 65 B - 10,4.6335643900000605,-74.11809821999998
Presidencial 2022,16,LOCALIDAD 16 PUENTE ARANDA,SALON COMUNAL BOCHICA CENTRAL,1122,358,31.91,Salón Comunal Bochica Central,CRA 35 # 1 C - 30,4.603028030000075,-74.10840604999999
Presidencial 2022,16,LOCALIDAD 16 PUENTE ARANDA,SALON COMUNAL CIUDAD MONTES II,2142,799,37.3,Salón Comunal Ciudad Montes II,CRA 41 # 10 - 06 Sur,4.6054882400000565,-74.11812477999996
Presidencial 2022,16,LOCALIDAD 16 PUENTE ARANDA,SALON COMUNAL CIUDAD MONTES III,440,167,37.95,Salón Comunal Ciudad Montes III,CRA 41 # 10 - 06,4.617632740000033,-74.10316891999997
Presidencial 2022,16,LOCALIDAD 16 PUENTE ARANDA,SALON COMUNAL CUNDINAMARCA,390,181,46.41,Salón Comunal Cundinamarca,CLL 19c # 34 - 48,4.623426030000076,-74.09046100999996
Presidencial 2022,16,LOCALIDAD 16 PUENTE ARANDA,SALON COMUNAL EL JAZMIN,354,136,38.42,Salón Comunal El Jazmín,AV CRA 50 # 1 D - 28,4.610242730000039,-74.11672785999997
Presidencial 2022,16,LOCALIDAD 16 PUENTE ARANDA,SALON COMUNAL EL REMANSO SUR,908,348,38.33,Salón Comunal El Remanso Sur,DIAG 16 Sur # 31 - 75,4.598127070000032,-74.11132252999994
Presidencial 2022,16,LOCALIDAD 16 PUENTE ARANDA,SALON COMUNAL JOSE ANTONIO GALAN,3219,1283,39.86,Salón Comunal José Antonio Galán,DIAG 2 # 57 - 39,4.6178096600000345,-74.12330054999995
Presidencial 2022,16,LOCALIDAD 16 PUENTE ARANDA,SALON COMUNAL MILENTA,1440,442,30.69,Salón Comunal Milenta,CRA 56 # 14 - 48 Sur,4.6147944300000745,-74.12518061999998
Presidencial 2022,16,LOCALIDAD 16 PUENTE ARANDA,SALON COMUNAL NUEVA PRIMAVERA,2244,875,38.99,Salón Comunal Nueva Primavera,CRA 43 B # 4 - 26 /CRA 43 # 4 B - 72,4.617838490000054,-74.11017334999997
Presidencial 2022,16,LOCALIDAD 16 PUENTE ARANDA,SALON COMUNAL RAFAEL EUCALIPTOS,701,282,40.23,Salón Comunal Rafael Eucaliptos,CRA 53 B Bis # 4 C - 04,4.61952481000003,-74.11451810999995
Presidencial 2022,16,LOCALIDAD 16 PUENTE ARANDA,SALON COMUNAL SALAZAR GOMEZ,295,118,40.0,Salón Comunal Salazar Gomez,CLL 9 # 65 - 90,4.628073890000053,-74.11933213999998
Presidencial 2022,16,LOCALIDAD 16 PUENTE ARANDA,SALON COMUNAL SANTA RITA,1042,409,39.25,Salón Comunal Santa Rita,CLL 37A Sur # 39B - 35,4.5957016600000316,-74.12380373999997
Presidencial 2022,16,LOCALIDAD 16 PUENTE ARANDA,SALON COMUNAL TORREMOLINOS I,1081,411,38.02,Salón Comunal Torremolinos I,CRA 52 Bis # 19 - 53 / Cl 19A Sur # 52A - 51,4.608688640000025,-74.12350125999995
Presidencial 2022,16,LOCALIDAD 16 PUENTE ARANDA,SALON COMUNAL VERAGUAS,1667,584,35.03,Salón Comunal Veraguas Central,CLL 4 A # 32 A - 77 / CLL 4 A # 32 A - 75,4.606667880000032,-74.10320906999993
Presidencial 2022,16,LOCALIDAD 16 PUENTE ARANDA,SALON COMUNAL VILLA INES,1132,313,27.65,Salón Comunal Villa Inés,CRA 38 A # 1 D - 30,4.606371070000023,-74.11175211999995
Presidencial 2022,16,LOCALIDAD 16 PUENTE ARANDA,SALÓN COMUNAL COLÓN,1902,662,34.81,Salón Comunal Barrio Colón,CRA 53F # 4G - 04,4.6222569600000725,-74.11500637999995
Presidencial 2022,16,LOCALIDAD 16 PUENTE ARANDA,SALÓN COMUNAL LA TRINIDAD,1354,528,39.0,Salón Comunal La Trinidad,CRA 58 # 4 B - 31,4.623040510000067,-74.11877985999996
Presidencial 2022,16,LOCALIDAD 16 PUENTE ARANDA,SAN ANDRESITO,2518,780,30.98,Centro Comercial Puerto López,CRA 38 # 10 - 90,4.616956960000039,-74.10142829999995
Presidencial 2022,16,LOCALIDAD 16 PUENTE ARANDA,SAN EUSEBIO,1321,567,42.92,Colegio Distrital Benjamín Herrera Sede A,CRA 51 A # 26 - 38 Sur,4.60340012000006,-74.12382050999997
Presidencial 2022,16,LOCALIDAD 16 PUENTE ARANDA,SAN RAFAEL,4155,1369,32.95,Colegio Distrital Rafaél Sorrento - Sede B,CLL 4 F # 53 - 55,4.619919490000029,-74.11365582999997
Presidencial 2022,16,LOCALIDAD 16 PUENTE ARANDA,SANTA MATILDE,4209,1296,30.79,Colegio Distrital Marco Antonio Carreño - Sede B,CLL 1 # 34 B 20 / CLL 1 B # 35 - 20,4.603050430000053,-74.10943883999994
Presidencial 2022,16,LOCALIDAD 16 PUENTE ARANDA,SANTA RITA,5626,1885,33.51,Colegio Distrital de Cultura Popular - Sede B,CRA 41 # 34 - 35 Sur,4.598047750000035,-74.12372762999996
Presidencial 2022,16,LOCALIDAD 16 PUENTE ARANDA,SENA CRA 30 HOTEL,191,98,51.31,SENA Centro Nacional de Hotelería,CRA 30 # 15 - 53,4.61593842000002,-74.09076131999996
Presidencial 2022,16,LOCALIDAD 16 PUENTE ARANDA,UNIVERSIDAD DISTRITAL CALLE 13,36,15,41.67,,,,
Presidencial 2022,17,LOCALIDAD 17 CANDELARIA,ALCALDIA MAYOR,4968,2197,44.22,Parqueadero de La Alcaldía Mayor y Palacio de Justicia,"CRA 8 # 10 - 65 Entre Calles 10, 11 y 12",4.598427600000036,-74.07650555999999
Presidencial 2022,17,LOCALIDAD 17 CANDELARIA,ARCHIVO DISTRITAL,4210,2418,57.43,Archivo Distrital,CLL 6 B # 5 - 75,4.5916819900000405,-74.07713534999993
Presidencial 2022,17,LOCALIDAD 17 CANDELARIA,AUTONOMA DE COLOMBIA,760,408,53.68,Fundación Universidad Autónoma de Colombia,CLL 12 B # 4 - 31,4.598427880000031,-74.07209575999997
Presidencial 2022,17,LOCALIDAD 17 CANDELARIA,COLEGIO MAYOR SAN BARTOLOME,2376,1231,51.81,Colegio Mayor San Bartolomé,CRA 7 # 9 - 54,4.596770700000036,-74.07607922999995
Presidencial 2022,17,LOCALIDAD 17 CANDELARIA,EGIPTO,2951,1621,54.93,Escuela Nacional de Comercio -  Sede B,CRA 3 Este # 9 - 77,4.592943400000024,-74.07001943999995
Presidencial 2022,17,LOCALIDAD 17 CANDELARIA,EGIPTO ESCUELA QUINTA DIAZ,842,519,61.64,Escuela Nacional de Comercio (Sede Bachillerato),CLL 9A # 0 - 30 Este / CLL 9 A # 0 - 22 Este,4.593216810000058,-74.07054775999995
Presidencial 2022,17,LOCALIDAD 17 CANDELARIA,LA CONCORDIA,4483,2591,57.8,Colegio Distrital La Concordia,CLL 12D # 1A - 09 / CLL 12C # 1A - 24,4.598773000000051,-74.06917662999996
Presidencial 2022,17,LOCALIDAD 17 CANDELARIA,LA SALLE CANDELARIA,778,456,58.61,Universidad de La Salle,CRA 2 # 10 - 70 / CRA 2 # 10 - 52 ,4.5949023900000725,-74.07107874999997
Presidencial 2022,17,LOCALIDAD 17 CANDELARIA,MURILLO TORO,3059,1548,50.6,Ministerio de las Tecnologías de la Información,CRA 8 # 12 A - 14 / CRA 7 # 12 A - 37,4.6001000000000545,-74.07499999999999
Presidencial 2022,17,LOCALIDAD 17 CANDELARIA,NEOS CENTRO,356,173,48.6,Centro Comercial NEOS,AV Jimenez CRA 10 ESQ CC NEOS / CLL 12 B # 9 - 40,4.601447270000051,-74.07637025999998
Presidencial 2022,18,LOCALIDAD 18 RAFAEL URIBE URIB,ALCALDIA QUIROGA,5272,2239,42.47,Colegio Distrital Clemencia de Caycedo,CLL 32 Sur # 22 - 30,4.580469760000028,-74.11464625999997
Presidencial 2022,18,LOCALIDAD 18 RAFAEL URIBE URIB,ALEJANDRO OBREGON GUSTAVO REST,3609,1393,38.6,,,,
Presidencial 2022,18,LOCALIDAD 18 RAFAEL URIBE URIB,ALEXANDER FLEMING SAN JORGE,4041,1967,48.68,Colegio Distrital Alexander Fleming - Sede B,CLL 43 Sur # 16 A - 40 /DIAG 45 Bis B Sur # 13 F - 41,4.5715935500000455,-74.12031360999998
Presidencial 2022,18,LOCALIDAD 18 RAFAEL URIBE URIB,ALIANZA QUIROGA,3814,1964,51.49,Colegio Distrital Alianza Quiroga,CRA 23 # 35 - 20 Sur,4.57960324000004,-74.11728742999998
Presidencial 2022,18,LOCALIDAD 18 RAFAEL URIBE URIB,BRAVO PAEZ,2537,1184,46.67,Colegio Distrital Rafael Delgado Salguero (General Paez) - Sede A,CRA 26 B # 35 B - 49 Sur,4.5848005000000285,-74.12037853999993
Presidencial 2022,18,LOCALIDAD 18 RAFAEL URIBE URIB,CAFAM SANTA LUCIA,2214,1427,64.45,Colegio Distrital Cafam Santa Lucía,DIAG 36 Sur # 16 B - 26 / CRA 13 G # 37 - 80 Sur,4.5747160000000235,-74.11847699999998
Presidencial 2022,18,LOCALIDAD 18 RAFAEL URIBE URIB,CENTENARIO,2925,1341,45.85,Instituto San Pablo Apóstol - ISPA,CRA 24 B # 29 A - 02 Sur,4.584835380000072,-74.11268451999996
Presidencial 2022,18,LOCALIDAD 18 RAFAEL URIBE URIB,CENTRAL QUIROGA,3337,1525,45.7,Colegio Distrital Bravo Páez,CLL 37 Sur # 23 - 51,4.579885020000063,-74.11908819999996
Presidencial 2022,18,LOCALIDAD 18 RAFAEL URIBE URIB,CENTRO COMUNITARIO CHAMPAGNAT,88,49,55.68,Centro Comunitario Champagnat,DIAG 54 B Sur # 3F-18,4.540902840000058,-74.11367799999994
Presidencial 2022,18,LOCALIDAD 18 RAFAEL URIBE URIB,CIUDAD BOCHICA SUR,6680,3380,50.6,Colegio Distrital Alfredo Iriarte - Sede A,TRV 5 J # 48 F - 69 Sur / TRV 5 L Bis # 48 F - 69 Sur,4.557649000000026,-74.11213381999994
Presidencial 2022,18,LOCALIDAD 18 RAFAEL URIBE URIB,CLARET,4701,2091,44.48,Colegio Distrital Manuel del Socorro Rodríguez - Sede B,CLL 46 Sur # 27 - 12,4.583001400000057,-74.12841806999995
Presidencial 2022,18,LOCALIDAD 18 RAFAEL URIBE URIB,COL PARROQUIAL INMACULADO CORAZON MARIA,488,213,43.65,,,,
Presidencial 2022,18,LOCALIDAD 18 RAFAEL URIBE URIB,COLEGIO  RESTREPO MILLAN SEDE  A,1941,993,51.16,,,,
Presidencial 2022,18,LOCALIDAD 18 RAFAEL URIBE URIB,COLEGIO  TORIBIO DE MOGROVEJO,372,220,59.14,,,,
Presidencial 2022,18,LOCALIDAD 18 RAFAEL URIBE URIB,COLEGIO DISTRITAL DIANA TURBAY SEDE B,4448,2945,66.21,Salón Comunal Comuneros,DIAG 49 Sur # 2 A - 01CLL 49 Sur # 2 - 15,4.545310290000032,-74.10746258999995
Presidencial 2022,18,LOCALIDAD 18 RAFAEL URIBE URIB,COLEGIO JOSE MARTI LUIS LOPEZ DE MESA,464,309,66.59,,,,
Presidencial 2022,18,LOCALIDAD 18 RAFAEL URIBE URIB,COLEGIO LA PAZ IED SEDE B FE Y ALEGRIA,134,93,69.4,Colegio La Paz IED Sede B Fe y Alegría,CRA 4B # 51A-02 Sur,4.544562110000072,-74.11336782999996
Presidencial 2022,18,LOCALIDAD 18 RAFAEL URIBE URIB,COUNTRY SUR,9481,4302,45.37,Colegio Distrital Enrique Olaya Herrera,CRA 10 # 31 - 29 Sur,4.5681729900000505,-74.10245540999995
Presidencial 2022,18,LOCALIDAD 18 RAFAEL URIBE URIB,COVIVIENDA DEL SUR ORIENTE,4615,2386,51.7,Colegio Distrital Diana Turbay - Sede A,DIAG 48 Z Sur # 4 B - 10,4.547539880000045,-74.11013650999996
Presidencial 2022,18,LOCALIDAD 18 RAFAEL URIBE URIB,EL MIRADOR RAFAEL URIBE,622,353,56.75,,,,
Presidencial 2022,18,LOCALIDAD 18 RAFAEL URIBE URIB,EL SOCORRO SUR,2189,1166,53.27,Colegio Distrital Alexander Fleming - Sede D,CLL 50 B Sur # 13 A - 32,4.564808620000065,-74.12448236999995
Presidencial 2022,18,LOCALIDAD 18 RAFAEL URIBE URIB,ESTADOS UNIDOS DE AMERICA,1455,635,43.64,Colegio Distrital Estados Unidos de América,CLL 22 Sur # 22 - 65 / CLL 22 Sur # 24 B - 65,4.584815530000071,-74.10600814999998
Presidencial 2022,18,LOCALIDAD 18 RAFAEL URIBE URIB,FE Y ALEGRIA ONG,1550,848,54.71,,,,
Presidencial 2022,18,LOCALIDAD 18 RAFAEL URIBE URIB,GRANJAS DE SAN PABLO,2467,1292,52.37,Colegio Distrital José Marti - Sede C,CLL 40 D Sur # 12 J - 39,4.57151293000004,-74.11613731999995
Presidencial 2022,18,LOCALIDAD 18 RAFAEL URIBE URIB,GUSTAVO RESTREPO,5394,2580,47.83,Colegio Distrital Gustavo Restrepo - Sede A,CRA 12 H Bis B # 28 C - 24 Sur,4.575755500000071,-74.10616393999999
Presidencial 2022,18,LOCALIDAD 18 RAFAEL URIBE URIB,INGLES,4244,1924,45.33,Colegio Distrital Restrepo Millán - Sede B,CLL 40 Sur # 26 - 90 / CLL 41 Sur # 26 - 44,4.583322850000059,-74.12341538999993
Presidencial 2022,18,LOCALIDAD 18 RAFAEL URIBE URIB,INSTITUTO SAN ANTONIO DE PADUA,195,84,43.08,Instituto San Antonio de Padua,CRA 20 # 42A-56 Sur,4.575787640000044,-74.12304363999993
Presidencial 2022,18,LOCALIDAD 18 RAFAEL URIBE URIB,INTEG. RAFAEL DELGADO SALGUERO,1091,551,50.5,,,,
Presidencial 2022,18,LOCALIDAD 18 RAFAEL URIBE URIB,LA MARQUEZA,1164,714,61.34,Integración Social Mi Taller Creativo,TRV 1 B Este # 49 B - 20 Sur,4.543018000000075,-74.10695699999997
Presidencial 2022,18,LOCALIDAD 18 RAFAEL URIBE URIB,LAS COLINAS,2612,1444,55.28,Colegio Distrital José Marti - Sede B,DIAG 32 B Sur # 15 C - 25 / DIAG 32 B Sur # 13 B - 17,4.5743693100000655,-74.11286773999996
Presidencial 2022,18,LOCALIDAD 18 RAFAEL URIBE URIB,LAS LOMAS,4208,2370,56.32,Colegio Distrital Misael Pastrana Borrero,CRA 10 A # 39 - 05 Sur,4.564671510000039,-74.10835907999996
Presidencial 2022,18,LOCALIDAD 18 RAFAEL URIBE URIB,LIBERTADOR II,4339,2042,47.06,Colegio Distrital El Libertador,CLL 32 Sur # 24 B - 20,4.584036610000055,-74.11613920999997
Presidencial 2022,18,LOCALIDAD 18 RAFAEL URIBE URIB,LICEO FEMENINO MERCEDES NARIÑO,881,446,50.62,Colegio Distrital Liceo Femenino Mercedes Nariño,AV CRA 14 # 23 - 24 Sur /CRA 14 # 22A - 24 Sur,4.580559060000041,-74.10338390999993
Presidencial 2022,18,LOCALIDAD 18 RAFAEL URIBE URIB,LICEO PSICOPEDAGOGICO MARCO FIDEL SUAREZ,1726,947,54.87,Colegio Liceo Psicopedagógico Marco Fidel Suárez,DIAG 46 Sur #13 - 40,4.567893390000052,-74.11835891999993
Presidencial 2022,18,LOCALIDAD 18 RAFAEL URIBE URIB,LICEO SAN PABLO,627,310,49.44,Liceo Psicopedagógico San Pablo,TRV 5 G # 48 P - 03 /CLL 48 P Sur # 5 G - 07,4.5544558800000345,-74.11162578999995
Presidencial 2022,18,LOCALIDAD 18 RAFAEL URIBE URIB,LOS MOLINOS II SECTOR,5076,2834,55.83,Colegio Distrital Colombia Viva - Sede A,TRV 5 A # 48 M - 50 Sur,4.553589050000028,-74.10769519999997
Presidencial 2022,18,LOCALIDAD 18 RAFAEL URIBE URIB,MARCO FIDEL SUAREZ,4948,2528,51.09,Colegio Distrital Reino de Holanda - Sede A,TRV 13 G Bis # 46 - 35 Sur,4.568143760000055,-74.12201370999998
Presidencial 2022,18,LOCALIDAD 18 RAFAEL URIBE URIB,MARIA CANO,3634,2271,62.49,Colegio Distrital María Cano,TRV 5 U # 48 J - 30 Sur,4.559253420000061,-74.11541592999998
Presidencial 2022,18,LOCALIDAD 18 RAFAEL URIBE URIB,MARRUECOS APARTAMENTOS,2515,1249,49.66,Salón Comunal Marruecos,CLL 48 P # 5 L - 40 Sur / CLL 48 Q Sur # 5 J - 86,4.554367680000041,-74.11256656999996
Presidencial 2022,18,LOCALIDAD 18 RAFAEL URIBE URIB,MIRADOR DE MARROCOS,724,386,53.31,Salón Comunal Mirador de Marrocos,TRV 5 P # 48 J - 31 Sur,4.557800500000042,-74.11357176999996
Presidencial 2022,18,LOCALIDAD 18 RAFAEL URIBE URIB,MOLINOS DEL SUR,9544,4807,50.37,Colegio Distrital Marruecos y Molinos - Sede A,CLL 49 D Bis Sur # 5 X - 02,4.555161540000029,-74.11787293999998
Presidencial 2022,18,LOCALIDAD 18 RAFAEL URIBE URIB,OLAYA,3634,1656,45.57,Colegio Distrital Antonio Baraya -  Sede A,CLL 27 Sur # 22 A - 02,4.583496480000065,-74.10905678999995
Presidencial 2022,18,LOCALIDAD 18 RAFAEL URIBE URIB,PALERMO SUR,4026,2349,58.35,Colegio Distrital Palermo Sur,TRV 2 B Bis # 49 D - 41 Sur,4.543099720000043,-74.10971793999994
Presidencial 2022,18,LOCALIDAD 18 RAFAEL URIBE URIB,PARROQUIAL SAN JOSE,1639,887,54.12,Colegio Parroquial San José,TRV 13 H # 45 B - 33 Sur /TRV 13 H # 45 F - 33 Sur ,4.569197000000031,-74.12211399999995
Presidencial 2022,18,LOCALIDAD 18 RAFAEL URIBE URIB,POLIDEPORTIVO MOLINOS II,1806,1014,56.15,Polideportivo Molinos II,CLL 48 P Bis C Sur # 4 - 30 /CRA 5 # 48P - 10 Sur,4.55160668000002,-74.10774667999993
Presidencial 2022,18,LOCALIDAD 18 RAFAEL URIBE URIB,PROVIDENCIA,1305,740,56.7,Colegio Distrital Alfredo Iriarte - Sede C,TRV 11 A # 49 D - 12 Sur / TRV 11 D # 49 D - 57 Sur,4.56171992000003,-74.12083405999994
Presidencial 2022,18,LOCALIDAD 18 RAFAEL URIBE URIB,QUIROGA,4899,2464,50.3,Colegio Distrital Clemencia Holguín de Urdaneta,CLL 30 Sur # 19 B - 25,4.579222340000058,-74.11055170999998
Presidencial 2022,18,LOCALIDAD 18 RAFAEL URIBE URIB,RAFAEL DELGADO SEDE C,782,356,45.52,Colegio Distrital Rafael Delgado Salguero - Sede C,CLL 41 Sur # 31 - 81 / CLL 41 Bis Sur # 31 - 46,4.587100000000021,-74.12519999999995
Presidencial 2022,18,LOCALIDAD 18 RAFAEL URIBE URIB,RAFAEL URIBE LA PAZ,1774,902,50.85,Colegio Distrital La Paz,DIAG 52 A Sur # 4 P - 10,4.543710450000049,-74.11728252999995
Presidencial 2022,18,LOCALIDAD 18 RAFAEL URIBE URIB,REINO DE HOLANDA,2818,1345,47.73,Colegio Distrital Reino de Holanda - Sede B,DIAG 46 Sur # 12 A - 32,4.567280720000042,-74.11530817999994
Presidencial 2022,18,LOCALIDAD 18 RAFAEL URIBE URIB,RESURRECCION,2228,1214,54.49,Colegio Distrital José Marti - Sede D,DIAG 32 B Sur # 12 B - 36 / CLL 36 D Sur # 11 D - 40 ,4.568414240000038,-74.10933182999997
Presidencial 2022,18,LOCALIDAD 18 RAFAEL URIBE URIB,SALON COMUNAL DIANAT SECTOR AYACUCHO,329,191,58.05,,,,
Presidencial 2022,18,LOCALIDAD 18 RAFAEL URIBE URIB,SALON COMUNAL LA MARQUEZA,1257,652,51.87,Salón Comunal La Marqueza,DIAG 49 B Bis A Sur # 1 B - 35 Este,4.542306560000043,-74.10688149999999
Presidencial 2022,18,LOCALIDAD 18 RAFAEL URIBE URIB,SALÓN COMUNAL CEBADAL,206,115,55.83,Salón Comunal Cebadal,CRA 4 D Bis # 52 - 95 Sur,4.543416000000036,-74.11507399999994
Presidencial 2022,18,LOCALIDAD 18 RAFAEL URIBE URIB,SALÓN COMUNAL CLARET,2294,1126,49.08,Salón Comunal Claret,CLL 46 Sur # 27 - 30,4.583412800000076,-74.12849366999995
Presidencial 2022,18,LOCALIDAD 18 RAFAEL URIBE URIB,SALÓN COMUNAL INGLES,1003,501,49.95,Salón Comunal Ingles,CLL 41 Sur # 27 - 87 / CRA 26 A # 41 - 10 Sur,4.5833639500000345,-74.12364274999999
Presidencial 2022,18,LOCALIDAD 18 RAFAEL URIBE URIB,SALÓN COMUNAL LA PAZ NARANJOS,697,432,61.98,Salón Comunal La Paz Naranjos,DIAG 54 Sur # 3F - 17,4.541364460000068,-74.11372138999997
Presidencial 2022,18,LOCALIDAD 18 RAFAEL URIBE URIB,SAN AGUSTIN SUR,7072,4012,56.73,Colegio Distrital San Agustín - Sede A,CLL 49 C Sur # 5 C - 41,4.547747280000067,-74.11336674999995
Presidencial 2022,18,LOCALIDAD 18 RAFAEL URIBE URIB,SAN JORGE,1445,889,61.52,Colegio Distrital  Alexander Fleming - sede A,CLL 45 A Sur # 14 A - 19 / DIAG 45 Bis B Sur # 13F - 36,4.571675030000051,-74.11984847999997
Presidencial 2022,18,LOCALIDAD 18 RAFAEL URIBE URIB,SAN JOSE RAFAEL URIBE,4757,2049,43.07,Colegio Distrital Gustavo Restrepo - Sedes B y C,CRA 13 A # 26 - 17 Sur /CRA 12 F # 26 - 17 Sur,4.577056370000037,-74.10269821999998
Presidencial 2022,18,LOCALIDAD 18 RAFAEL URIBE URIB,SAN JUANITO,926,466,50.32,Plazoleta entrada del almacén ARA - Conjunto Asturias Real,AV Caracas # 37 - 48 Sur,4.5758363200000645,-74.11861098999998
Presidencial 2022,18,LOCALIDAD 18 RAFAEL URIBE URIB,SANTA LUCIA,5634,2662,47.25,Colegio Distrital Manuel del Socorro Rodríguez - Sede A,TRV 23 Bis # 44 - 90 Sur,4.577615820000062,-74.12599363999993
Presidencial 2022,18,LOCALIDAD 18 RAFAEL URIBE URIB,TORRE MAYOR,342,168,49.12,Colegio Distrital El Libertador Sede B,CLL 33 Sur # 26 G - 10,4.588368020000075,-74.11768288999997
Presidencial 2022,18,LOCALIDAD 18 RAFAEL URIBE URIB,VILLA MAYOR LA NUEVA,2474,789,31.89,Salón Comunal Villa Mayor La Nueva,DIAG 41 Sur # 34 A -90,4.589394040000059,-74.12704195999999
Presidencial 2022,19,LOCALIDAD 19 CIUDAD BOLIVAR,ALTOS DE JALISCO,805,451,56.02,Salón Comunal,CRA 18 K Bis # 61 B - 52 Sur,4.555775960000062,-74.13929741999993
Presidencial 2022,19,LOCALIDAD 19 CIUDAD BOLIVAR,ALTOS DE LA ESTANCIA,1082,728,67.28,Colegio Compartir San Isidro,CRA 77 C # 59 A - 15 Sur,4.591730870000049,-74.18192706999997
Presidencial 2022,19,LOCALIDAD 19 CIUDAD BOLIVAR,ARBORIZADORA BAJA,7686,4233,55.07,Colegio Distrital Arborizadora Baja,CLL 59 I Sur # 44 A - 02 / CLL 59 Sur # 44 A - 09 ,4.57546332000004,-74.15152411999998
Presidencial 2022,19,LOCALIDAD 19 CIUDAD BOLIVAR,ARBORIZADORA BAJA SALON COMUNAL,1948,1197,61.45,Salón Comunal Arborizadora Baja,CLL 59 A Sur # 42 - 20,4.574008100000071,-74.15135665999998
Presidencial 2022,19,LOCALIDAD 19 CIUDAD BOLIVAR,BALMORAL,1741,914,52.5,Centro de Desarrollo Educativo IDIPRON,CRA 70C # 60 B - 05 Sur / AV CRA 70C # 60 B - 05 Sur,4.591654940000069,-74.16167387999997
Presidencial 2022,19,LOCALIDAD 19 CIUDAD BOLIVAR,BELLA FLOR,1242,799,64.33,Colegio Distrital José María Vargas Vila (Bella Flor),DIAG 74 B Bis A Sur # 26 C - 12 /CRA 27 # 74 B - 51 Sur,4.543303430000037,-74.16173741999995
Presidencial 2022,19,LOCALIDAD 19 CIUDAD BOLIVAR,BONAVISTA,8217,4523,55.04,Colegio Distrital María Mercedes Carranza,TRV 70 G # 65 - 02 Sur,4.586891000000037,-74.16333299999997
Presidencial 2022,19,LOCALIDAD 19 CIUDAD BOLIVAR,BRISAS DEL VOLADOR,1745,1075,61.6,Colegio Distrital República de Canadá,CLL 76 Sur # 24 A - 11,4.541085580000072,-74.15459903999994
Presidencial 2022,19,LOCALIDAD 19 CIUDAD BOLIVAR,CALASANZ BUENAVISTA,1306,820,62.79,,,,
Presidencial 2022,19,LOCALIDAD 19 CIUDAD BOLIVAR,CANDELARIA LA NUEVA,10632,5510,51.82,Colegio Distrital Rodrigo Lara Bonilla,DIAG 64 A Sur # 41 - 51 / CRA 43A # 66-51 Sur,4.571103850000043,-74.15287384999993
Presidencial 2022,19,LOCALIDAD 19 CIUDAD BOLIVAR,CARACOLI,1415,878,62.05,Salón Comunal Nuevo Caracolí,CLL 77 Sur # 73 C 18,4.572640190000072,-74.17115116999997
Presidencial 2022,19,LOCALIDAD 19 CIUDAD BOLIVAR,CASA DE LA CULTURA CIUDAD BOLIVAR,2027,1213,59.84,Casa de la Cultura Ciudad Bolívar,CRA 38 # 59 B - 43 Sur / CL 59B Bis Sur # 38 - 05,4.572982840000066,-74.15093494999996
Presidencial 2022,19,LOCALIDAD 19 CIUDAD BOLIVAR,CASA GRANDE - COL DIST AGUDELO RESTREPO,2944,1510,51.29,,,,
Presidencial 2022,19,LOCALIDAD 19 CIUDAD BOLIVAR,CASA LINDA TUNAL UNIDAD 2,1640,803,48.96,Conjunto Residencial Casa Linda Del Tunal Unidad 2,CLL 60 Sur # 22 B - 55,4.569139030000031,-74.14470499999999
Presidencial 2022,19,LOCALIDAD 19 CIUDAD BOLIVAR,CASAVIANCA - UNIVERSIDAD ECCI,2607,1377,52.82,,,,
Presidencial 2022,19,LOCALIDAD 19 CIUDAD BOLIVAR,CASONA LIBERTADOR COL DIS MARIA CURREA M,9012,4467,49.57,,,,
Presidencial 2022,19,LOCALIDAD 19 CIUDAD BOLIVAR,CENTRO COMERCIAL PASEO DEL RIO,3769,1670,44.31,Centro Comercial Paseo del Rio,CRA 57 C Sur # 62 - 60,4.598633550000045,-74.15391861999996
Presidencial 2022,19,LOCALIDAD 19 CIUDAD BOLIVAR,COL DIST ARBORIZADORA ALTA SEDE A,2068,1291,62.43,Col Dist Arborizadora Alta Sede A,CRA 43 # 70A - 50 Sur / CRA 42 # 70A - 70 Sur,4.568459610000048,-74.16021963999998
Presidencial 2022,19,LOCALIDAD 19 CIUDAD BOLIVAR,COL DIST PARAISO MANUELA BELTRAN SEDE B,559,332,59.39,,,,
Presidencial 2022,19,LOCALIDAD 19 CIUDAD BOLIVAR,COL DIST PARAISO MIRADOR SEDE CASETAS,936,566,60.47,Col Dist Paraíso Mirador Sede Casetas,CRA 27 Q #71 N - 02 Sur / CLL 71P S # 27P - 08,4.549688890000027,-74.16399873999995
Presidencial 2022,19,LOCALIDAD 19 CIUDAD BOLIVAR,COLEGIO CIUDAD BOLIVAR ARGENTINA IED,2559,1569,61.31,Colegio Distrital Ciudad Bolívar Argentina,CLL 70 Sur # 54 - 12 /CLL 70 Sur # 56 - 45,4.5782415900000615,-74.16500349999995
Presidencial 2022,19,LOCALIDAD 19 CIUDAD BOLIVAR,COLEGIO DISTRITAL EL NOGAL,153,91,59.48,Colegio Distrital El Nogal,TRV 54 # 71-09 Sur,4.576447170000051,-74.16459649999996
Presidencial 2022,19,LOCALIDAD 19 CIUDAD BOLIVAR,COLEGIO DISTRITAL GIMNASIO SABIO CALDAS,9512,5922,62.26,,,,
Presidencial 2022,19,LOCALIDAD 19 CIUDAD BOLIVAR,COLEGIO FANNY MIKEY,3277,2287,69.79,Colegio Distrital Fanny Mikey,CRA 18 # 70 A - 05 Sur / CRA 18N # 70 A - 51 Sur,4.549826460000077,-74.15253320999994
Presidencial 2022,19,LOCALIDAD 19 CIUDAD BOLIVAR,CORDILLERA,989,602,60.87,Colegio Distrital José Jaime Rojas,CRA 18 R # 77 - 16 Sur / CLL 77 A # 18 U - 91 Sur,4.539866760000052,-74.14964727999995
Presidencial 2022,19,LOCALIDAD 19 CIUDAD BOLIVAR,DIVINO NIÑO,978,555,56.75,Comedor Comunitario,CLL 78 C Sur # 16 - 29 /CLL 78 C Sur # 16 P - 29,4.537809190000075,-74.13810351999996
Presidencial 2022,19,LOCALIDAD 19 CIUDAD BOLIVAR,EL MIRADOR CIUDAD BOLIVAR,3286,2035,61.93,,,,
Presidencial 2022,19,LOCALIDAD 19 CIUDAD BOLIVAR,EL PARAISO,4008,2287,57.06,Colegio Distrital Paraíso Mirador - Sede B,CRA 27 B # 71 C - 12 Sur,4.552388760000042,-74.15899211999994
Presidencial 2022,19,LOCALIDAD 19 CIUDAD BOLIVAR,EL TESORO,6175,4113,66.61,Colegio Distrital Bicentenario,CLL 81 Sur # 18 M - 02 / CLL 81 Sur # 18 P - 08,4.534972580000044,-74.14944513999995
Presidencial 2022,19,LOCALIDAD 19 CIUDAD BOLIVAR,ESTRELLA DEL SUR,3298,1844,55.91,Colegio Distrital Estrella del Sur - Sede C,CLL 74 A Sur # 18 - 23,4.5430990500000235,-74.14255463999996
Presidencial 2022,19,LOCALIDAD 19 CIUDAD BOLIVAR,GALICIA,10999,6145,55.87,Colegio Distrital Cundinamarca,CLL 60 A Sur # 73 - 31,4.5909999100000505,-74.17067691999995
Presidencial 2022,19,LOCALIDAD 19 CIUDAD BOLIVAR,GRAN PLAZA EL ENSUEÑO,11321,6218,54.92,Centro Comercial Gran Plaza El Ensueño,CRA 51 # 59 C - 93 Sur/ CLL 59 Sur # 51 - 21,4.581217550000076,-74.15675720999997
Presidencial 2022,19,LOCALIDAD 19 CIUDAD BOLIVAR,ICES LAS BRISAS,665,464,69.77,Colegio Cerro del Sur,CLL 81 Sur # 42 - 09,4.56824148000004,-74.17109081999996
Presidencial 2022,19,LOCALIDAD 19 CIUDAD BOLIVAR,ISMAEL PERDOMO,10117,5109,50.5,Colegio Distrital Ismael Perdomo,CLL 64 Sur # 71 F - 18,4.587222700000041,-74.16541519999998
Presidencial 2022,19,LOCALIDAD 19 CIUDAD BOLIVAR,JARDIN INFANTIL CANDELARIA LA NUEVA,1618,949,58.65,Jardín Infantil Candelaria La Nueva,CRA 49 C Bis A  # 68 B - 07 Sur,4.578585150000038,-74.15760079999995
Presidencial 2022,19,LOCALIDAD 19 CIUDAD BOLIVAR,JARDIN INFANTIL LARA BONILLA,1105,657,59.46,Jardín Infantil Lara Bonilla,TRV 49 # 59 C - 15 Sur,4.578444770000033,-74.15479065999995
Presidencial 2022,19,LOCALIDAD 19 CIUDAD BOLIVAR,JERUSALEN (EL TANQUE),5328,2842,53.34,Colegio Distrital Tanque Laguna - Sede B,CLL 75 Sur # 46 B - 16,4.571907090000025,-74.16542992999996
Presidencial 2022,19,LOCALIDAD 19 CIUDAD BOLIVAR,JOSE CELESTINO MUTIS,4531,2728,60.21,Vía pública al costado del Colegio Distrital Rodrigo Lara Bonilla Sede B (José Celesti# Mutis),CRA 29 entre Calles 64 y 64 C Sur,4.568745080000042,-74.14997740999996
Presidencial 2022,19,LOCALIDAD 19 CIUDAD BOLIVAR,JUAN PABLO II,4446,2662,59.87,Colegio Distrital Santa Bárbara,CRA 18 P # 67 C - 21 Sur /CRA 18 Q Bis B # 67 C - 21 Sur,4.555261990000076,-74.14786307999998
Presidencial 2022,19,LOCALIDAD 19 CIUDAD BOLIVAR,LA ACACIA,8629,4660,54.0,Colegio Distrital La Acacia II - Sede A,CLL 62 Sur # 19 B – 42,4.560672140000065,-74.14226651999996
Presidencial 2022,19,LOCALIDAD 19 CIUDAD BOLIVAR,LA CORUÑA - LICEO CONTADORA,1847,1016,55.01,Liceo Contadora,CLL 59 Sur # 45 D - 15 / CLL 59 C Sur # 45 D - 15,4.575745020000056,-74.15352522999996
Presidencial 2022,19,LOCALIDAD 19 CIUDAD BOLIVAR,LA ESTANCIA,9083,5052,55.62,Colegio Distrital La Estancia San Isidro,CLL 59 A Sur # 75 B - 75 CRA 75 # 59 - 45 Sur,4.593077630000039,-74.17636491999997
Presidencial 2022,19,LOCALIDAD 19 CIUDAD BOLIVAR,LAS QUINTAS,2097,1416,67.53,Colegio Distrital Estrella del Sur Sede B,CLL 75 Sur # 18 B - 45,4.542262440000059,-74.14440777999994
Presidencial 2022,19,LOCALIDAD 19 CIUDAD BOLIVAR,LUCERO DEL SUR,6017,3365,55.92,Colegio Distrital León de Greiff,CRA 17 B Bis A # 67 - 30 Sur / CRA 17 B Bis A # 67 - 48 Sur,4.550661160000061,-74.13841959999996
Presidencial 2022,19,LOCALIDAD 19 CIUDAD BOLIVAR,LUCERO MEDIO,2757,1658,60.14,Colegio Distrital El Recuerdo - Sede A,CLL 69 Sur # 18 B - 35,4.549026850000075,-74.14561459999999
Presidencial 2022,19,LOCALIDAD 19 CIUDAD BOLIVAR,MADELENA,7311,3196,43.71,Colegio Distrital El Ensueño,TRV 70 D # 60 - 90 Sur,4.5863692100000435,-74.15838840999999
Presidencial 2022,19,LOCALIDAD 19 CIUDAD BOLIVAR,MANUELA BELTRAN,3550,1868,52.62,Colegio Distrital Paraíso Manuela Beltrán - Sede A,CRA 45 C # 69 D - 15 Sur /CLL 69 D Sur # 45 B - 37 ,4.572565190000034,-74.15747734999997
Presidencial 2022,19,LOCALIDAD 19 CIUDAD BOLIVAR,MARANDU,831,574,69.07,Colegio Distrital Santa Barbara Sur,CRA 18 U # 65 - 01 SUR,4.557569220000062,-74.14606567999994
Presidencial 2022,19,LOCALIDAD 19 CIUDAD BOLIVAR,MEISSEN,4138,2474,59.79,Colegio Distrital Guillermo Ca# Isaza,CRA 16 C # 62 - 35 Sur /CRA 16 C # 62 - 81 Sur ,4.556714750000026,-74.13563345999995
Presidencial 2022,19,LOCALIDAD 19 CIUDAD BOLIVAR,MEXICO,7397,3920,52.99,Colegio Distrital República de México - Sede Principal,CLL 64 Sur # 17 - 50 / CRA 17 # 64 - 14 Sur,4.555005580000056,-74.13659954999997
Presidencial 2022,19,LOCALIDAD 19 CIUDAD BOLIVAR,MOCHUELO ALTO,613,391,63.78,Colegio Distrital Rural Mochuelo Alto,KM 24 Vía a Pasquilla,4.488795610000068,-74.14828890999996
Presidencial 2022,19,LOCALIDAD 19 CIUDAD BOLIVAR,MOCHUELO BAJO,1771,1164,65.73,Colegio Distrital José Celestino Mutis,El Clavel KM 10 Vía Quiba,4.510414230000038,-74.15202863999997
Presidencial 2022,19,LOCALIDAD 19 CIUDAD BOLIVAR,MONTREAL,1133,637,56.22,Colegio Rómulo Gallego Sede B (Villas del Diamante),CRA 17 B # 64 B - 45 Sur,4.553398000000072,-74.13828899999999
Presidencial 2022,19,LOCALIDAD 19 CIUDAD BOLIVAR,NUEVA ARGENTINA,1713,863,50.38,Colegio Distrital Ciudad Bolívar Argentina - Sede B,CLL 72 Sur # 47 B - 09,4.573266180000076,-74.16226332999997
Presidencial 2022,19,LOCALIDAD 19 CIUDAD BOLIVAR,PASQUILLA,696,428,61.49,Colegio Distrital Rural Pasquilla,KM 5 Vía Olarte,4.448451590000047,-74.15583651999998
Presidencial 2022,19,LOCALIDAD 19 CIUDAD BOLIVAR,POLIDEPORTIVO LA ESTANCIA,3385,2035,60.12,Polideportivo La Estancia,CLL 59 Sur # 74 - 19 / CLL 59 Sur # 74C - 06,4.592812710000032,-74.17372989999996
Presidencial 2022,19,LOCALIDAD 19 CIUDAD BOLIVAR,POTOSI (LA LAGUNA),2998,1715,57.2,Colegio Distrital Sierra Morena -  Sede C (Divino Niño),TRV 46 A # 79 D - 15 Sur,4.570871200000056,-74.16954199999998
Presidencial 2022,19,LOCALIDAD 19 CIUDAD BOLIVAR,ROGELIO SALMONA,5137,2328,45.32,Colegio Distrital Rogelio Salmona,CLL 59 Sur # 65 - 42,4.587342730000046,-74.15492847999997
Presidencial 2022,19,LOCALIDAD 19 CIUDAD BOLIVAR,SALON COMUNAL LA ESTANCIA,2488,1355,54.46,Salón Comunal La Estancia,CLL 59 # 74 G 55 Sur,4.593038370000045,-74.17478401999995
Presidencial 2022,19,LOCALIDAD 19 CIUDAD BOLIVAR,SALON COMUNAL LAS HUERTAS,558,342,61.29,Salón Comunal Las Huertas,CRA 75K # 62 D - 42 / CRA 75K # 62 D - 48 Sur,4.589130080000075,-74.17799173999998
Presidencial 2022,19,LOCALIDAD 19 CIUDAD BOLIVAR,SALON COMUNAL LOS SAUCES,543,317,58.38,Salón Comunal Los Sauces,CRA 19 F # 68 F 34 Sur,4.5600979100000245,-74.15083911999994
Presidencial 2022,19,LOCALIDAD 19 CIUDAD BOLIVAR,SALON COMUNAL SAN  FRANCISCO I SECTOR,1098,673,61.29,,,,
Presidencial 2022,19,LOCALIDAD 19 CIUDAD BOLIVAR,SALON COMUNAL SIERRA MORENA I,1439,932,64.77,Salón Comunal Sierra Morena I,CRA 73 D # 69 B - 04 Sur,4.581285370000046,-74.16745588999999
Presidencial 2022,19,LOCALIDAD 19 CIUDAD BOLIVAR,SAN FRANCISCO,10513,5455,51.89,Colegio Distrital Nicolas Gómez Dávila,CLL 67 Sur # 20 D - 20,4.563622940000073,-74.14905784999996
Presidencial 2022,19,LOCALIDAD 19 CIUDAD BOLIVAR,SAN FRANCISCO SEDE A,9120,5499,60.3,Colegio Distrital San Francisco Sede A,CRA 22 # 64 - 29 Sur,4.566305000000057,-74.14712699999995
Presidencial 2022,19,LOCALIDAD 19 CIUDAD BOLIVAR,SAN FRANCISCO SEDE B,2807,1711,60.95,Colegio Distrital San Francisco Sede B,CRA 20 C # 67 - 00 Sur / CLL 67 Sur # 20 A - 51 ,4.562514260000057,-74.14975262999997
Presidencial 2022,19,LOCALIDAD 19 CIUDAD BOLIVAR,SAN JOAQUIN DEL VATICANO,4939,2976,60.26,Colegio Distrital Don Bosco La Joya Sede A,CLL 80 A Sur # 18 C - 70,4.537077280000062,-74.14493207999993
Presidencial 2022,19,LOCALIDAD 19 CIUDAD BOLIVAR,SANTA ROSA,75,46,61.33,Vereda Santa Rosa,Vereda Santa Rosa Zona Rural Ciudad Bolívar Vía Pasquilla,4.397168160000035,-74.16104311999999
Presidencial 2022,19,LOCALIDAD 19 CIUDAD BOLIVAR,SANTO DOMINGO,4055,2266,55.88,Colegio Distrital Sierra Morena -  Sede B,CLL 62 B Sur # 77 C - 11 / CLL 68 B Sur # 77 A - 07 ,4.5788444400000685,-74.17893963999995
Presidencial 2022,19,LOCALIDAD 19 CIUDAD BOLIVAR,SIERRA MORENA,7949,4651,58.51,Colegio Distrital CEDIT Ciudad Bolívar,CLL 70 Sur # 56 - 11,4.577678520000063,-74.16562389999996
Presidencial 2022,19,LOCALIDAD 19 CIUDAD BOLIVAR,SOTAVENTO,7593,4282,56.39,Colegio Distrital Antonio García,CRA 17 F # 73 A - 31 Sur,4.544400310000071,-74.13939966999999
Presidencial 2022,19,LOCALIDAD 19 CIUDAD BOLIVAR,TANQUE-SIERRA MORENA,2369,1574,66.44,,,,
Presidencial 2022,19,LOCALIDAD 19 CIUDAD BOLIVAR,UNION EUROPEA,1608,1004,62.44,Colegio Distrital Unión Europea Sede A,CRA 18 M # 63 D - 09 Sur / CRA 18 M # 63 D -15 Sur,4.555916850000074,-74.14190997999998
Presidencial 2022,19,LOCALIDAD 19 CIUDAD BOLIVAR,UNIVERSIDAD MINUTO DE DIOS SEDE SUR,1539,795,51.66,Universidad Minuto de Dios Sede Sur,CRA 72 # 57 R - 49 Sur / CRA 72 # 57 R - 41 Sur,4.593563190000054,-74.16738175999996
Presidencial 2022,19,LOCALIDAD 19 CIUDAD BOLIVAR,VEREDA QUIBA,874,447,51.14,Colegio Distrital Quiba Alta San Martín - Sede B,Kilómetro 20 Vía a Quiba,4.528303820000076,-74.16620634999998
Presidencial 2022,19,LOCALIDAD 19 CIUDAD BOLIVAR,VILLA GLORIA SUR,1521,893,58.71,Colegio Distrital Villa Mar - Sede A,CRA 18 M # 69 J - 25 Sur,4.553459470000064,-74.15275059999993
Presidencial 2022,19,LOCALIDAD 19 CIUDAD BOLIVAR,VISTAHERMOSA,7426,4272,57.53,Colegio Distrital Rafaél Uribe Uribe,DIAG 71 B Sur # 18 I - 20,4.547101880000071,-74.14905681999994
Presidencial 2022,20,LOCALIDAD 20 SUMAPAZ,BETANIA,334,134,40.12,Salón Comunal de Betania,Centro Poblado Corregimiento de Betania,4.217895300000066,-74.14625837999995
Presidencial 2022,20,LOCALIDAD 20 SUMAPAZ,LA UNION,318,308,96.86,Salón Comunal La Unión,Centro Poblado Corregimiento de La Unión,3.9857414700000504,-74.36349308999996
Presidencial 2022,20,LOCALIDAD 20 SUMAPAZ,LA Y SANTA ROSA,271,182,67.16,,,,
Presidencial 2022,20,LOCALIDAD 20 SUMAPAZ,NAZARETH,477,268,56.18,Salón Comunal Nazareth,Centro Poblado Corregimiento de Nazareth,4.172630290000029,-74.14727384999998
Presidencial 2022,20,LOCALIDAD 20 SUMAPAZ,NUEVA GRANADA SUMAPAZ,209,204,97.61,,,,
Presidencial 2022,20,LOCALIDAD 20 SUMAPAZ,SAN JUAN DE SUMAPAZ,586,568,96.93,Salón Comunal Mario Upegui,Centro Poblado Corregimiento de San Juan de Sumapaz,4.028746790000071,-74.31516925999995
Presidencial 2022,90,NACIONAL,PUESTO CENSO(FERIA EXPOSICION),43844,16924,38.6,,,,
Presidencial 2022,98,NACIONAL,CARCEL DISTRITAL,152,90,59.21,Localidad San Cristobal,CRA 8 # 1 C - 50 Sur,4.585861950000037,-74.08526106999994
Presidencial 2022,98,NACIONAL,CARCEL DISTRITAL JUDICIAL MODELO,123,63,51.22,Localidad Puente Aranda,CRA 56 # 18 A - 47,4.635384710000039,-74.10724118999997
Presidencial 2022,98,NACIONAL,PENITENCIARIA LA PICOTA,218,133,61.01,Localidad Rafaél Uribe Uribe,Vía Usme KM 5 / CLL 51 Sur # 5F - 50,4.5491645200000335,-74.11642879999994
Presidencial 2022,98,NACIONAL,RECLUSION DE MUJERES EL BUEN PASTOR,52,29,55.77,Localidad Barrios Unidos,CRA 58 # 80 - 95,4.682627640000021,-74.07286631999995
